ts,coin,label,mid_price
2026-07-09T19:39:54.575646+00:00,#7610,France,0.77475
2026-07-09T19:39:54.575646+00:00,#7611,Morocco,0.22525
2026-07-09T19:39:54.575646+00:00,#1890,france_champion_yes,0.32307
2026-07-09T19:39:54.575646+00:00,#1891,france_champion_no,0.67693
2026-07-09T19:39:54.575646+00:00,#1990,morocco_champion_yes,0.031825
2026-07-09T19:39:54.575646+00:00,#1991,morocco_champion_no,0.968175
2026-07-09T19:40:03.148938+00:00,#7610,France,0.774765
2026-07-09T19:40:03.148938+00:00,#7611,Morocco,0.225235
2026-07-09T19:40:03.148938+00:00,#1890,france_champion_yes,0.32307
2026-07-09T19:40:03.148938+00:00,#1891,france_champion_no,0.67693
2026-07-09T19:40:03.148938+00:00,#1990,morocco_champion_yes,0.031825
2026-07-09T19:40:03.148938+00:00,#1991,morocco_champion_no,0.968175
2026-07-09T19:40:08.665728+00:00,#7610,France,0.774765
2026-07-09T19:40:08.665728+00:00,#7611,Morocco,0.225235
2026-07-09T19:40:08.665728+00:00,#1890,france_champion_yes,0.32307
2026-07-09T19:40:08.665728+00:00,#1891,france_champion_no,0.67693
2026-07-09T19:40:08.665728+00:00,#1990,morocco_champion_yes,0.031825
2026-07-09T19:40:08.665728+00:00,#1991,morocco_champion_no,0.968175
2026-07-09T19:40:11.473240+00:00,#7610,France,0.77475
2026-07-09T19:40:11.473240+00:00,#7611,Morocco,0.22525
2026-07-09T19:40:11.473240+00:00,#1890,france_champion_yes,0.32307
2026-07-09T19:40:11.473240+00:00,#1891,france_champion_no,0.67693
2026-07-09T19:40:11.473240+00:00,#1990,morocco_champion_yes,0.031825
2026-07-09T19:40:11.473240+00:00,#1991,morocco_champion_no,0.968175
2026-07-09T19:40:13.401358+00:00,#7610,France,0.77475
2026-07-09T19:40:13.401358+00:00,#7611,Morocco,0.22525
2026-07-09T19:40:13.401358+00:00,#1890,france_champion_yes,0.32307
2026-07-09T19:40:13.401358+00:00,#1891,france_champion_no,0.67693
2026-07-09T19:40:13.401358+00:00,#1990,morocco_champion_yes,0.031825
2026-07-09T19:40:13.401358+00:00,#1991,morocco_champion_no,0.968175
2026-07-09T19:40:18.423608+00:00,#7610,France,0.77475
2026-07-09T19:40:18.423608+00:00,#7611,Morocco,0.22525
2026-07-09T19:40:18.423608+00:00,#1890,france_champion_yes,0.32307
2026-07-09T19:40:18.423608+00:00,#1891,france_champion_no,0.67693
2026-07-09T19:40:18.423608+00:00,#1990,morocco_champion_yes,0.031825
2026-07-09T19:40:18.423608+00:00,#1991,morocco_champion_no,0.968175
2026-07-09T19:40:23.582262+00:00,#7610,France,0.77475
2026-07-09T19:40:23.582262+00:00,#7611,Morocco,0.22525
2026-07-09T19:40:23.582262+00:00,#1890,france_champion_yes,0.32307
2026-07-09T19:40:23.582262+00:00,#1891,france_champion_no,0.67693
2026-07-09T19:40:23.582262+00:00,#1990,morocco_champion_yes,0.031825
2026-07-09T19:40:23.582262+00:00,#1991,morocco_champion_no,0.968175
2026-07-09T19:40:28.400950+00:00,#7610,France,0.77475
2026-07-09T19:40:28.400950+00:00,#7611,Morocco,0.22525
2026-07-09T19:40:28.400950+00:00,#1890,france_champion_yes,0.32307
2026-07-09T19:40:28.400950+00:00,#1891,france_champion_no,0.67693
2026-07-09T19:40:28.400950+00:00,#1990,morocco_champion_yes,0.031825
2026-07-09T19:40:28.400950+00:00,#1991,morocco_champion_no,0.968175
2026-07-09T19:40:30.300601+00:00,#7610,France,0.77475
2026-07-09T19:40:30.300601+00:00,#7611,Morocco,0.22525
2026-07-09T19:40:30.300601+00:00,#1890,france_champion_yes,0.32307
2026-07-09T19:40:30.300601+00:00,#1891,france_champion_no,0.67693
2026-07-09T19:40:30.300601+00:00,#1990,morocco_champion_yes,0.031825
2026-07-09T19:40:30.300601+00:00,#1991,morocco_champion_no,0.968175
2026-07-09T19:40:33.498875+00:00,#7610,France,0.774745
2026-07-09T19:40:33.498875+00:00,#7611,Morocco,0.225255
2026-07-09T19:40:33.498875+00:00,#1890,france_champion_yes,0.32307
2026-07-09T19:40:33.498875+00:00,#1891,france_champion_no,0.67693
2026-07-09T19:40:33.498875+00:00,#1990,morocco_champion_yes,0.031825
2026-07-09T19:40:33.498875+00:00,#1991,morocco_champion_no,0.968175
2026-07-09T19:40:38.738218+00:00,#7610,France,0.774805
2026-07-09T19:40:38.738218+00:00,#7611,Morocco,0.225195
2026-07-09T19:40:38.738218+00:00,#1890,france_champion_yes,0.32307
2026-07-09T19:40:38.738218+00:00,#1891,france_champion_no,0.67693
2026-07-09T19:40:38.738218+00:00,#1990,morocco_champion_yes,0.031825
2026-07-09T19:40:38.738218+00:00,#1991,morocco_champion_no,0.968175
2026-07-09T19:40:43.551649+00:00,#7610,France,0.77475
2026-07-09T19:40:43.551649+00:00,#7611,Morocco,0.22525
2026-07-09T19:40:43.551649+00:00,#1890,france_champion_yes,0.32307
2026-07-09T19:40:43.551649+00:00,#1891,france_champion_no,0.67693
2026-07-09T19:40:43.551649+00:00,#1990,morocco_champion_yes,0.031825
2026-07-09T19:40:43.551649+00:00,#1991,morocco_champion_no,0.968175
2026-07-09T19:40:45.301290+00:00,#7610,France,0.77475
2026-07-09T19:40:45.301290+00:00,#7611,Morocco,0.22525
2026-07-09T19:40:45.301290+00:00,#1890,france_champion_yes,0.32307
2026-07-09T19:40:45.301290+00:00,#1891,france_champion_no,0.67693
2026-07-09T19:40:45.301290+00:00,#1990,morocco_champion_yes,0.031825
2026-07-09T19:40:45.301290+00:00,#1991,morocco_champion_no,0.968175
2026-07-09T19:40:48.599803+00:00,#7610,France,0.775345
2026-07-09T19:40:48.599803+00:00,#7611,Morocco,0.224655
2026-07-09T19:40:48.599803+00:00,#1890,france_champion_yes,0.32307
2026-07-09T19:40:48.599803+00:00,#1891,france_champion_no,0.67693
2026-07-09T19:40:48.599803+00:00,#1990,morocco_champion_yes,0.031825
2026-07-09T19:40:48.599803+00:00,#1991,morocco_champion_no,0.968175
2026-07-09T19:40:53.858316+00:00,#7610,France,0.774735
2026-07-09T19:40:53.858316+00:00,#7611,Morocco,0.225265
2026-07-09T19:40:53.858316+00:00,#1890,france_champion_yes,0.32307
2026-07-09T19:40:53.858316+00:00,#1891,france_champion_no,0.67693
2026-07-09T19:40:53.858316+00:00,#1990,morocco_champion_yes,0.031825
2026-07-09T19:40:53.858316+00:00,#1991,morocco_champion_no,0.968175
2026-07-09T19:41:00.453078+00:00,#7610,France,0.774765
2026-07-09T19:41:00.453078+00:00,#7611,Morocco,0.225235
2026-07-09T19:41:00.453078+00:00,#1890,france_champion_yes,0.32307
2026-07-09T19:41:00.453078+00:00,#1891,france_champion_no,0.67693
2026-07-09T19:41:00.453078+00:00,#1990,morocco_champion_yes,0.031825
2026-07-09T19:41:00.453078+00:00,#1991,morocco_champion_no,0.968175
2026-07-09T19:41:02.221986+00:00,#7610,France,0.774765
2026-07-09T19:41:02.221986+00:00,#7611,Morocco,0.225235
2026-07-09T19:41:02.221986+00:00,#1890,france_champion_yes,0.32307
2026-07-09T19:41:02.221986+00:00,#1891,france_champion_no,0.67693
2026-07-09T19:41:02.221986+00:00,#1990,morocco_champion_yes,0.031825
2026-07-09T19:41:02.221986+00:00,#1991,morocco_champion_no,0.968175
2026-07-09T19:41:04.291815+00:00,#7610,France,0.774765
2026-07-09T19:41:04.291815+00:00,#7611,Morocco,0.225235
2026-07-09T19:41:04.291815+00:00,#1890,france_champion_yes,0.32307
2026-07-09T19:41:04.291815+00:00,#1891,france_champion_no,0.67693
2026-07-09T19:41:04.291815+00:00,#1990,morocco_champion_yes,0.031825
2026-07-09T19:41:04.291815+00:00,#1991,morocco_champion_no,0.968175
2026-07-09T19:41:08.983162+00:00,#7610,France,0.774835
2026-07-09T19:41:08.983162+00:00,#7611,Morocco,0.225165
2026-07-09T19:41:08.983162+00:00,#1890,france_champion_yes,0.32307
2026-07-09T19:41:08.983162+00:00,#1891,france_champion_no,0.67693
2026-07-09T19:41:08.983162+00:00,#1990,morocco_champion_yes,0.031825
2026-07-09T19:41:08.983162+00:00,#1991,morocco_champion_no,0.968175
2026-07-09T19:41:13.712183+00:00,#7610,France,0.774785
2026-07-09T19:41:13.712183+00:00,#7611,Morocco,0.225215
2026-07-09T19:41:13.712183+00:00,#1890,france_champion_yes,0.32307
2026-07-09T19:41:13.712183+00:00,#1891,france_champion_no,0.67693
2026-07-09T19:41:13.712183+00:00,#1990,morocco_champion_yes,0.031825
2026-07-09T19:41:13.712183+00:00,#1991,morocco_champion_no,0.968175
2026-07-09T19:41:18.852496+00:00,#7610,France,0.774775
2026-07-09T19:41:18.852496+00:00,#7611,Morocco,0.225225
2026-07-09T19:41:18.852496+00:00,#1890,france_champion_yes,0.32307
2026-07-09T19:41:18.852496+00:00,#1891,france_champion_no,0.67693
2026-07-09T19:41:18.852496+00:00,#1990,morocco_champion_yes,0.031825
2026-07-09T19:41:18.852496+00:00,#1991,morocco_champion_no,0.968175
2026-07-09T19:41:19.291582+00:00,#7610,France,0.774775
2026-07-09T19:41:19.291582+00:00,#7611,Morocco,0.225225
2026-07-09T19:41:19.291582+00:00,#1890,france_champion_yes,0.32307
2026-07-09T19:41:19.291582+00:00,#1891,france_champion_no,0.67693
2026-07-09T19:41:19.291582+00:00,#1990,morocco_champion_yes,0.031825
2026-07-09T19:41:19.291582+00:00,#1991,morocco_champion_no,0.968175
2026-07-09T19:41:24.088332+00:00,#7610,France,0.774785
2026-07-09T19:41:24.088332+00:00,#7611,Morocco,0.225215
2026-07-09T19:41:24.088332+00:00,#1890,france_champion_yes,0.32307
2026-07-09T19:41:24.088332+00:00,#1891,france_champion_no,0.67693
2026-07-09T19:41:24.088332+00:00,#1990,morocco_champion_yes,0.031825
2026-07-09T19:41:24.088332+00:00,#1991,morocco_champion_no,0.968175
2026-07-09T19:41:28.846882+00:00,#7610,France,0.774765
2026-07-09T19:41:28.846882+00:00,#7611,Morocco,0.225235
2026-07-09T19:41:28.846882+00:00,#1890,france_champion_yes,0.32307
2026-07-09T19:41:28.846882+00:00,#1891,france_champion_no,0.67693
2026-07-09T19:41:28.846882+00:00,#1990,morocco_champion_yes,0.031825
2026-07-09T19:41:28.846882+00:00,#1991,morocco_champion_no,0.968175
2026-07-09T19:41:33.990187+00:00,#7610,France,0.774775
2026-07-09T19:41:33.990187+00:00,#7611,Morocco,0.225225
2026-07-09T19:41:33.990187+00:00,#1890,france_champion_yes,0.32307
2026-07-09T19:41:33.990187+00:00,#1891,france_champion_no,0.67693
2026-07-09T19:41:33.990187+00:00,#1990,morocco_champion_yes,0.031825
2026-07-09T19:41:33.990187+00:00,#1991,morocco_champion_no,0.968175
2026-07-09T19:41:36.207728+00:00,#7610,France,0.774775
2026-07-09T19:41:36.207728+00:00,#7611,Morocco,0.225225
2026-07-09T19:41:36.207728+00:00,#1890,france_champion_yes,0.32307
2026-07-09T19:41:36.207728+00:00,#1891,france_champion_no,0.67693
2026-07-09T19:41:36.207728+00:00,#1990,morocco_champion_yes,0.031825
2026-07-09T19:41:36.207728+00:00,#1991,morocco_champion_no,0.968175
2026-07-09T19:41:39.404043+00:00,#7610,France,0.774775
2026-07-09T19:41:39.404043+00:00,#7611,Morocco,0.225225
2026-07-09T19:41:39.404043+00:00,#1890,france_champion_yes,0.32307
2026-07-09T19:41:39.404043+00:00,#1891,france_champion_no,0.67693
2026-07-09T19:41:39.404043+00:00,#1990,morocco_champion_yes,0.031825
2026-07-09T19:41:39.404043+00:00,#1991,morocco_champion_no,0.968175
2026-07-09T19:41:44.017385+00:00,#7610,France,0.774775
2026-07-09T19:41:44.017385+00:00,#7611,Morocco,0.225225
2026-07-09T19:41:44.017385+00:00,#1890,france_champion_yes,0.32307
2026-07-09T19:41:44.017385+00:00,#1891,france_champion_no,0.67693
2026-07-09T19:41:44.017385+00:00,#1990,morocco_champion_yes,0.031825
2026-07-09T19:41:44.017385+00:00,#1991,morocco_champion_no,0.968175
2026-07-09T19:41:49.006335+00:00,#7610,France,0.774775
2026-07-09T19:41:49.006335+00:00,#7611,Morocco,0.225225
2026-07-09T19:41:49.006335+00:00,#1890,france_champion_yes,0.32307
2026-07-09T19:41:49.006335+00:00,#1891,france_champion_no,0.67693
2026-07-09T19:41:49.006335+00:00,#1990,morocco_champion_yes,0.031825
2026-07-09T19:41:49.006335+00:00,#1991,morocco_champion_no,0.968175
2026-07-09T19:41:52.885740+00:00,#7610,France,0.774775
2026-07-09T19:41:52.885740+00:00,#7611,Morocco,0.225225
2026-07-09T19:41:52.885740+00:00,#1890,france_champion_yes,0.32307
2026-07-09T19:41:52.885740+00:00,#1891,france_champion_no,0.67693
2026-07-09T19:41:52.885740+00:00,#1990,morocco_champion_yes,0.031825
2026-07-09T19:41:52.885740+00:00,#1991,morocco_champion_no,0.968175
2026-07-09T19:41:55.006515+00:00,#7610,France,0.774775
2026-07-09T19:41:55.006515+00:00,#7611,Morocco,0.225225
2026-07-09T19:41:55.006515+00:00,#1890,france_champion_yes,0.32307
2026-07-09T19:41:55.006515+00:00,#1891,france_champion_no,0.67693
2026-07-09T19:41:55.006515+00:00,#1990,morocco_champion_yes,0.031825
2026-07-09T19:41:55.006515+00:00,#1991,morocco_champion_no,0.968175
2026-07-09T19:41:59.079099+00:00,#7610,France,0.774775
2026-07-09T19:41:59.079099+00:00,#7611,Morocco,0.225225
2026-07-09T19:41:59.079099+00:00,#1890,france_champion_yes,0.32307
2026-07-09T19:41:59.079099+00:00,#1891,france_champion_no,0.67693
2026-07-09T19:41:59.079099+00:00,#1990,morocco_champion_yes,0.031915
2026-07-09T19:41:59.079099+00:00,#1991,morocco_champion_no,0.968085
2026-07-09T19:42:04.162525+00:00,#7610,France,0.77481
2026-07-09T19:42:04.162525+00:00,#7611,Morocco,0.22519
2026-07-09T19:42:04.162525+00:00,#1890,france_champion_yes,0.32307
2026-07-09T19:42:04.162525+00:00,#1891,france_champion_no,0.67693
2026-07-09T19:42:04.162525+00:00,#1990,morocco_champion_yes,0.031915
2026-07-09T19:42:04.162525+00:00,#1991,morocco_champion_no,0.968085
2026-07-09T19:42:09.516841+00:00,#7610,France,0.77484
2026-07-09T19:42:09.516841+00:00,#7611,Morocco,0.22516
2026-07-09T19:42:09.516841+00:00,#1890,france_champion_yes,0.32307
2026-07-09T19:42:09.516841+00:00,#1891,france_champion_no,0.67693
2026-07-09T19:42:09.516841+00:00,#1990,morocco_champion_yes,0.031915
2026-07-09T19:42:09.516841+00:00,#1991,morocco_champion_no,0.968085
2026-07-09T19:42:10.006493+00:00,#7610,France,0.77484
2026-07-09T19:42:10.006493+00:00,#7611,Morocco,0.22516
2026-07-09T19:42:10.006493+00:00,#1890,france_champion_yes,0.32307
2026-07-09T19:42:10.006493+00:00,#1891,france_champion_no,0.67693
2026-07-09T19:42:10.006493+00:00,#1990,morocco_champion_yes,0.031915
2026-07-09T19:42:10.006493+00:00,#1991,morocco_champion_no,0.968085
2026-07-09T19:42:14.196576+00:00,#7610,France,0.77484
2026-07-09T19:42:14.196576+00:00,#7611,Morocco,0.22516
2026-07-09T19:42:14.196576+00:00,#1890,france_champion_yes,0.32307
2026-07-09T19:42:14.196576+00:00,#1891,france_champion_no,0.67693
2026-07-09T19:42:14.196576+00:00,#1990,morocco_champion_yes,0.031915
2026-07-09T19:42:14.196576+00:00,#1991,morocco_champion_no,0.968085
2026-07-09T19:42:19.276506+00:00,#7610,France,0.77484
2026-07-09T19:42:19.276506+00:00,#7611,Morocco,0.22516
2026-07-09T19:42:19.276506+00:00,#1890,france_champion_yes,0.32307
2026-07-09T19:42:19.276506+00:00,#1891,france_champion_no,0.67693
2026-07-09T19:42:19.276506+00:00,#1990,morocco_champion_yes,0.031915
2026-07-09T19:42:19.276506+00:00,#1991,morocco_champion_no,0.968085
2026-07-09T19:42:24.519973+00:00,#7610,France,0.77481
2026-07-09T19:42:24.519973+00:00,#7611,Morocco,0.22519
2026-07-09T19:42:24.519973+00:00,#1890,france_champion_yes,0.32307
2026-07-09T19:42:24.519973+00:00,#1891,france_champion_no,0.67693
2026-07-09T19:42:24.519973+00:00,#1990,morocco_champion_yes,0.031915
2026-07-09T19:42:24.519973+00:00,#1991,morocco_champion_no,0.968085
2026-07-09T19:42:26.772862+00:00,#7610,France,0.77539
2026-07-09T19:42:26.772862+00:00,#7611,Morocco,0.22461
2026-07-09T19:42:26.772862+00:00,#1890,france_champion_yes,0.32307
2026-07-09T19:42:26.772862+00:00,#1891,france_champion_no,0.67693
2026-07-09T19:42:26.772862+00:00,#1990,morocco_champion_yes,0.031915
2026-07-09T19:42:26.772862+00:00,#1991,morocco_champion_no,0.968085
2026-07-09T19:42:29.313766+00:00,#7610,France,0.77539
2026-07-09T19:42:29.313766+00:00,#7611,Morocco,0.22461
2026-07-09T19:42:29.313766+00:00,#1890,france_champion_yes,0.32307
2026-07-09T19:42:29.313766+00:00,#1891,france_champion_no,0.67693
2026-07-09T19:42:29.313766+00:00,#1990,morocco_champion_yes,0.031915
2026-07-09T19:42:29.313766+00:00,#1991,morocco_champion_no,0.968085
2026-07-09T19:42:34.367710+00:00,#7610,France,0.775145
2026-07-09T19:42:34.367710+00:00,#7611,Morocco,0.224855
2026-07-09T19:42:34.367710+00:00,#1890,france_champion_yes,0.32307
2026-07-09T19:42:34.367710+00:00,#1891,france_champion_no,0.67693
2026-07-09T19:42:34.367710+00:00,#1990,morocco_champion_yes,0.031915
2026-07-09T19:42:34.367710+00:00,#1991,morocco_champion_no,0.968085
2026-07-09T19:42:39.689521+00:00,#7610,France,0.775205
2026-07-09T19:42:39.689521+00:00,#7611,Morocco,0.224795
2026-07-09T19:42:39.689521+00:00,#1890,france_champion_yes,0.32307
2026-07-09T19:42:39.689521+00:00,#1891,france_champion_no,0.67693
2026-07-09T19:42:39.689521+00:00,#1990,morocco_champion_yes,0.031915
2026-07-09T19:42:39.689521+00:00,#1991,morocco_champion_no,0.968085
2026-07-09T19:42:43.690050+00:00,#7610,France,0.7752
2026-07-09T19:42:43.690050+00:00,#7611,Morocco,0.2248
2026-07-09T19:42:43.690050+00:00,#1890,france_champion_yes,0.32307
2026-07-09T19:42:43.690050+00:00,#1891,france_champion_no,0.67693
2026-07-09T19:42:43.690050+00:00,#1990,morocco_champion_yes,0.031915
2026-07-09T19:42:43.690050+00:00,#1991,morocco_champion_no,0.968085
2026-07-09T19:42:45.951803+00:00,#7610,France,0.7752
2026-07-09T19:42:45.951803+00:00,#7611,Morocco,0.2248
2026-07-09T19:42:45.951803+00:00,#1890,france_champion_yes,0.32307
2026-07-09T19:42:45.951803+00:00,#1891,france_champion_no,0.67693
2026-07-09T19:42:45.951803+00:00,#1990,morocco_champion_yes,0.031915
2026-07-09T19:42:45.951803+00:00,#1991,morocco_champion_no,0.968085
2026-07-09T19:42:49.509673+00:00,#7610,France,0.775195
2026-07-09T19:42:49.509673+00:00,#7611,Morocco,0.224805
2026-07-09T19:42:49.509673+00:00,#1890,france_champion_yes,0.32307
2026-07-09T19:42:49.509673+00:00,#1891,france_champion_no,0.67693
2026-07-09T19:42:49.509673+00:00,#1990,morocco_champion_yes,0.031915
2026-07-09T19:42:49.509673+00:00,#1991,morocco_champion_no,0.968085
2026-07-09T19:42:54.712441+00:00,#7610,France,0.775165
2026-07-09T19:42:54.712441+00:00,#7611,Morocco,0.224835
2026-07-09T19:42:54.712441+00:00,#1890,france_champion_yes,0.32307
2026-07-09T19:42:54.712441+00:00,#1891,france_champion_no,0.67693
2026-07-09T19:42:54.712441+00:00,#1990,morocco_champion_yes,0.031915
2026-07-09T19:42:54.712441+00:00,#1991,morocco_champion_no,0.968085
2026-07-09T19:42:59.560777+00:00,#7610,France,0.7751
2026-07-09T19:42:59.560777+00:00,#7611,Morocco,0.2249
2026-07-09T19:42:59.560777+00:00,#1890,france_champion_yes,0.32307
2026-07-09T19:42:59.560777+00:00,#1891,france_champion_no,0.67693
2026-07-09T19:42:59.560777+00:00,#1990,morocco_champion_yes,0.031915
2026-07-09T19:42:59.560777+00:00,#1991,morocco_champion_no,0.968085
2026-07-09T19:43:00.952279+00:00,#7610,France,0.7751
2026-07-09T19:43:00.952279+00:00,#7611,Morocco,0.2249
2026-07-09T19:43:00.952279+00:00,#1890,france_champion_yes,0.32307
2026-07-09T19:43:00.952279+00:00,#1891,france_champion_no,0.67693
2026-07-09T19:43:00.952279+00:00,#1990,morocco_champion_yes,0.031915
2026-07-09T19:43:00.952279+00:00,#1991,morocco_champion_no,0.968085
2026-07-09T19:43:05.320580+00:00,#7610,France,0.77515
2026-07-09T19:43:05.320580+00:00,#7611,Morocco,0.22485
2026-07-09T19:43:05.320580+00:00,#1890,france_champion_yes,0.32307
2026-07-09T19:43:05.320580+00:00,#1891,france_champion_no,0.67693
2026-07-09T19:43:05.320580+00:00,#1990,morocco_champion_yes,0.031915
2026-07-09T19:43:05.320580+00:00,#1991,morocco_champion_no,0.968085
2026-07-09T19:43:09.851542+00:00,#7610,France,0.77515
2026-07-09T19:43:09.851542+00:00,#7611,Morocco,0.22485
2026-07-09T19:43:09.851542+00:00,#1890,france_champion_yes,0.32307
2026-07-09T19:43:09.851542+00:00,#1891,france_champion_no,0.67693
2026-07-09T19:43:09.851542+00:00,#1990,morocco_champion_yes,0.031915
2026-07-09T19:43:09.851542+00:00,#1991,morocco_champion_no,0.968085
2026-07-09T19:43:14.606839+00:00,#7610,France,0.77508
2026-07-09T19:43:14.606839+00:00,#7611,Morocco,0.22492
2026-07-09T19:43:14.606839+00:00,#1890,france_champion_yes,0.32307
2026-07-09T19:43:14.606839+00:00,#1891,france_champion_no,0.67693
2026-07-09T19:43:14.606839+00:00,#1990,morocco_champion_yes,0.031915
2026-07-09T19:43:14.606839+00:00,#1991,morocco_champion_no,0.968085
2026-07-09T19:43:18.305201+00:00,#7610,France,0.77515
2026-07-09T19:43:18.305201+00:00,#7611,Morocco,0.22485
2026-07-09T19:43:18.305201+00:00,#1890,france_champion_yes,0.32307
2026-07-09T19:43:18.305201+00:00,#1891,france_champion_no,0.67693
2026-07-09T19:43:18.305201+00:00,#1990,morocco_champion_yes,0.031915
2026-07-09T19:43:18.305201+00:00,#1991,morocco_champion_no,0.968085
2026-07-09T19:43:20.238609+00:00,#7610,France,0.77515
2026-07-09T19:43:20.238609+00:00,#7611,Morocco,0.22485
2026-07-09T19:43:20.238609+00:00,#1890,france_champion_yes,0.32307
2026-07-09T19:43:20.238609+00:00,#1891,france_champion_no,0.67693
2026-07-09T19:43:20.238609+00:00,#1990,morocco_champion_yes,0.031915
2026-07-09T19:43:20.238609+00:00,#1991,morocco_champion_no,0.968085
2026-07-09T19:43:24.964738+00:00,#7610,France,0.77508
2026-07-09T19:43:24.964738+00:00,#7611,Morocco,0.22492
2026-07-09T19:43:24.964738+00:00,#1890,france_champion_yes,0.32307
2026-07-09T19:43:24.964738+00:00,#1891,france_champion_no,0.67693
2026-07-09T19:43:24.964738+00:00,#1990,morocco_champion_yes,0.031915
2026-07-09T19:43:24.964738+00:00,#1991,morocco_champion_no,0.968085
2026-07-09T19:43:29.722913+00:00,#7610,France,0.775055
2026-07-09T19:43:29.722913+00:00,#7611,Morocco,0.224945
2026-07-09T19:43:29.722913+00:00,#1890,france_champion_yes,0.32307
2026-07-09T19:43:29.722913+00:00,#1891,france_champion_no,0.67693
2026-07-09T19:43:29.722913+00:00,#1990,morocco_champion_yes,0.031915
2026-07-09T19:43:29.722913+00:00,#1991,morocco_champion_no,0.968085
2026-07-09T19:43:34.861775+00:00,#7610,France,0.77504
2026-07-09T19:43:34.861775+00:00,#7611,Morocco,0.22496
2026-07-09T19:43:34.861775+00:00,#1890,france_champion_yes,0.32307
2026-07-09T19:43:34.861775+00:00,#1891,france_champion_no,0.67693
2026-07-09T19:43:34.861775+00:00,#1990,morocco_champion_yes,0.031915
2026-07-09T19:43:34.861775+00:00,#1991,morocco_champion_no,0.968085
2026-07-09T19:43:35.238277+00:00,#7610,France,0.77504
2026-07-09T19:43:35.238277+00:00,#7611,Morocco,0.22496
2026-07-09T19:43:35.238277+00:00,#1890,france_champion_yes,0.32307
2026-07-09T19:43:35.238277+00:00,#1891,france_champion_no,0.67693
2026-07-09T19:43:35.238277+00:00,#1990,morocco_champion_yes,0.031915
2026-07-09T19:43:35.238277+00:00,#1991,morocco_champion_no,0.968085
2026-07-09T19:43:40.160916+00:00,#7610,France,0.77504
2026-07-09T19:43:40.160916+00:00,#7611,Morocco,0.22496
2026-07-09T19:43:40.160916+00:00,#1890,france_champion_yes,0.32307
2026-07-09T19:43:40.160916+00:00,#1891,france_champion_no,0.67693
2026-07-09T19:43:40.160916+00:00,#1990,morocco_champion_yes,0.031915
2026-07-09T19:43:40.160916+00:00,#1991,morocco_champion_no,0.968085
2026-07-09T19:43:44.868732+00:00,#7610,France,0.775045
2026-07-09T19:43:44.868732+00:00,#7611,Morocco,0.224955
2026-07-09T19:43:44.868732+00:00,#1890,france_champion_yes,0.32307
2026-07-09T19:43:44.868732+00:00,#1891,france_champion_no,0.67693
2026-07-09T19:43:44.868732+00:00,#1990,morocco_champion_yes,0.031915
2026-07-09T19:43:44.868732+00:00,#1991,morocco_champion_no,0.968085
2026-07-09T19:43:49.973858+00:00,#7610,France,0.77504
2026-07-09T19:43:49.973858+00:00,#7611,Morocco,0.22496
2026-07-09T19:43:49.973858+00:00,#1890,france_champion_yes,0.32307
2026-07-09T19:43:49.973858+00:00,#1891,france_champion_no,0.67693
2026-07-09T19:43:49.973858+00:00,#1990,morocco_champion_yes,0.031915
2026-07-09T19:43:49.973858+00:00,#1991,morocco_champion_no,0.968085
2026-07-09T19:43:52.257653+00:00,#7610,France,0.77504
2026-07-09T19:43:52.257653+00:00,#7611,Morocco,0.22496
2026-07-09T19:43:52.257653+00:00,#1890,france_champion_yes,0.32307
2026-07-09T19:43:52.257653+00:00,#1891,france_champion_no,0.67693
2026-07-09T19:43:52.257653+00:00,#1990,morocco_champion_yes,0.031915
2026-07-09T19:43:52.257653+00:00,#1991,morocco_champion_no,0.968085
2026-07-09T19:43:55.133880+00:00,#7610,France,0.77504
2026-07-09T19:43:55.133880+00:00,#7611,Morocco,0.22496
2026-07-09T19:43:55.133880+00:00,#1890,france_champion_yes,0.32307
2026-07-09T19:43:55.133880+00:00,#1891,france_champion_no,0.67693
2026-07-09T19:43:55.133880+00:00,#1990,morocco_champion_yes,0.031915
2026-07-09T19:43:55.133880+00:00,#1991,morocco_champion_no,0.968085
2026-07-09T19:43:59.998743+00:00,#7610,France,0.77504
2026-07-09T19:43:59.998743+00:00,#7611,Morocco,0.22496
2026-07-09T19:43:59.998743+00:00,#1890,france_champion_yes,0.32307
2026-07-09T19:43:59.998743+00:00,#1891,france_champion_no,0.67693
2026-07-09T19:43:59.998743+00:00,#1990,morocco_champion_yes,0.031915
2026-07-09T19:43:59.998743+00:00,#1991,morocco_champion_no,0.968085
2026-07-09T19:44:05.122056+00:00,#7610,France,0.77504
2026-07-09T19:44:05.122056+00:00,#7611,Morocco,0.22496
2026-07-09T19:44:05.122056+00:00,#1890,france_champion_yes,0.32307
2026-07-09T19:44:05.122056+00:00,#1891,france_champion_no,0.67693
2026-07-09T19:44:05.122056+00:00,#1990,morocco_champion_yes,0.031915
2026-07-09T19:44:05.122056+00:00,#1991,morocco_champion_no,0.968085
2026-07-09T19:44:09.182903+00:00,#7610,France,0.77504
2026-07-09T19:44:09.182903+00:00,#7611,Morocco,0.22496
2026-07-09T19:44:09.182903+00:00,#1890,france_champion_yes,0.32307
2026-07-09T19:44:09.182903+00:00,#1891,france_champion_no,0.67693
2026-07-09T19:44:09.182903+00:00,#1990,morocco_champion_yes,0.031915
2026-07-09T19:44:09.182903+00:00,#1991,morocco_champion_no,0.968085
2026-07-09T19:44:11.213495+00:00,#7610,France,0.77504
2026-07-09T19:44:11.213495+00:00,#7611,Morocco,0.22496
2026-07-09T19:44:11.213495+00:00,#1890,france_champion_yes,0.32307
2026-07-09T19:44:11.213495+00:00,#1891,france_champion_no,0.67693
2026-07-09T19:44:11.213495+00:00,#1990,morocco_champion_yes,0.031915
2026-07-09T19:44:11.213495+00:00,#1991,morocco_champion_no,0.968085
2026-07-09T19:44:15.036109+00:00,#7610,France,0.77497
2026-07-09T19:44:15.036109+00:00,#7611,Morocco,0.22503
2026-07-09T19:44:15.036109+00:00,#1890,france_champion_yes,0.323025
2026-07-09T19:44:15.036109+00:00,#1891,france_champion_no,0.676975
2026-07-09T19:44:15.036109+00:00,#1990,morocco_champion_yes,0.031915
2026-07-09T19:44:15.036109+00:00,#1991,morocco_champion_no,0.968085
2026-07-09T19:44:20.130622+00:00,#7610,France,0.77497
2026-07-09T19:44:20.130622+00:00,#7611,Morocco,0.22503
2026-07-09T19:44:20.130622+00:00,#1890,france_champion_yes,0.323025
2026-07-09T19:44:20.130622+00:00,#1891,france_champion_no,0.676975
2026-07-09T19:44:20.130622+00:00,#1990,morocco_champion_yes,0.031915
2026-07-09T19:44:20.130622+00:00,#1991,morocco_champion_no,0.968085
2026-07-09T19:44:25.495113+00:00,#7610,France,0.77497
2026-07-09T19:44:25.495113+00:00,#7611,Morocco,0.22503
2026-07-09T19:44:25.495113+00:00,#1890,france_champion_yes,0.323025
2026-07-09T19:44:25.495113+00:00,#1891,france_champion_no,0.676975
2026-07-09T19:44:25.495113+00:00,#1990,morocco_champion_yes,0.031915
2026-07-09T19:44:25.495113+00:00,#1991,morocco_champion_no,0.968085
2026-07-09T19:44:26.213591+00:00,#7610,France,0.77497
2026-07-09T19:44:26.213591+00:00,#7611,Morocco,0.22503
2026-07-09T19:44:26.213591+00:00,#1890,france_champion_yes,0.323025
2026-07-09T19:44:26.213591+00:00,#1891,france_champion_no,0.676975
2026-07-09T19:44:26.213591+00:00,#1990,morocco_champion_yes,0.031915
2026-07-09T19:44:26.213591+00:00,#1991,morocco_champion_no,0.968085
2026-07-09T19:44:30.233111+00:00,#7610,France,0.774935
2026-07-09T19:44:30.233111+00:00,#7611,Morocco,0.225065
2026-07-09T19:44:30.233111+00:00,#1890,france_champion_yes,0.323025
2026-07-09T19:44:30.233111+00:00,#1891,france_champion_no,0.676975
2026-07-09T19:44:30.233111+00:00,#1990,morocco_champion_yes,0.031915
2026-07-09T19:44:30.233111+00:00,#1991,morocco_champion_no,0.968085
2026-07-09T19:44:35.286892+00:00,#7610,France,0.774935
2026-07-09T19:44:35.286892+00:00,#7611,Morocco,0.225065
2026-07-09T19:44:35.286892+00:00,#1890,france_champion_yes,0.323035
2026-07-09T19:44:35.286892+00:00,#1891,france_champion_no,0.676965
2026-07-09T19:44:35.286892+00:00,#1990,morocco_champion_yes,0.031915
2026-07-09T19:44:35.286892+00:00,#1991,morocco_champion_no,0.968085
2026-07-09T19:44:40.829779+00:00,#7610,France,0.774915
2026-07-09T19:44:40.829779+00:00,#7611,Morocco,0.225085
2026-07-09T19:44:40.829779+00:00,#1890,france_champion_yes,0.323015
2026-07-09T19:44:40.829779+00:00,#1891,france_champion_no,0.676985
2026-07-09T19:44:40.829779+00:00,#1990,morocco_champion_yes,0.031915
2026-07-09T19:44:40.829779+00:00,#1991,morocco_champion_no,0.968085
2026-07-09T19:44:43.215405+00:00,#7610,France,0.774915
2026-07-09T19:44:43.215405+00:00,#7611,Morocco,0.225085
2026-07-09T19:44:43.215405+00:00,#1890,france_champion_yes,0.323015
2026-07-09T19:44:43.215405+00:00,#1891,france_champion_no,0.676985
2026-07-09T19:44:43.215405+00:00,#1990,morocco_champion_yes,0.031915
2026-07-09T19:44:43.215405+00:00,#1991,morocco_champion_no,0.968085
2026-07-09T19:44:45.218154+00:00,#7610,France,0.77498
2026-07-09T19:44:45.218154+00:00,#7611,Morocco,0.22502
2026-07-09T19:44:45.218154+00:00,#1890,france_champion_yes,0.32302
2026-07-09T19:44:45.218154+00:00,#1891,france_champion_no,0.67698
2026-07-09T19:44:45.218154+00:00,#1990,morocco_champion_yes,0.031915
2026-07-09T19:44:45.218154+00:00,#1991,morocco_champion_no,0.968085
2026-07-09T19:44:50.307673+00:00,#7610,France,0.774915
2026-07-09T19:44:50.307673+00:00,#7611,Morocco,0.225085
2026-07-09T19:44:50.307673+00:00,#1890,france_champion_yes,0.32302
2026-07-09T19:44:50.307673+00:00,#1891,france_champion_no,0.67698
2026-07-09T19:44:50.307673+00:00,#1990,morocco_champion_yes,0.031835
2026-07-09T19:44:50.307673+00:00,#1991,morocco_champion_no,0.968165
2026-07-09T19:44:55.601928+00:00,#7610,France,0.77498
2026-07-09T19:44:55.601928+00:00,#7611,Morocco,0.22502
2026-07-09T19:44:55.601928+00:00,#1890,france_champion_yes,0.323025
2026-07-09T19:44:55.601928+00:00,#1891,france_champion_no,0.676975
2026-07-09T19:44:55.601928+00:00,#1990,morocco_champion_yes,0.031835
2026-07-09T19:44:55.601928+00:00,#1991,morocco_champion_no,0.968165
2026-07-09T19:45:00.125803+00:00,#7610,France,0.774915
2026-07-09T19:45:00.125803+00:00,#7611,Morocco,0.225085
2026-07-09T19:45:00.125803+00:00,#1890,france_champion_yes,0.323025
2026-07-09T19:45:00.125803+00:00,#1891,france_champion_no,0.676975
2026-07-09T19:45:00.125803+00:00,#1990,morocco_champion_yes,0.031835
2026-07-09T19:45:00.125803+00:00,#1991,morocco_champion_no,0.968165
2026-07-09T19:45:02.641533+00:00,#7610,France,0.774915
2026-07-09T19:45:02.641533+00:00,#7611,Morocco,0.225085
2026-07-09T19:45:02.641533+00:00,#1890,france_champion_yes,0.323025
2026-07-09T19:45:02.641533+00:00,#1891,france_champion_no,0.676975
2026-07-09T19:45:02.641533+00:00,#1990,morocco_champion_yes,0.031835
2026-07-09T19:45:02.641533+00:00,#1991,morocco_champion_no,0.968165
2026-07-09T19:45:05.465799+00:00,#7610,France,0.774915
2026-07-09T19:45:05.465799+00:00,#7611,Morocco,0.225085
2026-07-09T19:45:05.465799+00:00,#1890,france_champion_yes,0.32302
2026-07-09T19:45:05.465799+00:00,#1891,france_champion_no,0.67698
2026-07-09T19:45:05.465799+00:00,#1990,morocco_champion_yes,0.031835
2026-07-09T19:45:05.465799+00:00,#1991,morocco_champion_no,0.968165
2026-07-09T19:45:10.746141+00:00,#7610,France,0.774905
2026-07-09T19:45:10.746141+00:00,#7611,Morocco,0.225095
2026-07-09T19:45:10.746141+00:00,#1890,france_champion_yes,0.323015
2026-07-09T19:45:10.746141+00:00,#1891,france_champion_no,0.676985
2026-07-09T19:45:10.746141+00:00,#1990,morocco_champion_yes,0.031835
2026-07-09T19:45:10.746141+00:00,#1991,morocco_champion_no,0.968165
2026-07-09T19:45:15.561605+00:00,#7610,France,0.77491
2026-07-09T19:45:15.561605+00:00,#7611,Morocco,0.22509
2026-07-09T19:45:15.561605+00:00,#1890,france_champion_yes,0.32302
2026-07-09T19:45:15.561605+00:00,#1891,france_champion_no,0.67698
2026-07-09T19:45:15.561605+00:00,#1990,morocco_champion_yes,0.031835
2026-07-09T19:45:15.561605+00:00,#1991,morocco_champion_no,0.968165
2026-07-09T19:45:17.641651+00:00,#7610,France,0.77491
2026-07-09T19:45:17.641651+00:00,#7611,Morocco,0.22509
2026-07-09T19:45:17.641651+00:00,#1890,france_champion_yes,0.32302
2026-07-09T19:45:17.641651+00:00,#1891,france_champion_no,0.67698
2026-07-09T19:45:17.641651+00:00,#1990,morocco_champion_yes,0.031835
2026-07-09T19:45:17.641651+00:00,#1991,morocco_champion_no,0.968165
2026-07-09T19:45:20.602552+00:00,#7610,France,0.77491
2026-07-09T19:45:20.602552+00:00,#7611,Morocco,0.22509
2026-07-09T19:45:20.602552+00:00,#1890,france_champion_yes,0.323025
2026-07-09T19:45:20.602552+00:00,#1891,france_champion_no,0.676975
2026-07-09T19:45:20.602552+00:00,#1990,morocco_champion_yes,0.031835
2026-07-09T19:45:20.602552+00:00,#1991,morocco_champion_no,0.968165
2026-07-09T19:45:25.899566+00:00,#7610,France,0.77491
2026-07-09T19:45:25.899566+00:00,#7611,Morocco,0.22509
2026-07-09T19:45:25.899566+00:00,#1890,france_champion_yes,0.323025
2026-07-09T19:45:25.899566+00:00,#1891,france_champion_no,0.676975
2026-07-09T19:45:25.899566+00:00,#1990,morocco_champion_yes,0.031835
2026-07-09T19:45:25.899566+00:00,#1991,morocco_champion_no,0.968165
2026-07-09T19:45:30.431851+00:00,#7610,France,0.774905
2026-07-09T19:45:30.431851+00:00,#7611,Morocco,0.225095
2026-07-09T19:45:30.431851+00:00,#1890,france_champion_yes,0.323015
2026-07-09T19:45:30.431851+00:00,#1891,france_champion_no,0.676985
2026-07-09T19:45:30.431851+00:00,#1990,morocco_champion_yes,0.03215
2026-07-09T19:45:30.431851+00:00,#1991,morocco_champion_no,0.96785
2026-07-09T19:45:34.644749+00:00,#7610,France,0.774905
2026-07-09T19:45:34.644749+00:00,#7611,Morocco,0.225095
2026-07-09T19:45:34.644749+00:00,#1890,france_champion_yes,0.323015
2026-07-09T19:45:34.644749+00:00,#1891,france_champion_no,0.676985
2026-07-09T19:45:34.644749+00:00,#1990,morocco_champion_yes,0.03215
2026-07-09T19:45:34.644749+00:00,#1991,morocco_champion_no,0.96785
2026-07-09T19:45:36.611030+00:00,#7610,France,0.77491
2026-07-09T19:45:36.611030+00:00,#7611,Morocco,0.22509
2026-07-09T19:45:36.611030+00:00,#1890,france_champion_yes,0.323015
2026-07-09T19:45:36.611030+00:00,#1891,france_champion_no,0.676985
2026-07-09T19:45:36.611030+00:00,#1990,morocco_champion_yes,0.031835
2026-07-09T19:45:36.611030+00:00,#1991,morocco_champion_no,0.968165
2026-07-09T19:45:41.056119+00:00,#7610,France,0.774905
2026-07-09T19:45:41.056119+00:00,#7611,Morocco,0.225095
2026-07-09T19:45:41.056119+00:00,#1890,france_champion_yes,0.323005
2026-07-09T19:45:41.056119+00:00,#1891,france_champion_no,0.676995
2026-07-09T19:45:41.056119+00:00,#1990,morocco_champion_yes,0.031835
2026-07-09T19:45:41.056119+00:00,#1991,morocco_champion_no,0.968165
2026-07-09T19:45:45.852704+00:00,#7610,France,0.774905
2026-07-09T19:45:45.852704+00:00,#7611,Morocco,0.225095
2026-07-09T19:45:45.852704+00:00,#1890,france_champion_yes,0.323005
2026-07-09T19:45:45.852704+00:00,#1891,france_champion_no,0.676995
2026-07-09T19:45:45.852704+00:00,#1990,morocco_champion_yes,0.031835
2026-07-09T19:45:45.852704+00:00,#1991,morocco_champion_no,0.968165
2026-07-09T19:45:50.973689+00:00,#7610,France,0.774905
2026-07-09T19:45:50.973689+00:00,#7611,Morocco,0.225095
2026-07-09T19:45:50.973689+00:00,#1890,france_champion_yes,0.323005
2026-07-09T19:45:50.973689+00:00,#1891,france_champion_no,0.676995
2026-07-09T19:45:50.973689+00:00,#1990,morocco_champion_yes,0.031835
2026-07-09T19:45:50.973689+00:00,#1991,morocco_champion_no,0.968165
2026-07-09T19:45:51.610795+00:00,#7610,France,0.774905
2026-07-09T19:45:51.610795+00:00,#7611,Morocco,0.225095
2026-07-09T19:45:51.610795+00:00,#1890,france_champion_yes,0.323005
2026-07-09T19:45:51.610795+00:00,#1891,france_champion_no,0.676995
2026-07-09T19:45:51.610795+00:00,#1990,morocco_champion_yes,0.031835
2026-07-09T19:45:51.610795+00:00,#1991,morocco_champion_no,0.968165
2026-07-09T19:45:56.151197+00:00,#7610,France,0.7749
2026-07-09T19:45:56.151197+00:00,#7611,Morocco,0.2251
2026-07-09T19:45:56.151197+00:00,#1890,france_champion_yes,0.323
2026-07-09T19:45:56.151197+00:00,#1891,france_champion_no,0.677
2026-07-09T19:45:56.151197+00:00,#1990,morocco_champion_yes,0.031835
2026-07-09T19:45:56.151197+00:00,#1991,morocco_champion_no,0.968165
2026-07-09T19:46:01.017643+00:00,#7610,France,0.7749
2026-07-09T19:46:01.017643+00:00,#7611,Morocco,0.2251
2026-07-09T19:46:01.017643+00:00,#1890,france_champion_yes,0.32298
2026-07-09T19:46:01.017643+00:00,#1891,france_champion_no,0.67702
2026-07-09T19:46:01.017643+00:00,#1990,morocco_champion_yes,0.031835
2026-07-09T19:46:01.017643+00:00,#1991,morocco_champion_no,0.968165
2026-07-09T19:46:06.003799+00:00,#7610,France,0.7749
2026-07-09T19:46:06.003799+00:00,#7611,Morocco,0.2251
2026-07-09T19:46:06.003799+00:00,#1890,france_champion_yes,0.32298
2026-07-09T19:46:06.003799+00:00,#1891,france_champion_no,0.67702
2026-07-09T19:46:06.003799+00:00,#1990,morocco_champion_yes,0.031835
2026-07-09T19:46:06.003799+00:00,#1991,morocco_champion_no,0.968165
2026-07-09T19:46:08.721187+00:00,#7610,France,0.7749
2026-07-09T19:46:08.721187+00:00,#7611,Morocco,0.2251
2026-07-09T19:46:08.721187+00:00,#1890,france_champion_yes,0.32298
2026-07-09T19:46:08.721187+00:00,#1891,france_champion_no,0.67702
2026-07-09T19:46:08.721187+00:00,#1990,morocco_champion_yes,0.031835
2026-07-09T19:46:08.721187+00:00,#1991,morocco_champion_no,0.968165
2026-07-09T19:46:12.982763+00:00,#7610,France,0.7749
2026-07-09T19:46:12.982763+00:00,#7611,Morocco,0.2251
2026-07-09T19:46:12.982763+00:00,#1890,france_champion_yes,0.32298
2026-07-09T19:46:12.982763+00:00,#1891,france_champion_no,0.67702
2026-07-09T19:46:12.982763+00:00,#1990,morocco_champion_yes,0.031835
2026-07-09T19:46:12.982763+00:00,#1991,morocco_champion_no,0.968165
2026-07-09T19:46:16.087634+00:00,#7610,France,0.7749
2026-07-09T19:46:16.087634+00:00,#7611,Morocco,0.2251
2026-07-09T19:46:16.087634+00:00,#1890,france_champion_yes,0.32298
2026-07-09T19:46:16.087634+00:00,#1891,france_champion_no,0.67702
2026-07-09T19:46:16.087634+00:00,#1990,morocco_champion_yes,0.031835
2026-07-09T19:46:16.087634+00:00,#1991,morocco_champion_no,0.968165
2026-07-09T19:46:21.162004+00:00,#7610,France,0.7749
2026-07-09T19:46:21.162004+00:00,#7611,Morocco,0.2251
2026-07-09T19:46:21.162004+00:00,#1890,france_champion_yes,0.32298
2026-07-09T19:46:21.162004+00:00,#1891,france_champion_no,0.67702
2026-07-09T19:46:21.162004+00:00,#1990,morocco_champion_yes,0.031835
2026-07-09T19:46:21.162004+00:00,#1991,morocco_champion_no,0.968165
2026-07-09T19:46:25.677279+00:00,#7610,France,0.7749
2026-07-09T19:46:25.677279+00:00,#7611,Morocco,0.2251
2026-07-09T19:46:25.677279+00:00,#1890,france_champion_yes,0.32298
2026-07-09T19:46:25.677279+00:00,#1891,france_champion_no,0.67702
2026-07-09T19:46:25.677279+00:00,#1990,morocco_champion_yes,0.031835
2026-07-09T19:46:25.677279+00:00,#1991,morocco_champion_no,0.968165
2026-07-09T19:46:27.683171+00:00,#7610,France,0.7749
2026-07-09T19:46:27.683171+00:00,#7611,Morocco,0.2251
2026-07-09T19:46:27.683171+00:00,#1890,france_champion_yes,0.32298
2026-07-09T19:46:27.683171+00:00,#1891,france_champion_no,0.67702
2026-07-09T19:46:27.683171+00:00,#1990,morocco_champion_yes,0.031835
2026-07-09T19:46:27.683171+00:00,#1991,morocco_champion_no,0.968165
2026-07-09T19:46:31.192487+00:00,#7610,France,0.7749
2026-07-09T19:46:31.192487+00:00,#7611,Morocco,0.2251
2026-07-09T19:46:31.192487+00:00,#1890,france_champion_yes,0.32298
2026-07-09T19:46:31.192487+00:00,#1891,france_champion_no,0.67702
2026-07-09T19:46:31.192487+00:00,#1990,morocco_champion_yes,0.031835
2026-07-09T19:46:31.192487+00:00,#1991,morocco_champion_no,0.968165
2026-07-09T19:46:36.230041+00:00,#7610,France,0.7749
2026-07-09T19:46:36.230041+00:00,#7611,Morocco,0.2251
2026-07-09T19:46:36.230041+00:00,#1890,france_champion_yes,0.32298
2026-07-09T19:46:36.230041+00:00,#1891,france_champion_no,0.67702
2026-07-09T19:46:36.230041+00:00,#1990,morocco_champion_yes,0.031835
2026-07-09T19:46:36.230041+00:00,#1991,morocco_champion_no,0.968165
2026-07-09T19:46:41.407129+00:00,#7610,France,0.774975
2026-07-09T19:46:41.407129+00:00,#7611,Morocco,0.225025
2026-07-09T19:46:41.407129+00:00,#1890,france_champion_yes,0.32298
2026-07-09T19:46:41.407129+00:00,#1891,france_champion_no,0.67702
2026-07-09T19:46:41.407129+00:00,#1990,morocco_champion_yes,0.031835
2026-07-09T19:46:41.407129+00:00,#1991,morocco_champion_no,0.968165
2026-07-09T19:46:42.683324+00:00,#7610,France,0.774975
2026-07-09T19:46:42.683324+00:00,#7611,Morocco,0.225025
2026-07-09T19:46:42.683324+00:00,#1890,france_champion_yes,0.32298
2026-07-09T19:46:42.683324+00:00,#1891,france_champion_no,0.67702
2026-07-09T19:46:42.683324+00:00,#1990,morocco_champion_yes,0.031835
2026-07-09T19:46:42.683324+00:00,#1991,morocco_champion_no,0.968165
2026-07-09T19:46:46.274365+00:00,#7610,France,0.774935
2026-07-09T19:46:46.274365+00:00,#7611,Morocco,0.225065
2026-07-09T19:46:46.274365+00:00,#1890,france_champion_yes,0.32298
2026-07-09T19:46:46.274365+00:00,#1891,france_champion_no,0.67702
2026-07-09T19:46:46.274365+00:00,#1990,morocco_champion_yes,0.031835
2026-07-09T19:46:46.274365+00:00,#1991,morocco_champion_no,0.968165
2026-07-09T19:46:51.252304+00:00,#7610,France,0.774935
2026-07-09T19:46:51.252304+00:00,#7611,Morocco,0.225065
2026-07-09T19:46:51.252304+00:00,#1890,france_champion_yes,0.32298
2026-07-09T19:46:51.252304+00:00,#1891,france_champion_no,0.67702
2026-07-09T19:46:51.252304+00:00,#1990,morocco_champion_yes,0.031835
2026-07-09T19:46:51.252304+00:00,#1991,morocco_champion_no,0.968165
2026-07-09T19:46:56.496796+00:00,#7610,France,0.774915
2026-07-09T19:46:56.496796+00:00,#7611,Morocco,0.225085
2026-07-09T19:46:56.496796+00:00,#1890,france_champion_yes,0.32298
2026-07-09T19:46:56.496796+00:00,#1891,france_champion_no,0.67702
2026-07-09T19:46:56.496796+00:00,#1990,morocco_champion_yes,0.031835
2026-07-09T19:46:56.496796+00:00,#1991,morocco_champion_no,0.968165
2026-07-09T19:46:59.399833+00:00,#7610,France,0.774915
2026-07-09T19:46:59.399833+00:00,#7611,Morocco,0.225085
2026-07-09T19:46:59.399833+00:00,#1890,france_champion_yes,0.32298
2026-07-09T19:46:59.399833+00:00,#1891,france_champion_no,0.67702
2026-07-09T19:46:59.399833+00:00,#1990,morocco_champion_yes,0.031835
2026-07-09T19:46:59.399833+00:00,#1991,morocco_champion_no,0.968165
2026-07-09T19:47:01.369056+00:00,#7610,France,0.774915
2026-07-09T19:47:01.369056+00:00,#7611,Morocco,0.225085
2026-07-09T19:47:01.369056+00:00,#1890,france_champion_yes,0.32298
2026-07-09T19:47:01.369056+00:00,#1891,france_champion_no,0.67702
2026-07-09T19:47:01.369056+00:00,#1990,morocco_champion_yes,0.031835
2026-07-09T19:47:01.369056+00:00,#1991,morocco_champion_no,0.968165
2026-07-09T19:47:06.483159+00:00,#7610,France,0.774905
2026-07-09T19:47:06.483159+00:00,#7611,Morocco,0.225095
2026-07-09T19:47:06.483159+00:00,#1890,france_champion_yes,0.32298
2026-07-09T19:47:06.483159+00:00,#1891,france_champion_no,0.67702
2026-07-09T19:47:06.483159+00:00,#1990,morocco_champion_yes,0.031835
2026-07-09T19:47:06.483159+00:00,#1991,morocco_champion_no,0.968165
2026-07-09T19:47:11.790697+00:00,#7610,France,0.774905
2026-07-09T19:47:11.790697+00:00,#7611,Morocco,0.225095
2026-07-09T19:47:11.790697+00:00,#1890,france_champion_yes,0.32298
2026-07-09T19:47:11.790697+00:00,#1891,france_champion_no,0.67702
2026-07-09T19:47:11.790697+00:00,#1990,morocco_champion_yes,0.031835
2026-07-09T19:47:11.790697+00:00,#1991,morocco_champion_no,0.968165
2026-07-09T19:47:16.367721+00:00,#7610,France,0.77491
2026-07-09T19:47:16.367721+00:00,#7611,Morocco,0.22509
2026-07-09T19:47:16.367721+00:00,#1890,france_champion_yes,0.32298
2026-07-09T19:47:16.367721+00:00,#1891,france_champion_no,0.67702
2026-07-09T19:47:16.367721+00:00,#1990,morocco_champion_yes,0.031835
2026-07-09T19:47:16.367721+00:00,#1991,morocco_champion_no,0.968165
2026-07-09T19:47:18.488142+00:00,#7610,France,0.77491
2026-07-09T19:47:18.488142+00:00,#7611,Morocco,0.22509
2026-07-09T19:47:18.488142+00:00,#1890,france_champion_yes,0.32298
2026-07-09T19:47:18.488142+00:00,#1891,france_champion_no,0.67702
2026-07-09T19:47:18.488142+00:00,#1990,morocco_champion_yes,0.031835
2026-07-09T19:47:18.488142+00:00,#1991,morocco_champion_no,0.968165
2026-07-09T19:47:21.554106+00:00,#7610,France,0.77491
2026-07-09T19:47:21.554106+00:00,#7611,Morocco,0.22509
2026-07-09T19:47:21.554106+00:00,#1890,france_champion_yes,0.32298
2026-07-09T19:47:21.554106+00:00,#1891,france_champion_no,0.67702
2026-07-09T19:47:21.554106+00:00,#1990,morocco_champion_yes,0.031835
2026-07-09T19:47:21.554106+00:00,#1991,morocco_champion_no,0.968165
2026-07-09T19:47:26.770318+00:00,#7610,France,0.77491
2026-07-09T19:47:26.770318+00:00,#7611,Morocco,0.22509
2026-07-09T19:47:26.770318+00:00,#1890,france_champion_yes,0.32298
2026-07-09T19:47:26.770318+00:00,#1891,france_champion_no,0.67702
2026-07-09T19:47:26.770318+00:00,#1990,morocco_champion_yes,0.031835
2026-07-09T19:47:26.770318+00:00,#1991,morocco_champion_no,0.968165
2026-07-09T19:47:31.571994+00:00,#7610,France,0.77491
2026-07-09T19:47:31.571994+00:00,#7611,Morocco,0.22509
2026-07-09T19:47:31.571994+00:00,#1890,france_champion_yes,0.32298
2026-07-09T19:47:31.571994+00:00,#1891,france_champion_no,0.67702
2026-07-09T19:47:31.571994+00:00,#1990,morocco_champion_yes,0.031835
2026-07-09T19:47:31.571994+00:00,#1991,morocco_champion_no,0.968165
2026-07-09T19:47:33.489068+00:00,#7610,France,0.77491
2026-07-09T19:47:33.489068+00:00,#7611,Morocco,0.22509
2026-07-09T19:47:33.489068+00:00,#1890,france_champion_yes,0.32298
2026-07-09T19:47:33.489068+00:00,#1891,france_champion_no,0.67702
2026-07-09T19:47:33.489068+00:00,#1990,morocco_champion_yes,0.031835
2026-07-09T19:47:33.489068+00:00,#1991,morocco_champion_no,0.968165
2026-07-09T19:47:36.618414+00:00,#7610,France,0.77491
2026-07-09T19:47:36.618414+00:00,#7611,Morocco,0.22509
2026-07-09T19:47:36.618414+00:00,#1890,france_champion_yes,0.32298
2026-07-09T19:47:36.618414+00:00,#1891,france_champion_no,0.67702
2026-07-09T19:47:36.618414+00:00,#1990,morocco_champion_yes,0.031835
2026-07-09T19:47:36.618414+00:00,#1991,morocco_champion_no,0.968165
2026-07-09T19:47:42.055154+00:00,#7610,France,0.77491
2026-07-09T19:47:42.055154+00:00,#7611,Morocco,0.22509
2026-07-09T19:47:42.055154+00:00,#1890,france_champion_yes,0.32298
2026-07-09T19:47:42.055154+00:00,#1891,france_champion_no,0.67702
2026-07-09T19:47:42.055154+00:00,#1990,morocco_champion_yes,0.031835
2026-07-09T19:47:42.055154+00:00,#1991,morocco_champion_no,0.968165
2026-07-09T19:47:46.671895+00:00,#7610,France,0.774935
2026-07-09T19:47:46.671895+00:00,#7611,Morocco,0.225065
2026-07-09T19:47:46.671895+00:00,#1890,france_champion_yes,0.32298
2026-07-09T19:47:46.671895+00:00,#1891,france_champion_no,0.67702
2026-07-09T19:47:46.671895+00:00,#1990,morocco_champion_yes,0.031835
2026-07-09T19:47:46.671895+00:00,#1991,morocco_champion_no,0.968165
2026-07-09T19:47:50.379970+00:00,#7610,France,0.774935
2026-07-09T19:47:50.379970+00:00,#7611,Morocco,0.225065
2026-07-09T19:47:50.379970+00:00,#1890,france_champion_yes,0.32298
2026-07-09T19:47:50.379970+00:00,#1891,france_champion_no,0.67702
2026-07-09T19:47:50.379970+00:00,#1990,morocco_champion_yes,0.031835
2026-07-09T19:47:50.379970+00:00,#1991,morocco_champion_no,0.968165
2026-07-09T19:47:52.420840+00:00,#7610,France,0.774935
2026-07-09T19:47:52.420840+00:00,#7611,Morocco,0.225065
2026-07-09T19:47:52.420840+00:00,#1890,france_champion_yes,0.32298
2026-07-09T19:47:52.420840+00:00,#1891,france_champion_no,0.67702
2026-07-09T19:47:52.420840+00:00,#1990,morocco_champion_yes,0.031835
2026-07-09T19:47:52.420840+00:00,#1991,morocco_champion_no,0.968165
2026-07-09T19:47:57.099672+00:00,#7610,France,0.77494
2026-07-09T19:47:57.099672+00:00,#7611,Morocco,0.22506
2026-07-09T19:47:57.099672+00:00,#1890,france_champion_yes,0.32298
2026-07-09T19:47:57.099672+00:00,#1891,france_champion_no,0.67702
2026-07-09T19:47:57.099672+00:00,#1990,morocco_champion_yes,0.031835
2026-07-09T19:47:57.099672+00:00,#1991,morocco_champion_no,0.968165
2026-07-09T19:48:01.820070+00:00,#7610,France,0.77494
2026-07-09T19:48:01.820070+00:00,#7611,Morocco,0.22506
2026-07-09T19:48:01.820070+00:00,#1890,france_champion_yes,0.32298
2026-07-09T19:48:01.820070+00:00,#1891,france_champion_no,0.67702
2026-07-09T19:48:01.820070+00:00,#1990,morocco_champion_yes,0.031835
2026-07-09T19:48:01.820070+00:00,#1991,morocco_champion_no,0.968165
2026-07-09T19:48:06.917949+00:00,#7610,France,0.77501
2026-07-09T19:48:06.917949+00:00,#7611,Morocco,0.22499
2026-07-09T19:48:06.917949+00:00,#1890,france_champion_yes,0.32298
2026-07-09T19:48:06.917949+00:00,#1891,france_champion_no,0.67702
2026-07-09T19:48:06.917949+00:00,#1990,morocco_champion_yes,0.031835
2026-07-09T19:48:06.917949+00:00,#1991,morocco_champion_no,0.968165
2026-07-09T19:48:07.419607+00:00,#7610,France,0.77501
2026-07-09T19:48:07.419607+00:00,#7611,Morocco,0.22499
2026-07-09T19:48:07.419607+00:00,#1890,france_champion_yes,0.32298
2026-07-09T19:48:07.419607+00:00,#1891,france_champion_no,0.67702
2026-07-09T19:48:07.419607+00:00,#1990,morocco_champion_yes,0.031835
2026-07-09T19:48:07.419607+00:00,#1991,morocco_champion_no,0.968165
2026-07-09T19:48:12.304237+00:00,#7610,France,0.77495
2026-07-09T19:48:12.304237+00:00,#7611,Morocco,0.22505
2026-07-09T19:48:12.304237+00:00,#1890,france_champion_yes,0.32298
2026-07-09T19:48:12.304237+00:00,#1891,france_champion_no,0.67702
2026-07-09T19:48:12.304237+00:00,#1990,morocco_champion_yes,0.031835
2026-07-09T19:48:12.304237+00:00,#1991,morocco_champion_no,0.968165
2026-07-09T19:48:17.029021+00:00,#7610,France,0.77495
2026-07-09T19:48:17.029021+00:00,#7611,Morocco,0.22505
2026-07-09T19:48:17.029021+00:00,#1890,france_champion_yes,0.32298
2026-07-09T19:48:17.029021+00:00,#1891,france_champion_no,0.67702
2026-07-09T19:48:17.029021+00:00,#1990,morocco_champion_yes,0.031835
2026-07-09T19:48:17.029021+00:00,#1991,morocco_champion_no,0.968165
2026-07-09T19:48:21.869069+00:00,#7610,France,0.77496
2026-07-09T19:48:21.869069+00:00,#7611,Morocco,0.22504
2026-07-09T19:48:21.869069+00:00,#1890,france_champion_yes,0.32298
2026-07-09T19:48:21.869069+00:00,#1891,france_champion_no,0.67702
2026-07-09T19:48:21.869069+00:00,#1990,morocco_champion_yes,0.031835
2026-07-09T19:48:21.869069+00:00,#1991,morocco_champion_no,0.968165
2026-07-09T19:48:24.479910+00:00,#7610,France,0.77496
2026-07-09T19:48:24.479910+00:00,#7611,Morocco,0.22504
2026-07-09T19:48:24.479910+00:00,#1890,france_champion_yes,0.32298
2026-07-09T19:48:24.479910+00:00,#1891,france_champion_no,0.67702
2026-07-09T19:48:24.479910+00:00,#1990,morocco_champion_yes,0.031835
2026-07-09T19:48:24.479910+00:00,#1991,morocco_champion_no,0.968165
2026-07-09T19:48:27.195617+00:00,#7610,France,0.77496
2026-07-09T19:48:27.195617+00:00,#7611,Morocco,0.22504
2026-07-09T19:48:27.195617+00:00,#1890,france_champion_yes,0.32298
2026-07-09T19:48:27.195617+00:00,#1891,france_champion_no,0.67702
2026-07-09T19:48:27.195617+00:00,#1990,morocco_champion_yes,0.031835
2026-07-09T19:48:27.195617+00:00,#1991,morocco_champion_no,0.968165
2026-07-09T19:48:31.957649+00:00,#7610,France,0.77496
2026-07-09T19:48:31.957649+00:00,#7611,Morocco,0.22504
2026-07-09T19:48:31.957649+00:00,#1890,france_champion_yes,0.32298
2026-07-09T19:48:31.957649+00:00,#1891,france_champion_no,0.67702
2026-07-09T19:48:31.957649+00:00,#1990,morocco_champion_yes,0.031835
2026-07-09T19:48:31.957649+00:00,#1991,morocco_champion_no,0.968165
2026-07-09T19:48:37.017855+00:00,#7610,France,0.77496
2026-07-09T19:48:37.017855+00:00,#7611,Morocco,0.22504
2026-07-09T19:48:37.017855+00:00,#1890,france_champion_yes,0.32298
2026-07-09T19:48:37.017855+00:00,#1891,france_champion_no,0.67702
2026-07-09T19:48:37.017855+00:00,#1990,morocco_champion_yes,0.031835
2026-07-09T19:48:37.017855+00:00,#1991,morocco_champion_no,0.968165
2026-07-09T19:48:41.407350+00:00,#7610,France,0.77496
2026-07-09T19:48:41.407350+00:00,#7611,Morocco,0.22504
2026-07-09T19:48:41.407350+00:00,#1890,france_champion_yes,0.32298
2026-07-09T19:48:41.407350+00:00,#1891,france_champion_no,0.67702
2026-07-09T19:48:41.407350+00:00,#1990,morocco_champion_yes,0.031835
2026-07-09T19:48:41.407350+00:00,#1991,morocco_champion_no,0.968165
2026-07-09T19:48:43.354726+00:00,#7610,France,0.774965
2026-07-09T19:48:43.354726+00:00,#7611,Morocco,0.225035
2026-07-09T19:48:43.354726+00:00,#1890,france_champion_yes,0.32298
2026-07-09T19:48:43.354726+00:00,#1891,france_champion_no,0.67702
2026-07-09T19:48:43.354726+00:00,#1990,morocco_champion_yes,0.031835
2026-07-09T19:48:43.354726+00:00,#1991,morocco_champion_no,0.968165
2026-07-09T19:48:46.979085+00:00,#7610,France,0.77496
2026-07-09T19:48:46.979085+00:00,#7611,Morocco,0.22504
2026-07-09T19:48:46.979085+00:00,#1890,france_champion_yes,0.32298
2026-07-09T19:48:46.979085+00:00,#1891,france_champion_no,0.67702
2026-07-09T19:48:46.979085+00:00,#1990,morocco_champion_yes,0.031835
2026-07-09T19:48:46.979085+00:00,#1991,morocco_champion_no,0.968165
2026-07-09T19:48:52.155080+00:00,#7610,France,0.77496
2026-07-09T19:48:52.155080+00:00,#7611,Morocco,0.22504
2026-07-09T19:48:52.155080+00:00,#1890,france_champion_yes,0.32298
2026-07-09T19:48:52.155080+00:00,#1891,france_champion_no,0.67702
2026-07-09T19:48:52.155080+00:00,#1990,morocco_champion_yes,0.031835
2026-07-09T19:48:52.155080+00:00,#1991,morocco_champion_no,0.968165
2026-07-09T19:48:57.291864+00:00,#7610,France,0.77496
2026-07-09T19:48:57.291864+00:00,#7611,Morocco,0.22504
2026-07-09T19:48:57.291864+00:00,#1890,france_champion_yes,0.32298
2026-07-09T19:48:57.291864+00:00,#1891,france_champion_no,0.67702
2026-07-09T19:48:57.291864+00:00,#1990,morocco_champion_yes,0.031835
2026-07-09T19:48:57.291864+00:00,#1991,morocco_champion_no,0.968165
2026-07-09T19:48:58.354621+00:00,#7610,France,0.77496
2026-07-09T19:48:58.354621+00:00,#7611,Morocco,0.22504
2026-07-09T19:48:58.354621+00:00,#1890,france_champion_yes,0.32298
2026-07-09T19:48:58.354621+00:00,#1891,france_champion_no,0.67702
2026-07-09T19:48:58.354621+00:00,#1990,morocco_champion_yes,0.031835
2026-07-09T19:48:58.354621+00:00,#1991,morocco_champion_no,0.968165
2026-07-09T19:49:02.196907+00:00,#7610,France,0.774985
2026-07-09T19:49:02.196907+00:00,#7611,Morocco,0.225015
2026-07-09T19:49:02.196907+00:00,#1890,france_champion_yes,0.32298
2026-07-09T19:49:02.196907+00:00,#1891,france_champion_no,0.67702
2026-07-09T19:49:02.196907+00:00,#1990,morocco_champion_yes,0.031835
2026-07-09T19:49:02.196907+00:00,#1991,morocco_champion_no,0.968165
2026-07-09T19:49:07.162290+00:00,#7610,France,0.774985
2026-07-09T19:49:07.162290+00:00,#7611,Morocco,0.225015
2026-07-09T19:49:07.162290+00:00,#1890,france_champion_yes,0.32298
2026-07-09T19:49:07.162290+00:00,#1891,france_champion_no,0.67702
2026-07-09T19:49:07.162290+00:00,#1990,morocco_champion_yes,0.031835
2026-07-09T19:49:07.162290+00:00,#1991,morocco_champion_no,0.968165
2026-07-09T19:49:12.483579+00:00,#7610,France,0.775025
2026-07-09T19:49:12.483579+00:00,#7611,Morocco,0.224975
2026-07-09T19:49:12.483579+00:00,#1890,france_champion_yes,0.32298
2026-07-09T19:49:12.483579+00:00,#1891,france_champion_no,0.67702
2026-07-09T19:49:12.483579+00:00,#1990,morocco_champion_yes,0.031835
2026-07-09T19:49:12.483579+00:00,#1991,morocco_champion_no,0.968165
2026-07-09T19:49:15.517980+00:00,#7610,France,0.775025
2026-07-09T19:49:15.517980+00:00,#7611,Morocco,0.224975
2026-07-09T19:49:15.517980+00:00,#1890,france_champion_yes,0.32298
2026-07-09T19:49:15.517980+00:00,#1891,france_champion_no,0.67702
2026-07-09T19:49:15.517980+00:00,#1990,morocco_champion_yes,0.031835
2026-07-09T19:49:15.517980+00:00,#1991,morocco_champion_no,0.968165
2026-07-09T19:49:17.616244+00:00,#7610,France,0.775
2026-07-09T19:49:17.616244+00:00,#7611,Morocco,0.225
2026-07-09T19:49:17.616244+00:00,#1890,france_champion_yes,0.32298
2026-07-09T19:49:17.616244+00:00,#1891,france_champion_no,0.67702
2026-07-09T19:49:17.616244+00:00,#1990,morocco_champion_yes,0.031835
2026-07-09T19:49:17.616244+00:00,#1991,morocco_champion_no,0.968165
2026-07-09T19:49:22.374442+00:00,#7610,France,0.775
2026-07-09T19:49:22.374442+00:00,#7611,Morocco,0.225
2026-07-09T19:49:22.374442+00:00,#1890,france_champion_yes,0.32298
2026-07-09T19:49:22.374442+00:00,#1891,france_champion_no,0.67702
2026-07-09T19:49:22.374442+00:00,#1990,morocco_champion_yes,0.031835
2026-07-09T19:49:22.374442+00:00,#1991,morocco_champion_no,0.968165
2026-07-09T19:49:27.806068+00:00,#7610,France,0.775
2026-07-09T19:49:27.806068+00:00,#7611,Morocco,0.225
2026-07-09T19:49:27.806068+00:00,#1890,france_champion_yes,0.32298
2026-07-09T19:49:27.806068+00:00,#1891,france_champion_no,0.67702
2026-07-09T19:49:27.806068+00:00,#1990,morocco_champion_yes,0.031835
2026-07-09T19:49:27.806068+00:00,#1991,morocco_champion_no,0.968165
2026-07-09T19:49:32.441311+00:00,#7610,France,0.775
2026-07-09T19:49:32.441311+00:00,#7611,Morocco,0.225
2026-07-09T19:49:32.441311+00:00,#1890,france_champion_yes,0.32298
2026-07-09T19:49:32.441311+00:00,#1891,france_champion_no,0.67702
2026-07-09T19:49:32.441311+00:00,#1990,morocco_champion_yes,0.031835
2026-07-09T19:49:32.441311+00:00,#1991,morocco_champion_no,0.968165
2026-07-09T19:49:32.615663+00:00,#7610,France,0.775
2026-07-09T19:49:32.615663+00:00,#7611,Morocco,0.225
2026-07-09T19:49:32.615663+00:00,#1890,france_champion_yes,0.32298
2026-07-09T19:49:32.615663+00:00,#1891,france_champion_no,0.67702
2026-07-09T19:49:32.615663+00:00,#1990,morocco_champion_yes,0.031835
2026-07-09T19:49:32.615663+00:00,#1991,morocco_champion_no,0.968165
2026-07-09T19:49:37.348005+00:00,#7610,France,0.775
2026-07-09T19:49:37.348005+00:00,#7611,Morocco,0.225
2026-07-09T19:49:37.348005+00:00,#1890,france_champion_yes,0.32298
2026-07-09T19:49:37.348005+00:00,#1891,france_champion_no,0.67702
2026-07-09T19:49:37.348005+00:00,#1990,morocco_champion_yes,0.031835
2026-07-09T19:49:37.348005+00:00,#1991,morocco_champion_no,0.968165
2026-07-09T19:49:42.883217+00:00,#7610,France,0.77501
2026-07-09T19:49:42.883217+00:00,#7611,Morocco,0.22499
2026-07-09T19:49:42.883217+00:00,#1890,france_champion_yes,0.32298
2026-07-09T19:49:42.883217+00:00,#1891,france_champion_no,0.67702
2026-07-09T19:49:42.883217+00:00,#1990,morocco_champion_yes,0.031835
2026-07-09T19:49:42.883217+00:00,#1991,morocco_champion_no,0.968165
2026-07-09T19:49:47.688543+00:00,#7610,France,0.77501
2026-07-09T19:49:47.688543+00:00,#7611,Morocco,0.22499
2026-07-09T19:49:47.688543+00:00,#1890,france_champion_yes,0.32298
2026-07-09T19:49:47.688543+00:00,#1891,france_champion_no,0.67702
2026-07-09T19:49:47.688543+00:00,#1990,morocco_champion_yes,0.031835
2026-07-09T19:49:47.688543+00:00,#1991,morocco_champion_no,0.968165
2026-07-09T19:49:49.592152+00:00,#7610,France,0.77501
2026-07-09T19:49:49.592152+00:00,#7611,Morocco,0.22499
2026-07-09T19:49:49.592152+00:00,#1890,france_champion_yes,0.32298
2026-07-09T19:49:49.592152+00:00,#1891,france_champion_no,0.67702
2026-07-09T19:49:49.592152+00:00,#1990,morocco_champion_yes,0.031835
2026-07-09T19:49:49.592152+00:00,#1991,morocco_champion_no,0.968165
2026-07-09T19:49:52.738266+00:00,#7610,France,0.775075
2026-07-09T19:49:52.738266+00:00,#7611,Morocco,0.224925
2026-07-09T19:49:52.738266+00:00,#1890,france_champion_yes,0.32298
2026-07-09T19:49:52.738266+00:00,#1891,france_champion_no,0.67702
2026-07-09T19:49:52.738266+00:00,#1990,morocco_champion_yes,0.031835
2026-07-09T19:49:52.738266+00:00,#1991,morocco_champion_no,0.968165
2026-07-09T19:49:57.844696+00:00,#7610,France,0.77501
2026-07-09T19:49:57.844696+00:00,#7611,Morocco,0.22499
2026-07-09T19:49:57.844696+00:00,#1890,france_champion_yes,0.32298
2026-07-09T19:49:57.844696+00:00,#1891,france_champion_no,0.67702
2026-07-09T19:49:57.844696+00:00,#1990,morocco_champion_yes,0.031835
2026-07-09T19:49:57.844696+00:00,#1991,morocco_champion_no,0.968165
2026-07-09T19:50:02.779185+00:00,#7610,France,0.77501
2026-07-09T19:50:02.779185+00:00,#7611,Morocco,0.22499
2026-07-09T19:50:02.779185+00:00,#1890,france_champion_yes,0.32298
2026-07-09T19:50:02.779185+00:00,#1891,france_champion_no,0.67702
2026-07-09T19:50:02.779185+00:00,#1990,morocco_champion_yes,0.03215
2026-07-09T19:50:02.779185+00:00,#1991,morocco_champion_no,0.96785
2026-07-09T19:50:06.525014+00:00,#7610,France,0.77501
2026-07-09T19:50:06.525014+00:00,#7611,Morocco,0.22499
2026-07-09T19:50:06.525014+00:00,#1890,france_champion_yes,0.32298
2026-07-09T19:50:06.525014+00:00,#1891,france_champion_no,0.67702
2026-07-09T19:50:06.525014+00:00,#1990,morocco_champion_yes,0.03215
2026-07-09T19:50:06.525014+00:00,#1991,morocco_champion_no,0.96785
2026-07-09T19:50:08.472716+00:00,#7610,France,0.77501
2026-07-09T19:50:08.472716+00:00,#7611,Morocco,0.22499
2026-07-09T19:50:08.472716+00:00,#1890,france_champion_yes,0.32298
2026-07-09T19:50:08.472716+00:00,#1891,france_champion_no,0.67702
2026-07-09T19:50:08.472716+00:00,#1990,morocco_champion_yes,0.03172
2026-07-09T19:50:08.472716+00:00,#1991,morocco_champion_no,0.96828
2026-07-09T19:50:12.968504+00:00,#7610,France,0.77501
2026-07-09T19:50:12.968504+00:00,#7611,Morocco,0.22499
2026-07-09T19:50:12.968504+00:00,#1890,france_champion_yes,0.32298
2026-07-09T19:50:12.968504+00:00,#1891,france_champion_no,0.67702
2026-07-09T19:50:12.968504+00:00,#1990,morocco_champion_yes,0.03172
2026-07-09T19:50:12.968504+00:00,#1991,morocco_champion_no,0.96828
2026-07-09T19:50:17.626830+00:00,#7610,France,0.775035
2026-07-09T19:50:17.626830+00:00,#7611,Morocco,0.224965
2026-07-09T19:50:17.626830+00:00,#1890,france_champion_yes,0.32298
2026-07-09T19:50:17.626830+00:00,#1891,france_champion_no,0.67702
2026-07-09T19:50:17.626830+00:00,#1990,morocco_champion_yes,0.03172
2026-07-09T19:50:17.626830+00:00,#1991,morocco_champion_no,0.96828
2026-07-09T19:50:22.854189+00:00,#7610,France,0.775035
2026-07-09T19:50:22.854189+00:00,#7611,Morocco,0.224965
2026-07-09T19:50:22.854189+00:00,#1890,france_champion_yes,0.32298
2026-07-09T19:50:22.854189+00:00,#1891,france_champion_no,0.67702
2026-07-09T19:50:22.854189+00:00,#1990,morocco_champion_yes,0.03172
2026-07-09T19:50:22.854189+00:00,#1991,morocco_champion_no,0.96828
2026-07-09T19:50:23.472986+00:00,#7610,France,0.775035
2026-07-09T19:50:23.472986+00:00,#7611,Morocco,0.224965
2026-07-09T19:50:23.472986+00:00,#1890,france_champion_yes,0.32298
2026-07-09T19:50:23.472986+00:00,#1891,france_champion_no,0.67702
2026-07-09T19:50:23.472986+00:00,#1990,morocco_champion_yes,0.03172
2026-07-09T19:50:23.472986+00:00,#1991,morocco_champion_no,0.96828
2026-07-09T19:50:28.143214+00:00,#7610,France,0.77502
2026-07-09T19:50:28.143214+00:00,#7611,Morocco,0.22498
2026-07-09T19:50:28.143214+00:00,#1890,france_champion_yes,0.32298
2026-07-09T19:50:28.143214+00:00,#1891,france_champion_no,0.67702
2026-07-09T19:50:28.143214+00:00,#1990,morocco_champion_yes,0.03172
2026-07-09T19:50:28.143214+00:00,#1991,morocco_champion_no,0.96828
2026-07-09T19:50:32.947565+00:00,#7610,France,0.77502
2026-07-09T19:50:32.947565+00:00,#7611,Morocco,0.22498
2026-07-09T19:50:32.947565+00:00,#1890,france_champion_yes,0.32298
2026-07-09T19:50:32.947565+00:00,#1891,france_champion_no,0.67702
2026-07-09T19:50:32.947565+00:00,#1990,morocco_champion_yes,0.03172
2026-07-09T19:50:32.947565+00:00,#1991,morocco_champion_no,0.96828
2026-07-09T19:50:38.035454+00:00,#7610,France,0.77503
2026-07-09T19:50:38.035454+00:00,#7611,Morocco,0.22497
2026-07-09T19:50:38.035454+00:00,#1890,france_champion_yes,0.32298
2026-07-09T19:50:38.035454+00:00,#1891,france_champion_no,0.67702
2026-07-09T19:50:38.035454+00:00,#1990,morocco_champion_yes,0.03172
2026-07-09T19:50:38.035454+00:00,#1991,morocco_champion_no,0.96828
2026-07-09T19:50:40.377956+00:00,#7610,France,0.77504
2026-07-09T19:50:40.377956+00:00,#7611,Morocco,0.22496
2026-07-09T19:50:40.377956+00:00,#1890,france_champion_yes,0.32298
2026-07-09T19:50:40.377956+00:00,#1891,france_champion_no,0.67702
2026-07-09T19:50:40.377956+00:00,#1990,morocco_champion_yes,0.03172
2026-07-09T19:50:40.377956+00:00,#1991,morocco_champion_no,0.96828
2026-07-09T19:50:43.437040+00:00,#7610,France,0.77503
2026-07-09T19:50:43.437040+00:00,#7611,Morocco,0.22497
2026-07-09T19:50:43.437040+00:00,#1890,france_champion_yes,0.32298
2026-07-09T19:50:43.437040+00:00,#1891,france_champion_no,0.67702
2026-07-09T19:50:43.437040+00:00,#1990,morocco_champion_yes,0.03172
2026-07-09T19:50:43.437040+00:00,#1991,morocco_champion_no,0.96828
2026-07-09T19:50:48.117834+00:00,#7610,France,0.77503
2026-07-09T19:50:48.117834+00:00,#7611,Morocco,0.22497
2026-07-09T19:50:48.117834+00:00,#1890,france_champion_yes,0.32393
2026-07-09T19:50:48.117834+00:00,#1891,france_champion_no,0.67607
2026-07-09T19:50:48.117834+00:00,#1990,morocco_champion_yes,0.03172
2026-07-09T19:50:48.117834+00:00,#1991,morocco_champion_no,0.96828
2026-07-09T19:50:53.128267+00:00,#7610,France,0.77503
2026-07-09T19:50:53.128267+00:00,#7611,Morocco,0.22497
2026-07-09T19:50:53.128267+00:00,#1890,france_champion_yes,0.32302
2026-07-09T19:50:53.128267+00:00,#1891,france_champion_no,0.67698
2026-07-09T19:50:53.128267+00:00,#1990,morocco_champion_yes,0.03172
2026-07-09T19:50:53.128267+00:00,#1991,morocco_champion_no,0.96828
2026-07-09T19:50:57.343869+00:00,#7610,France,0.77503
2026-07-09T19:50:57.343869+00:00,#7611,Morocco,0.22497
2026-07-09T19:50:57.343869+00:00,#1890,france_champion_yes,0.32302
2026-07-09T19:50:57.343869+00:00,#1891,france_champion_no,0.67698
2026-07-09T19:50:57.343869+00:00,#1990,morocco_champion_yes,0.03172
2026-07-09T19:50:57.343869+00:00,#1991,morocco_champion_no,0.96828
2026-07-09T19:50:59.391544+00:00,#7610,France,0.77503
2026-07-09T19:50:59.391544+00:00,#7611,Morocco,0.22497
2026-07-09T19:50:59.391544+00:00,#1890,france_champion_yes,0.32302
2026-07-09T19:50:59.391544+00:00,#1891,france_champion_no,0.67698
2026-07-09T19:50:59.391544+00:00,#1990,morocco_champion_yes,0.03172
2026-07-09T19:50:59.391544+00:00,#1991,morocco_champion_no,0.96828
2026-07-09T19:51:02.989359+00:00,#7610,France,0.775045
2026-07-09T19:51:02.989359+00:00,#7611,Morocco,0.224955
2026-07-09T19:51:02.989359+00:00,#1890,france_champion_yes,0.32305
2026-07-09T19:51:02.989359+00:00,#1891,france_champion_no,0.67695
2026-07-09T19:51:02.989359+00:00,#1990,morocco_champion_yes,0.03172
2026-07-09T19:51:02.989359+00:00,#1991,morocco_champion_no,0.96828
2026-07-09T19:51:08.224111+00:00,#7610,France,0.775045
2026-07-09T19:51:08.224111+00:00,#7611,Morocco,0.224955
2026-07-09T19:51:08.224111+00:00,#1890,france_champion_yes,0.32305
2026-07-09T19:51:08.224111+00:00,#1891,france_champion_no,0.67695
2026-07-09T19:51:08.224111+00:00,#1990,morocco_champion_yes,0.03172
2026-07-09T19:51:08.224111+00:00,#1991,morocco_champion_no,0.96828
2026-07-09T19:51:13.544360+00:00,#7610,France,0.77523
2026-07-09T19:51:13.544360+00:00,#7611,Morocco,0.22477
2026-07-09T19:51:13.544360+00:00,#1890,france_champion_yes,0.323045
2026-07-09T19:51:13.544360+00:00,#1891,france_champion_no,0.676955
2026-07-09T19:51:13.544360+00:00,#1990,morocco_champion_yes,0.03172
2026-07-09T19:51:13.544360+00:00,#1991,morocco_champion_no,0.96828
2026-07-09T19:51:14.391807+00:00,#7610,France,0.775115
2026-07-09T19:51:14.391807+00:00,#7611,Morocco,0.224885
2026-07-09T19:51:14.391807+00:00,#1890,france_champion_yes,0.32305
2026-07-09T19:51:14.391807+00:00,#1891,france_champion_no,0.67695
2026-07-09T19:51:14.391807+00:00,#1990,morocco_champion_yes,0.03172
2026-07-09T19:51:14.391807+00:00,#1991,morocco_champion_no,0.96828
2026-07-09T19:51:18.270183+00:00,#7610,France,0.776855
2026-07-09T19:51:18.270183+00:00,#7611,Morocco,0.223145
2026-07-09T19:51:18.270183+00:00,#1890,france_champion_yes,0.323045
2026-07-09T19:51:18.270183+00:00,#1891,france_champion_no,0.676955
2026-07-09T19:51:18.270183+00:00,#1990,morocco_champion_yes,0.03172
2026-07-09T19:51:18.270183+00:00,#1991,morocco_champion_no,0.96828
2026-07-09T19:51:23.353333+00:00,#7610,France,0.7786
2026-07-09T19:51:23.353333+00:00,#7611,Morocco,0.2214
2026-07-09T19:51:23.353333+00:00,#1890,france_champion_yes,0.32305
2026-07-09T19:51:23.353333+00:00,#1891,france_champion_no,0.67695
2026-07-09T19:51:23.353333+00:00,#1990,morocco_champion_yes,0.03172
2026-07-09T19:51:23.353333+00:00,#1991,morocco_champion_no,0.96828
2026-07-09T19:51:28.572065+00:00,#7610,France,0.7786
2026-07-09T19:51:28.572065+00:00,#7611,Morocco,0.2214
2026-07-09T19:51:28.572065+00:00,#1890,france_champion_yes,0.323095
2026-07-09T19:51:28.572065+00:00,#1891,france_champion_no,0.676905
2026-07-09T19:51:28.572065+00:00,#1990,morocco_champion_yes,0.031725
2026-07-09T19:51:28.572065+00:00,#1991,morocco_champion_no,0.968275
2026-07-09T19:51:31.311948+00:00,#7610,France,0.78037
2026-07-09T19:51:31.311948+00:00,#7611,Morocco,0.21963
2026-07-09T19:51:31.311948+00:00,#1890,france_champion_yes,0.323095
2026-07-09T19:51:31.311948+00:00,#1891,france_champion_no,0.676905
2026-07-09T19:51:31.311948+00:00,#1990,morocco_champion_yes,0.031725
2026-07-09T19:51:31.311948+00:00,#1991,morocco_champion_no,0.968275
2026-07-09T19:51:33.427433+00:00,#7610,France,0.779295
2026-07-09T19:51:33.427433+00:00,#7611,Morocco,0.220705
2026-07-09T19:51:33.427433+00:00,#1890,france_champion_yes,0.323095
2026-07-09T19:51:33.427433+00:00,#1891,france_champion_no,0.676905
2026-07-09T19:51:33.427433+00:00,#1990,morocco_champion_yes,0.031725
2026-07-09T19:51:33.427433+00:00,#1991,morocco_champion_no,0.968275
2026-07-09T19:51:38.512464+00:00,#7610,France,0.779295
2026-07-09T19:51:38.512464+00:00,#7611,Morocco,0.220705
2026-07-09T19:51:38.512464+00:00,#1890,france_champion_yes,0.323095
2026-07-09T19:51:38.512464+00:00,#1891,france_champion_no,0.676905
2026-07-09T19:51:38.512464+00:00,#1990,morocco_champion_yes,0.031725
2026-07-09T19:51:38.512464+00:00,#1991,morocco_champion_no,0.968275
2026-07-09T19:51:43.667296+00:00,#7610,France,0.779295
2026-07-09T19:51:43.667296+00:00,#7611,Morocco,0.220705
2026-07-09T19:51:43.667296+00:00,#1890,france_champion_yes,0.3231
2026-07-09T19:51:43.667296+00:00,#1891,france_champion_no,0.6769
2026-07-09T19:51:43.667296+00:00,#1990,morocco_champion_yes,0.031725
2026-07-09T19:51:43.667296+00:00,#1991,morocco_champion_no,0.968275
2026-07-09T19:51:48.325619+00:00,#7610,France,0.77978
2026-07-09T19:51:48.325619+00:00,#7611,Morocco,0.22022
2026-07-09T19:51:48.325619+00:00,#1890,france_champion_yes,0.323125
2026-07-09T19:51:48.325619+00:00,#1891,france_champion_no,0.676875
2026-07-09T19:51:48.325619+00:00,#1990,morocco_champion_yes,0.031725
2026-07-09T19:51:48.325619+00:00,#1991,morocco_champion_no,0.968275
2026-07-09T19:51:50.466523+00:00,#7610,France,0.77978
2026-07-09T19:51:50.466523+00:00,#7611,Morocco,0.22022
2026-07-09T19:51:50.466523+00:00,#1890,france_champion_yes,0.323125
2026-07-09T19:51:50.466523+00:00,#1891,france_champion_no,0.676875
2026-07-09T19:51:50.466523+00:00,#1990,morocco_champion_yes,0.031725
2026-07-09T19:51:50.466523+00:00,#1991,morocco_champion_no,0.968275
2026-07-09T19:51:53.585358+00:00,#7610,France,0.779645
2026-07-09T19:51:53.585358+00:00,#7611,Morocco,0.220355
2026-07-09T19:51:53.585358+00:00,#1890,france_champion_yes,0.323125
2026-07-09T19:51:53.585358+00:00,#1891,france_champion_no,0.676875
2026-07-09T19:51:53.585358+00:00,#1990,morocco_champion_yes,0.031725
2026-07-09T19:51:53.585358+00:00,#1991,morocco_champion_no,0.968275
2026-07-09T19:51:58.870587+00:00,#7610,France,0.77978
2026-07-09T19:51:58.870587+00:00,#7611,Morocco,0.22022
2026-07-09T19:51:58.870587+00:00,#1890,france_champion_yes,0.323125
2026-07-09T19:51:58.870587+00:00,#1891,france_champion_no,0.676875
2026-07-09T19:51:58.870587+00:00,#1990,morocco_champion_yes,0.031725
2026-07-09T19:51:58.870587+00:00,#1991,morocco_champion_no,0.968275
2026-07-09T19:52:03.410338+00:00,#7610,France,0.779835
2026-07-09T19:52:03.410338+00:00,#7611,Morocco,0.220165
2026-07-09T19:52:03.410338+00:00,#1890,france_champion_yes,0.32313
2026-07-09T19:52:03.410338+00:00,#1891,france_champion_no,0.67687
2026-07-09T19:52:03.410338+00:00,#1990,morocco_champion_yes,0.031725
2026-07-09T19:52:03.410338+00:00,#1991,morocco_champion_no,0.968275
2026-07-09T19:52:05.467222+00:00,#7610,France,0.779835
2026-07-09T19:52:05.467222+00:00,#7611,Morocco,0.220165
2026-07-09T19:52:05.467222+00:00,#1890,france_champion_yes,0.32313
2026-07-09T19:52:05.467222+00:00,#1891,france_champion_no,0.67687
2026-07-09T19:52:05.467222+00:00,#1990,morocco_champion_yes,0.031725
2026-07-09T19:52:05.467222+00:00,#1991,morocco_champion_no,0.968275
2026-07-09T19:52:08.679859+00:00,#7610,France,0.779805
2026-07-09T19:52:08.679859+00:00,#7611,Morocco,0.220195
2026-07-09T19:52:08.679859+00:00,#1890,france_champion_yes,0.323145
2026-07-09T19:52:08.679859+00:00,#1891,france_champion_no,0.676855
2026-07-09T19:52:08.679859+00:00,#1990,morocco_champion_yes,0.03172
2026-07-09T19:52:08.679859+00:00,#1991,morocco_champion_no,0.96828
2026-07-09T19:52:14.078950+00:00,#7610,France,0.779835
2026-07-09T19:52:14.078950+00:00,#7611,Morocco,0.220165
2026-07-09T19:52:14.078950+00:00,#1890,france_champion_yes,0.32313
2026-07-09T19:52:14.078950+00:00,#1891,france_champion_no,0.67687
2026-07-09T19:52:14.078950+00:00,#1990,morocco_champion_yes,0.03172
2026-07-09T19:52:14.078950+00:00,#1991,morocco_champion_no,0.96828
2026-07-09T19:52:18.768218+00:00,#7610,France,0.779835
2026-07-09T19:52:18.768218+00:00,#7611,Morocco,0.220165
2026-07-09T19:52:18.768218+00:00,#1890,france_champion_yes,0.32313
2026-07-09T19:52:18.768218+00:00,#1891,france_champion_no,0.67687
2026-07-09T19:52:18.768218+00:00,#1990,morocco_champion_yes,0.031725
2026-07-09T19:52:18.768218+00:00,#1991,morocco_champion_no,0.968275
2026-07-09T19:52:22.665821+00:00,#7610,France,0.779835
2026-07-09T19:52:22.665821+00:00,#7611,Morocco,0.220165
2026-07-09T19:52:22.665821+00:00,#1890,france_champion_yes,0.32313
2026-07-09T19:52:22.665821+00:00,#1891,france_champion_no,0.67687
2026-07-09T19:52:22.665821+00:00,#1990,morocco_champion_yes,0.031725
2026-07-09T19:52:22.665821+00:00,#1991,morocco_champion_no,0.968275
2026-07-09T19:52:24.609324+00:00,#7610,France,0.779835
2026-07-09T19:52:24.609324+00:00,#7611,Morocco,0.220165
2026-07-09T19:52:24.609324+00:00,#1890,france_champion_yes,0.32313
2026-07-09T19:52:24.609324+00:00,#1891,france_champion_no,0.67687
2026-07-09T19:52:24.609324+00:00,#1990,morocco_champion_yes,0.031725
2026-07-09T19:52:24.609324+00:00,#1991,morocco_champion_no,0.968275
2026-07-09T19:52:29.142528+00:00,#7610,France,0.77983
2026-07-09T19:52:29.142528+00:00,#7611,Morocco,0.22017
2026-07-09T19:52:29.142528+00:00,#1890,france_champion_yes,0.323145
2026-07-09T19:52:29.142528+00:00,#1891,france_champion_no,0.676855
2026-07-09T19:52:29.142528+00:00,#1990,morocco_champion_yes,0.031725
2026-07-09T19:52:29.142528+00:00,#1991,morocco_champion_no,0.968275
2026-07-09T19:52:33.876934+00:00,#7610,France,0.77983
2026-07-09T19:52:33.876934+00:00,#7611,Morocco,0.22017
2026-07-09T19:52:33.876934+00:00,#1890,france_champion_yes,0.323145
2026-07-09T19:52:33.876934+00:00,#1891,france_champion_no,0.676855
2026-07-09T19:52:33.876934+00:00,#1990,morocco_champion_yes,0.031725
2026-07-09T19:52:33.876934+00:00,#1991,morocco_champion_no,0.968275
2026-07-09T19:52:39.035490+00:00,#7610,France,0.77983
2026-07-09T19:52:39.035490+00:00,#7611,Morocco,0.22017
2026-07-09T19:52:39.035490+00:00,#1890,france_champion_yes,0.323145
2026-07-09T19:52:39.035490+00:00,#1891,france_champion_no,0.676855
2026-07-09T19:52:39.035490+00:00,#1990,morocco_champion_yes,0.031725
2026-07-09T19:52:39.035490+00:00,#1991,morocco_champion_no,0.968275
2026-07-09T19:52:39.608628+00:00,#7610,France,0.77983
2026-07-09T19:52:39.608628+00:00,#7611,Morocco,0.22017
2026-07-09T19:52:39.608628+00:00,#1890,france_champion_yes,0.323145
2026-07-09T19:52:39.608628+00:00,#1891,france_champion_no,0.676855
2026-07-09T19:52:39.608628+00:00,#1990,morocco_champion_yes,0.031725
2026-07-09T19:52:39.608628+00:00,#1991,morocco_champion_no,0.968275
2026-07-09T19:52:44.235690+00:00,#7610,France,0.78001
2026-07-09T19:52:44.235690+00:00,#7611,Morocco,0.21999
2026-07-09T19:52:44.235690+00:00,#1890,france_champion_yes,0.323145
2026-07-09T19:52:44.235690+00:00,#1891,france_champion_no,0.676855
2026-07-09T19:52:44.235690+00:00,#1990,morocco_champion_yes,0.031725
2026-07-09T19:52:44.235690+00:00,#1991,morocco_champion_no,0.968275
2026-07-09T19:52:48.834698+00:00,#7610,France,0.78001
2026-07-09T19:52:48.834698+00:00,#7611,Morocco,0.21999
2026-07-09T19:52:48.834698+00:00,#1890,france_champion_yes,0.32315
2026-07-09T19:52:48.834698+00:00,#1891,france_champion_no,0.67685
2026-07-09T19:52:48.834698+00:00,#1990,morocco_champion_yes,0.031725
2026-07-09T19:52:48.834698+00:00,#1991,morocco_champion_no,0.968275
2026-07-09T19:52:54.103669+00:00,#7610,France,0.78003
2026-07-09T19:52:54.103669+00:00,#7611,Morocco,0.21997
2026-07-09T19:52:54.103669+00:00,#1890,france_champion_yes,0.323145
2026-07-09T19:52:54.103669+00:00,#1891,france_champion_no,0.676855
2026-07-09T19:52:54.103669+00:00,#1990,morocco_champion_yes,0.03172
2026-07-09T19:52:54.103669+00:00,#1991,morocco_champion_no,0.96828
2026-07-09T19:52:56.542059+00:00,#7610,France,0.78003
2026-07-09T19:52:56.542059+00:00,#7611,Morocco,0.21997
2026-07-09T19:52:56.542059+00:00,#1890,france_champion_yes,0.323145
2026-07-09T19:52:56.542059+00:00,#1891,france_champion_no,0.676855
2026-07-09T19:52:56.542059+00:00,#1990,morocco_champion_yes,0.03172
2026-07-09T19:52:56.542059+00:00,#1991,morocco_champion_no,0.96828
2026-07-09T19:52:59.418217+00:00,#7610,France,0.78003
2026-07-09T19:52:59.418217+00:00,#7611,Morocco,0.21997
2026-07-09T19:52:59.418217+00:00,#1890,france_champion_yes,0.323145
2026-07-09T19:52:59.418217+00:00,#1891,france_champion_no,0.676855
2026-07-09T19:52:59.418217+00:00,#1990,morocco_champion_yes,0.03172
2026-07-09T19:52:59.418217+00:00,#1991,morocco_champion_no,0.96828
2026-07-09T19:53:04.113500+00:00,#7610,France,0.781595
2026-07-09T19:53:04.113500+00:00,#7611,Morocco,0.218405
2026-07-09T19:53:04.113500+00:00,#1890,france_champion_yes,0.323145
2026-07-09T19:53:04.113500+00:00,#1891,france_champion_no,0.676855
2026-07-09T19:53:04.113500+00:00,#1990,morocco_champion_yes,0.03172
2026-07-09T19:53:04.113500+00:00,#1991,morocco_champion_no,0.96828
2026-07-09T19:53:09.137521+00:00,#7610,France,0.78105
2026-07-09T19:53:09.137521+00:00,#7611,Morocco,0.21895
2026-07-09T19:53:09.137521+00:00,#1890,france_champion_yes,0.32315
2026-07-09T19:53:09.137521+00:00,#1891,france_champion_no,0.67685
2026-07-09T19:53:09.137521+00:00,#1990,morocco_champion_yes,0.03172
2026-07-09T19:53:09.137521+00:00,#1991,morocco_champion_no,0.96828
2026-07-09T19:53:13.460473+00:00,#7610,France,0.781075
2026-07-09T19:53:13.460473+00:00,#7611,Morocco,0.218925
2026-07-09T19:53:13.460473+00:00,#1890,france_champion_yes,0.32315
2026-07-09T19:53:13.460473+00:00,#1891,france_champion_no,0.67685
2026-07-09T19:53:13.460473+00:00,#1990,morocco_champion_yes,0.03172
2026-07-09T19:53:13.460473+00:00,#1991,morocco_champion_no,0.96828
2026-07-09T19:53:15.542501+00:00,#7610,France,0.78105
2026-07-09T19:53:15.542501+00:00,#7611,Morocco,0.21895
2026-07-09T19:53:15.542501+00:00,#1890,france_champion_yes,0.32315
2026-07-09T19:53:15.542501+00:00,#1891,france_champion_no,0.67685
2026-07-09T19:53:15.542501+00:00,#1990,morocco_champion_yes,0.03172
2026-07-09T19:53:15.542501+00:00,#1991,morocco_champion_no,0.96828
2026-07-09T19:53:19.214872+00:00,#7610,France,0.781075
2026-07-09T19:53:19.214872+00:00,#7611,Morocco,0.218925
2026-07-09T19:53:19.214872+00:00,#1890,france_champion_yes,0.32315
2026-07-09T19:53:19.214872+00:00,#1891,france_champion_no,0.67685
2026-07-09T19:53:19.214872+00:00,#1990,morocco_champion_yes,0.03172
2026-07-09T19:53:19.214872+00:00,#1991,morocco_champion_no,0.96828
2026-07-09T19:53:24.348463+00:00,#7610,France,0.78105
2026-07-09T19:53:24.348463+00:00,#7611,Morocco,0.21895
2026-07-09T19:53:24.348463+00:00,#1890,france_champion_yes,0.32315
2026-07-09T19:53:24.348463+00:00,#1891,france_champion_no,0.67685
2026-07-09T19:53:24.348463+00:00,#1990,morocco_champion_yes,0.03172
2026-07-09T19:53:24.348463+00:00,#1991,morocco_champion_no,0.96828
2026-07-09T19:53:29.893218+00:00,#7610,France,0.78105
2026-07-09T19:53:29.893218+00:00,#7611,Morocco,0.21895
2026-07-09T19:53:29.893218+00:00,#1890,france_champion_yes,0.323155
2026-07-09T19:53:29.893218+00:00,#1891,france_champion_no,0.676845
2026-07-09T19:53:29.893218+00:00,#1990,morocco_champion_yes,0.03172
2026-07-09T19:53:29.893218+00:00,#1991,morocco_champion_no,0.96828
2026-07-09T19:53:30.543309+00:00,#7610,France,0.78105
2026-07-09T19:53:30.543309+00:00,#7611,Morocco,0.21895
2026-07-09T19:53:30.543309+00:00,#1890,france_champion_yes,0.323155
2026-07-09T19:53:30.543309+00:00,#1891,france_champion_no,0.676845
2026-07-09T19:53:30.543309+00:00,#1990,morocco_champion_yes,0.03172
2026-07-09T19:53:30.543309+00:00,#1991,morocco_champion_no,0.96828
2026-07-09T19:53:34.387741+00:00,#7610,France,0.78105
2026-07-09T19:53:34.387741+00:00,#7611,Morocco,0.21895
2026-07-09T19:53:34.387741+00:00,#1890,france_champion_yes,0.323155
2026-07-09T19:53:34.387741+00:00,#1891,france_champion_no,0.676845
2026-07-09T19:53:34.387741+00:00,#1990,morocco_champion_yes,0.03172
2026-07-09T19:53:34.387741+00:00,#1991,morocco_champion_no,0.96828
2026-07-09T19:53:39.418220+00:00,#7610,France,0.78105
2026-07-09T19:53:39.418220+00:00,#7611,Morocco,0.21895
2026-07-09T19:53:39.418220+00:00,#1890,france_champion_yes,0.323155
2026-07-09T19:53:39.418220+00:00,#1891,france_champion_no,0.676845
2026-07-09T19:53:39.418220+00:00,#1990,morocco_champion_yes,0.031475
2026-07-09T19:53:39.418220+00:00,#1991,morocco_champion_no,0.968525
2026-07-09T19:53:44.755250+00:00,#7610,France,0.773175
2026-07-09T19:53:44.755250+00:00,#7611,Morocco,0.226825
2026-07-09T19:53:44.755250+00:00,#1890,france_champion_yes,0.323155
2026-07-09T19:53:44.755250+00:00,#1891,france_champion_no,0.676845
2026-07-09T19:53:44.755250+00:00,#1990,morocco_champion_yes,0.031475
2026-07-09T19:53:44.755250+00:00,#1991,morocco_champion_no,0.968525
2026-07-09T19:53:47.454420+00:00,#7610,France,0.773175
2026-07-09T19:53:47.454420+00:00,#7611,Morocco,0.226825
2026-07-09T19:53:47.454420+00:00,#1890,france_champion_yes,0.323155
2026-07-09T19:53:47.454420+00:00,#1891,france_champion_no,0.676845
2026-07-09T19:53:47.454420+00:00,#1990,morocco_champion_yes,0.031475
2026-07-09T19:53:47.454420+00:00,#1991,morocco_champion_no,0.968525
2026-07-09T19:53:49.545646+00:00,#7610,France,0.773175
2026-07-09T19:53:49.545646+00:00,#7611,Morocco,0.226825
2026-07-09T19:53:49.545646+00:00,#1890,france_champion_yes,0.323155
2026-07-09T19:53:49.545646+00:00,#1891,france_champion_no,0.676845
2026-07-09T19:53:49.545646+00:00,#1990,morocco_champion_yes,0.031475
2026-07-09T19:53:49.545646+00:00,#1991,morocco_champion_no,0.968525
2026-07-09T19:53:54.485642+00:00,#7610,France,0.773175
2026-07-09T19:53:54.485642+00:00,#7611,Morocco,0.226825
2026-07-09T19:53:54.485642+00:00,#1890,france_champion_yes,0.323155
2026-07-09T19:53:54.485642+00:00,#1891,france_champion_no,0.676845
2026-07-09T19:53:54.485642+00:00,#1990,morocco_champion_yes,0.031475
2026-07-09T19:53:54.485642+00:00,#1991,morocco_champion_no,0.968525
2026-07-09T19:53:59.779444+00:00,#7610,France,0.773175
2026-07-09T19:53:59.779444+00:00,#7611,Morocco,0.226825
2026-07-09T19:53:59.779444+00:00,#1890,france_champion_yes,0.323155
2026-07-09T19:53:59.779444+00:00,#1891,france_champion_no,0.676845
2026-07-09T19:53:59.779444+00:00,#1990,morocco_champion_yes,0.031475
2026-07-09T19:53:59.779444+00:00,#1991,morocco_champion_no,0.968525
2026-07-09T19:54:04.466428+00:00,#7610,France,0.773175
2026-07-09T19:54:04.466428+00:00,#7611,Morocco,0.226825
2026-07-09T19:54:04.466428+00:00,#1890,france_champion_yes,0.323155
2026-07-09T19:54:04.466428+00:00,#1891,france_champion_no,0.676845
2026-07-09T19:54:04.466428+00:00,#1990,morocco_champion_yes,0.031475
2026-07-09T19:54:04.466428+00:00,#1991,morocco_champion_no,0.968525
2026-07-09T19:54:06.522260+00:00,#7610,France,0.773175
2026-07-09T19:54:06.522260+00:00,#7611,Morocco,0.226825
2026-07-09T19:54:06.522260+00:00,#1890,france_champion_yes,0.323155
2026-07-09T19:54:06.522260+00:00,#1891,france_champion_no,0.676845
2026-07-09T19:54:06.522260+00:00,#1990,morocco_champion_yes,0.031475
2026-07-09T19:54:06.522260+00:00,#1991,morocco_champion_no,0.968525
2026-07-09T19:54:09.369154+00:00,#7610,France,0.77317
2026-07-09T19:54:09.369154+00:00,#7611,Morocco,0.22683
2026-07-09T19:54:09.369154+00:00,#1890,france_champion_yes,0.323155
2026-07-09T19:54:09.369154+00:00,#1891,france_champion_no,0.676845
2026-07-09T19:54:09.369154+00:00,#1990,morocco_champion_yes,0.031475
2026-07-09T19:54:09.369154+00:00,#1991,morocco_champion_no,0.968525
2026-07-09T19:54:14.927780+00:00,#7610,France,0.77317
2026-07-09T19:54:14.927780+00:00,#7611,Morocco,0.22683
2026-07-09T19:54:14.927780+00:00,#1890,france_champion_yes,0.323155
2026-07-09T19:54:14.927780+00:00,#1891,france_champion_no,0.676845
2026-07-09T19:54:14.927780+00:00,#1990,morocco_champion_yes,0.031475
2026-07-09T19:54:14.927780+00:00,#1991,morocco_champion_no,0.968525
2026-07-09T19:54:19.732624+00:00,#7610,France,0.773175
2026-07-09T19:54:19.732624+00:00,#7611,Morocco,0.226825
2026-07-09T19:54:19.732624+00:00,#1890,france_champion_yes,0.32317
2026-07-09T19:54:19.732624+00:00,#1891,france_champion_no,0.67683
2026-07-09T19:54:19.732624+00:00,#1990,morocco_champion_yes,0.031475
2026-07-09T19:54:19.732624+00:00,#1991,morocco_champion_no,0.968525
2026-07-09T19:54:21.522550+00:00,#7610,France,0.773175
2026-07-09T19:54:21.522550+00:00,#7611,Morocco,0.226825
2026-07-09T19:54:21.522550+00:00,#1890,france_champion_yes,0.32317
2026-07-09T19:54:21.522550+00:00,#1891,france_champion_no,0.67683
2026-07-09T19:54:21.522550+00:00,#1990,morocco_champion_yes,0.031475
2026-07-09T19:54:21.522550+00:00,#1991,morocco_champion_no,0.968525
2026-07-09T19:54:24.502213+00:00,#7610,France,0.77317
2026-07-09T19:54:24.502213+00:00,#7611,Morocco,0.22683
2026-07-09T19:54:24.502213+00:00,#1890,france_champion_yes,0.32317
2026-07-09T19:54:24.502213+00:00,#1891,france_champion_no,0.67683
2026-07-09T19:54:24.502213+00:00,#1990,morocco_champion_yes,0.031475
2026-07-09T19:54:24.502213+00:00,#1991,morocco_champion_no,0.968525
2026-07-09T19:54:30.662017+00:00,#7610,France,0.77317
2026-07-09T19:54:30.662017+00:00,#7611,Morocco,0.22683
2026-07-09T19:54:30.662017+00:00,#1890,france_champion_yes,0.32318
2026-07-09T19:54:30.662017+00:00,#1891,france_champion_no,0.67682
2026-07-09T19:54:30.662017+00:00,#1990,morocco_champion_yes,0.031475
2026-07-09T19:54:30.662017+00:00,#1991,morocco_champion_no,0.968525
2026-07-09T19:54:34.928995+00:00,#7610,France,0.77317
2026-07-09T19:54:34.928995+00:00,#7611,Morocco,0.22683
2026-07-09T19:54:34.928995+00:00,#1890,france_champion_yes,0.32318
2026-07-09T19:54:34.928995+00:00,#1891,france_champion_no,0.67682
2026-07-09T19:54:34.928995+00:00,#1990,morocco_champion_yes,0.03147
2026-07-09T19:54:34.928995+00:00,#1991,morocco_champion_no,0.96853
2026-07-09T19:54:38.199353+00:00,#7610,France,0.77317
2026-07-09T19:54:38.199353+00:00,#7611,Morocco,0.22683
2026-07-09T19:54:38.199353+00:00,#1890,france_champion_yes,0.32318
2026-07-09T19:54:38.199353+00:00,#1891,france_champion_no,0.67682
2026-07-09T19:54:38.199353+00:00,#1990,morocco_champion_yes,0.03147
2026-07-09T19:54:38.199353+00:00,#1991,morocco_champion_no,0.96853
2026-07-09T19:54:40.115519+00:00,#7610,France,0.77317
2026-07-09T19:54:40.115519+00:00,#7611,Morocco,0.22683
2026-07-09T19:54:40.115519+00:00,#1890,france_champion_yes,0.32318
2026-07-09T19:54:40.115519+00:00,#1891,france_champion_no,0.67682
2026-07-09T19:54:40.115519+00:00,#1990,morocco_champion_yes,0.0319
2026-07-09T19:54:40.115519+00:00,#1991,morocco_champion_no,0.9681
2026-07-09T19:54:45.631866+00:00,#7610,France,0.77317
2026-07-09T19:54:45.631866+00:00,#7611,Morocco,0.22683
2026-07-09T19:54:45.631866+00:00,#1890,france_champion_yes,0.32318
2026-07-09T19:54:45.631866+00:00,#1891,france_champion_no,0.67682
2026-07-09T19:54:45.631866+00:00,#1990,morocco_champion_yes,0.03147
2026-07-09T19:54:45.631866+00:00,#1991,morocco_champion_no,0.96853
2026-07-09T19:54:49.989862+00:00,#7610,France,0.77317
2026-07-09T19:54:49.989862+00:00,#7611,Morocco,0.22683
2026-07-09T19:54:49.989862+00:00,#1890,france_champion_yes,0.3232
2026-07-09T19:54:49.989862+00:00,#1891,france_champion_no,0.6768
2026-07-09T19:54:49.989862+00:00,#1990,morocco_champion_yes,0.03147
2026-07-09T19:54:49.989862+00:00,#1991,morocco_champion_no,0.96853
2026-07-09T19:54:54.955874+00:00,#7610,France,0.77317
2026-07-09T19:54:54.955874+00:00,#7611,Morocco,0.22683
2026-07-09T19:54:54.955874+00:00,#1890,france_champion_yes,0.3232
2026-07-09T19:54:54.955874+00:00,#1891,france_champion_no,0.6768
2026-07-09T19:54:54.955874+00:00,#1990,morocco_champion_yes,0.03147
2026-07-09T19:54:54.955874+00:00,#1991,morocco_champion_no,0.96853
2026-07-09T19:54:55.114393+00:00,#7610,France,0.77317
2026-07-09T19:54:55.114393+00:00,#7611,Morocco,0.22683
2026-07-09T19:54:55.114393+00:00,#1890,france_champion_yes,0.3232
2026-07-09T19:54:55.114393+00:00,#1891,france_champion_no,0.6768
2026-07-09T19:54:55.114393+00:00,#1990,morocco_champion_yes,0.03147
2026-07-09T19:54:55.114393+00:00,#1991,morocco_champion_no,0.96853
2026-07-09T19:55:00.150424+00:00,#7610,France,0.77317
2026-07-09T19:55:00.150424+00:00,#7611,Morocco,0.22683
2026-07-09T19:55:00.150424+00:00,#1890,france_champion_yes,0.3232
2026-07-09T19:55:00.150424+00:00,#1891,france_champion_no,0.6768
2026-07-09T19:55:00.150424+00:00,#1990,morocco_champion_yes,0.03147
2026-07-09T19:55:00.150424+00:00,#1991,morocco_champion_no,0.96853
2026-07-09T19:55:05.022353+00:00,#7610,France,0.77317
2026-07-09T19:55:05.022353+00:00,#7611,Morocco,0.22683
2026-07-09T19:55:05.022353+00:00,#1890,france_champion_yes,0.3232
2026-07-09T19:55:05.022353+00:00,#1891,france_champion_no,0.6768
2026-07-09T19:55:05.022353+00:00,#1990,morocco_champion_yes,0.03147
2026-07-09T19:55:05.022353+00:00,#1991,morocco_champion_no,0.96853
2026-07-09T19:55:10.114054+00:00,#7610,France,0.77317
2026-07-09T19:55:10.114054+00:00,#7611,Morocco,0.22683
2026-07-09T19:55:10.114054+00:00,#1890,france_champion_yes,0.32321
2026-07-09T19:55:10.114054+00:00,#1891,france_champion_no,0.67679
2026-07-09T19:55:10.114054+00:00,#1990,morocco_champion_yes,0.03147
2026-07-09T19:55:10.114054+00:00,#1991,morocco_champion_no,0.96853
2026-07-09T19:55:12.028204+00:00,#7610,France,0.77317
2026-07-09T19:55:12.028204+00:00,#7611,Morocco,0.22683
2026-07-09T19:55:12.028204+00:00,#1890,france_champion_yes,0.32321
2026-07-09T19:55:12.028204+00:00,#1891,france_champion_no,0.67679
2026-07-09T19:55:12.028204+00:00,#1990,morocco_champion_yes,0.03147
2026-07-09T19:55:12.028204+00:00,#1991,morocco_champion_no,0.96853
2026-07-09T19:55:15.457424+00:00,#7610,France,0.77317
2026-07-09T19:55:15.457424+00:00,#7611,Morocco,0.22683
2026-07-09T19:55:15.457424+00:00,#1890,france_champion_yes,0.32321
2026-07-09T19:55:15.457424+00:00,#1891,france_champion_no,0.67679
2026-07-09T19:55:15.457424+00:00,#1990,morocco_champion_yes,0.03147
2026-07-09T19:55:15.457424+00:00,#1991,morocco_champion_no,0.96853
2026-07-09T19:55:20.214023+00:00,#7610,France,0.773185
2026-07-09T19:55:20.214023+00:00,#7611,Morocco,0.226815
2026-07-09T19:55:20.214023+00:00,#1890,france_champion_yes,0.32321
2026-07-09T19:55:20.214023+00:00,#1891,france_champion_no,0.67679
2026-07-09T19:55:20.214023+00:00,#1990,morocco_champion_yes,0.03147
2026-07-09T19:55:20.214023+00:00,#1991,morocco_champion_no,0.96853
2026-07-09T19:55:25.212788+00:00,#7610,France,0.7732
2026-07-09T19:55:25.212788+00:00,#7611,Morocco,0.2268
2026-07-09T19:55:25.212788+00:00,#1890,france_champion_yes,0.32321
2026-07-09T19:55:25.212788+00:00,#1891,france_champion_no,0.67679
2026-07-09T19:55:25.212788+00:00,#1990,morocco_champion_yes,0.03147
2026-07-09T19:55:25.212788+00:00,#1991,morocco_champion_no,0.96853
2026-07-09T19:55:28.979132+00:00,#7610,France,0.7732
2026-07-09T19:55:28.979132+00:00,#7611,Morocco,0.2268
2026-07-09T19:55:28.979132+00:00,#1890,france_champion_yes,0.32321
2026-07-09T19:55:28.979132+00:00,#1891,france_champion_no,0.67679
2026-07-09T19:55:28.979132+00:00,#1990,morocco_champion_yes,0.03147
2026-07-09T19:55:28.979132+00:00,#1991,morocco_champion_no,0.96853
2026-07-09T19:55:30.947575+00:00,#7610,France,0.773185
2026-07-09T19:55:30.947575+00:00,#7611,Morocco,0.226815
2026-07-09T19:55:30.947575+00:00,#1890,france_champion_yes,0.323215
2026-07-09T19:55:30.947575+00:00,#1891,france_champion_no,0.676785
2026-07-09T19:55:30.947575+00:00,#1990,morocco_champion_yes,0.03147
2026-07-09T19:55:30.947575+00:00,#1991,morocco_champion_no,0.96853
2026-07-09T19:55:35.336867+00:00,#7610,France,0.773185
2026-07-09T19:55:35.336867+00:00,#7611,Morocco,0.226815
2026-07-09T19:55:35.336867+00:00,#1890,france_champion_yes,0.323215
2026-07-09T19:55:35.336867+00:00,#1891,france_champion_no,0.676785
2026-07-09T19:55:35.336867+00:00,#1990,morocco_champion_yes,0.03147
2026-07-09T19:55:35.336867+00:00,#1991,morocco_champion_no,0.96853
2026-07-09T19:55:40.342576+00:00,#7610,France,0.773185
2026-07-09T19:55:40.342576+00:00,#7611,Morocco,0.226815
2026-07-09T19:55:40.342576+00:00,#1890,france_champion_yes,0.323215
2026-07-09T19:55:40.342576+00:00,#1891,france_champion_no,0.676785
2026-07-09T19:55:40.342576+00:00,#1990,morocco_champion_yes,0.03147
2026-07-09T19:55:40.342576+00:00,#1991,morocco_champion_no,0.96853
2026-07-09T19:55:45.511912+00:00,#7610,France,0.773185
2026-07-09T19:55:45.511912+00:00,#7611,Morocco,0.226815
2026-07-09T19:55:45.511912+00:00,#1890,france_champion_yes,0.323215
2026-07-09T19:55:45.511912+00:00,#1891,france_champion_no,0.676785
2026-07-09T19:55:45.511912+00:00,#1990,morocco_champion_yes,0.03147
2026-07-09T19:55:45.511912+00:00,#1991,morocco_champion_no,0.96853
2026-07-09T19:55:45.947702+00:00,#7610,France,0.773185
2026-07-09T19:55:45.947702+00:00,#7611,Morocco,0.226815
2026-07-09T19:55:45.947702+00:00,#1890,france_champion_yes,0.323215
2026-07-09T19:55:45.947702+00:00,#1891,france_champion_no,0.676785
2026-07-09T19:55:45.947702+00:00,#1990,morocco_champion_yes,0.03147
2026-07-09T19:55:45.947702+00:00,#1991,morocco_champion_no,0.96853
2026-07-09T19:55:50.365050+00:00,#7610,France,0.773185
2026-07-09T19:55:50.365050+00:00,#7611,Morocco,0.226815
2026-07-09T19:55:50.365050+00:00,#1890,france_champion_yes,0.323215
2026-07-09T19:55:50.365050+00:00,#1891,france_champion_no,0.676785
2026-07-09T19:55:50.365050+00:00,#1990,morocco_champion_yes,0.03147
2026-07-09T19:55:50.365050+00:00,#1991,morocco_champion_no,0.96853
2026-07-09T19:55:55.442862+00:00,#7610,France,0.773235
2026-07-09T19:55:55.442862+00:00,#7611,Morocco,0.226765
2026-07-09T19:55:55.442862+00:00,#1890,france_champion_yes,0.323215
2026-07-09T19:55:55.442862+00:00,#1891,france_champion_no,0.676785
2026-07-09T19:55:55.442862+00:00,#1990,morocco_champion_yes,0.03147
2026-07-09T19:55:55.442862+00:00,#1991,morocco_champion_no,0.96853
2026-07-09T19:56:00.657084+00:00,#7610,France,0.773235
2026-07-09T19:56:00.657084+00:00,#7611,Morocco,0.226765
2026-07-09T19:56:00.657084+00:00,#1890,france_champion_yes,0.323215
2026-07-09T19:56:00.657084+00:00,#1891,france_champion_no,0.676785
2026-07-09T19:56:00.657084+00:00,#1990,morocco_champion_yes,0.03147
2026-07-09T19:56:00.657084+00:00,#1991,morocco_champion_no,0.96853
2026-07-09T19:56:02.846558+00:00,#7610,France,0.773235
2026-07-09T19:56:02.846558+00:00,#7611,Morocco,0.226765
2026-07-09T19:56:02.846558+00:00,#1890,france_champion_yes,0.323215
2026-07-09T19:56:02.846558+00:00,#1891,france_champion_no,0.676785
2026-07-09T19:56:02.846558+00:00,#1990,morocco_champion_yes,0.03147
2026-07-09T19:56:02.846558+00:00,#1991,morocco_champion_no,0.96853
2026-07-09T19:56:05.504091+00:00,#7610,France,0.773235
2026-07-09T19:56:05.504091+00:00,#7611,Morocco,0.226765
2026-07-09T19:56:05.504091+00:00,#1890,france_champion_yes,0.323245
2026-07-09T19:56:05.504091+00:00,#1891,france_champion_no,0.676755
2026-07-09T19:56:05.504091+00:00,#1990,morocco_champion_yes,0.03147
2026-07-09T19:56:05.504091+00:00,#1991,morocco_champion_no,0.96853
2026-07-09T19:56:10.521709+00:00,#7610,France,0.773235
2026-07-09T19:56:10.521709+00:00,#7611,Morocco,0.226765
2026-07-09T19:56:10.521709+00:00,#1890,france_champion_yes,0.323245
2026-07-09T19:56:10.521709+00:00,#1891,france_champion_no,0.676755
2026-07-09T19:56:10.521709+00:00,#1990,morocco_champion_yes,0.03147
2026-07-09T19:56:10.521709+00:00,#1991,morocco_champion_no,0.96853
2026-07-09T19:56:15.973784+00:00,#7610,France,0.773235
2026-07-09T19:56:15.973784+00:00,#7611,Morocco,0.226765
2026-07-09T19:56:15.973784+00:00,#1890,france_champion_yes,0.323245
2026-07-09T19:56:15.973784+00:00,#1891,france_champion_no,0.676755
2026-07-09T19:56:15.973784+00:00,#1990,morocco_champion_yes,0.03147
2026-07-09T19:56:15.973784+00:00,#1991,morocco_champion_no,0.96853
2026-07-09T19:56:19.881701+00:00,#7610,France,0.773235
2026-07-09T19:56:19.881701+00:00,#7611,Morocco,0.226765
2026-07-09T19:56:19.881701+00:00,#1890,france_champion_yes,0.323245
2026-07-09T19:56:19.881701+00:00,#1891,france_champion_no,0.676755
2026-07-09T19:56:19.881701+00:00,#1990,morocco_champion_yes,0.03147
2026-07-09T19:56:19.881701+00:00,#1991,morocco_champion_no,0.96853
2026-07-09T19:56:21.836028+00:00,#7610,France,0.773235
2026-07-09T19:56:21.836028+00:00,#7611,Morocco,0.226765
2026-07-09T19:56:21.836028+00:00,#1890,france_champion_yes,0.323245
2026-07-09T19:56:21.836028+00:00,#1891,france_champion_no,0.676755
2026-07-09T19:56:21.836028+00:00,#1990,morocco_champion_yes,0.03147
2026-07-09T19:56:21.836028+00:00,#1991,morocco_champion_no,0.96853
2026-07-09T19:56:25.609245+00:00,#7610,France,0.773235
2026-07-09T19:56:25.609245+00:00,#7611,Morocco,0.226765
2026-07-09T19:56:25.609245+00:00,#1890,france_champion_yes,0.323245
2026-07-09T19:56:25.609245+00:00,#1891,france_champion_no,0.676755
2026-07-09T19:56:25.609245+00:00,#1990,morocco_champion_yes,0.03147
2026-07-09T19:56:25.609245+00:00,#1991,morocco_champion_no,0.96853
2026-07-09T19:56:30.935832+00:00,#7610,France,0.773235
2026-07-09T19:56:30.935832+00:00,#7611,Morocco,0.226765
2026-07-09T19:56:30.935832+00:00,#1890,france_champion_yes,0.323255
2026-07-09T19:56:30.935832+00:00,#1891,france_champion_no,0.676745
2026-07-09T19:56:30.935832+00:00,#1990,morocco_champion_yes,0.03147
2026-07-09T19:56:30.935832+00:00,#1991,morocco_champion_no,0.96853
2026-07-09T19:56:35.494330+00:00,#7610,France,0.773235
2026-07-09T19:56:35.494330+00:00,#7611,Morocco,0.226765
2026-07-09T19:56:35.494330+00:00,#1890,france_champion_yes,0.323165
2026-07-09T19:56:35.494330+00:00,#1891,france_champion_no,0.676835
2026-07-09T19:56:35.494330+00:00,#1990,morocco_champion_yes,0.03147
2026-07-09T19:56:35.494330+00:00,#1991,morocco_champion_no,0.96853
2026-07-09T19:56:36.835858+00:00,#7610,France,0.773235
2026-07-09T19:56:36.835858+00:00,#7611,Morocco,0.226765
2026-07-09T19:56:36.835858+00:00,#1890,france_champion_yes,0.323255
2026-07-09T19:56:36.835858+00:00,#1891,france_champion_no,0.676745
2026-07-09T19:56:36.835858+00:00,#1990,morocco_champion_yes,0.03147
2026-07-09T19:56:36.835858+00:00,#1991,morocco_champion_no,0.96853
2026-07-09T19:56:40.745995+00:00,#7610,France,0.77768
2026-07-09T19:56:40.745995+00:00,#7611,Morocco,0.22232
2026-07-09T19:56:40.745995+00:00,#1890,france_champion_yes,0.323165
2026-07-09T19:56:40.745995+00:00,#1891,france_champion_no,0.676835
2026-07-09T19:56:40.745995+00:00,#1990,morocco_champion_yes,0.03147
2026-07-09T19:56:40.745995+00:00,#1991,morocco_champion_no,0.96853
2026-07-09T19:56:46.023506+00:00,#7610,France,0.773235
2026-07-09T19:56:46.023506+00:00,#7611,Morocco,0.226765
2026-07-09T19:56:46.023506+00:00,#1890,france_champion_yes,0.323165
2026-07-09T19:56:46.023506+00:00,#1891,france_champion_no,0.676835
2026-07-09T19:56:46.023506+00:00,#1990,morocco_champion_yes,0.03154
2026-07-09T19:56:46.023506+00:00,#1991,morocco_champion_no,0.96846
2026-07-09T19:56:50.661846+00:00,#7610,France,0.77768
2026-07-09T19:56:50.661846+00:00,#7611,Morocco,0.22232
2026-07-09T19:56:50.661846+00:00,#1890,france_champion_yes,0.323125
2026-07-09T19:56:50.661846+00:00,#1891,france_champion_no,0.676875
2026-07-09T19:56:50.661846+00:00,#1990,morocco_champion_yes,0.03154
2026-07-09T19:56:50.661846+00:00,#1991,morocco_champion_no,0.96846
2026-07-09T19:56:53.915237+00:00,#7610,France,0.773235
2026-07-09T19:56:53.915237+00:00,#7611,Morocco,0.226765
2026-07-09T19:56:53.915237+00:00,#1890,france_champion_yes,0.32309
2026-07-09T19:56:53.915237+00:00,#1891,france_champion_no,0.67691
2026-07-09T19:56:53.915237+00:00,#1990,morocco_champion_yes,0.03154
2026-07-09T19:56:53.915237+00:00,#1991,morocco_champion_no,0.96846
2026-07-09T19:56:56.058783+00:00,#7610,France,0.773235
2026-07-09T19:56:56.058783+00:00,#7611,Morocco,0.226765
2026-07-09T19:56:56.058783+00:00,#1890,france_champion_yes,0.32309
2026-07-09T19:56:56.058783+00:00,#1891,france_champion_no,0.67691
2026-07-09T19:56:56.058783+00:00,#1990,morocco_champion_yes,0.03154
2026-07-09T19:56:56.058783+00:00,#1991,morocco_champion_no,0.96846
2026-07-09T19:57:01.133894+00:00,#7610,France,0.77768
2026-07-09T19:57:01.133894+00:00,#7611,Morocco,0.22232
2026-07-09T19:57:01.133894+00:00,#1890,france_champion_yes,0.323005
2026-07-09T19:57:01.133894+00:00,#1891,france_champion_no,0.676995
2026-07-09T19:57:01.133894+00:00,#1990,morocco_champion_yes,0.03154
2026-07-09T19:57:01.133894+00:00,#1991,morocco_champion_no,0.96846
2026-07-09T19:57:05.905176+00:00,#7610,France,0.77768
2026-07-09T19:57:05.905176+00:00,#7611,Morocco,0.22232
2026-07-09T19:57:05.905176+00:00,#1890,france_champion_yes,0.323005
2026-07-09T19:57:05.905176+00:00,#1891,france_champion_no,0.676995
2026-07-09T19:57:05.905176+00:00,#1990,morocco_champion_yes,0.03154
2026-07-09T19:57:05.905176+00:00,#1991,morocco_champion_no,0.96846
2026-07-09T19:57:10.934056+00:00,#7610,France,0.777655
2026-07-09T19:57:10.934056+00:00,#7611,Morocco,0.222345
2026-07-09T19:57:10.934056+00:00,#1890,france_champion_yes,0.323005
2026-07-09T19:57:10.934056+00:00,#1891,france_champion_no,0.676995
2026-07-09T19:57:10.934056+00:00,#1990,morocco_champion_yes,0.03147
2026-07-09T19:57:10.934056+00:00,#1991,morocco_champion_no,0.96853
2026-07-09T19:57:11.058306+00:00,#7610,France,0.777705
2026-07-09T19:57:11.058306+00:00,#7611,Morocco,0.222295
2026-07-09T19:57:11.058306+00:00,#1890,france_champion_yes,0.323005
2026-07-09T19:57:11.058306+00:00,#1891,france_champion_no,0.676995
2026-07-09T19:57:11.058306+00:00,#1990,morocco_champion_yes,0.03147
2026-07-09T19:57:11.058306+00:00,#1991,morocco_champion_no,0.96853
2026-07-09T19:57:16.324376+00:00,#7610,France,0.777655
2026-07-09T19:57:16.324376+00:00,#7611,Morocco,0.222345
2026-07-09T19:57:16.324376+00:00,#1890,france_champion_yes,0.323005
2026-07-09T19:57:16.324376+00:00,#1891,france_champion_no,0.676995
2026-07-09T19:57:16.324376+00:00,#1990,morocco_champion_yes,0.03147
2026-07-09T19:57:16.324376+00:00,#1991,morocco_champion_no,0.96853
2026-07-09T19:57:21.000887+00:00,#7610,France,0.777705
2026-07-09T19:57:21.000887+00:00,#7611,Morocco,0.222295
2026-07-09T19:57:21.000887+00:00,#1890,france_champion_yes,0.323005
2026-07-09T19:57:21.000887+00:00,#1891,france_champion_no,0.676995
2026-07-09T19:57:21.000887+00:00,#1990,morocco_champion_yes,0.03147
2026-07-09T19:57:21.000887+00:00,#1991,morocco_champion_no,0.96853
2026-07-09T19:57:26.118764+00:00,#7610,France,0.77763
2026-07-09T19:57:26.118764+00:00,#7611,Morocco,0.22237
2026-07-09T19:57:26.118764+00:00,#1890,france_champion_yes,0.323005
2026-07-09T19:57:26.118764+00:00,#1891,france_champion_no,0.676995
2026-07-09T19:57:26.118764+00:00,#1990,morocco_champion_yes,0.031495
2026-07-09T19:57:26.118764+00:00,#1991,morocco_champion_no,0.968505
2026-07-09T19:57:28.254433+00:00,#7610,France,0.77763
2026-07-09T19:57:28.254433+00:00,#7611,Morocco,0.22237
2026-07-09T19:57:28.254433+00:00,#1890,france_champion_yes,0.323005
2026-07-09T19:57:28.254433+00:00,#1891,france_champion_no,0.676995
2026-07-09T19:57:28.254433+00:00,#1990,morocco_champion_yes,0.031495
2026-07-09T19:57:28.254433+00:00,#1991,morocco_champion_no,0.968505
2026-07-09T19:57:31.378519+00:00,#7610,France,0.77763
2026-07-09T19:57:31.378519+00:00,#7611,Morocco,0.22237
2026-07-09T19:57:31.378519+00:00,#1890,france_champion_yes,0.323005
2026-07-09T19:57:31.378519+00:00,#1891,france_champion_no,0.676995
2026-07-09T19:57:31.378519+00:00,#1990,morocco_champion_yes,0.031495
2026-07-09T19:57:31.378519+00:00,#1991,morocco_champion_no,0.968505
2026-07-09T19:57:36.919016+00:00,#7610,France,0.77763
2026-07-09T19:57:36.919016+00:00,#7611,Morocco,0.22237
2026-07-09T19:57:36.919016+00:00,#1890,france_champion_yes,0.323005
2026-07-09T19:57:36.919016+00:00,#1891,france_champion_no,0.676995
2026-07-09T19:57:36.919016+00:00,#1990,morocco_champion_yes,0.031495
2026-07-09T19:57:36.919016+00:00,#1991,morocco_champion_no,0.968505
2026-07-09T19:57:41.226726+00:00,#7610,France,0.77763
2026-07-09T19:57:41.226726+00:00,#7611,Morocco,0.22237
2026-07-09T19:57:41.226726+00:00,#1890,france_champion_yes,0.323005
2026-07-09T19:57:41.226726+00:00,#1891,france_champion_no,0.676995
2026-07-09T19:57:41.226726+00:00,#1990,morocco_champion_yes,0.031645
2026-07-09T19:57:41.226726+00:00,#1991,morocco_champion_no,0.968355
2026-07-09T19:57:45.316998+00:00,#7610,France,0.77763
2026-07-09T19:57:45.316998+00:00,#7611,Morocco,0.22237
2026-07-09T19:57:45.316998+00:00,#1890,france_champion_yes,0.323005
2026-07-09T19:57:45.316998+00:00,#1891,france_champion_no,0.676995
2026-07-09T19:57:45.316998+00:00,#1990,morocco_champion_yes,0.031645
2026-07-09T19:57:45.316998+00:00,#1991,morocco_champion_no,0.968355
2026-07-09T19:57:47.024482+00:00,#7610,France,0.77763
2026-07-09T19:57:47.024482+00:00,#7611,Morocco,0.22237
2026-07-09T19:57:47.024482+00:00,#1890,france_champion_yes,0.323005
2026-07-09T19:57:47.024482+00:00,#1891,france_champion_no,0.676995
2026-07-09T19:57:47.024482+00:00,#1990,morocco_champion_yes,0.03218
2026-07-09T19:57:47.024482+00:00,#1991,morocco_champion_no,0.96782
2026-07-09T19:57:51.275312+00:00,#7610,France,0.77763
2026-07-09T19:57:51.275312+00:00,#7611,Morocco,0.22237
2026-07-09T19:57:51.275312+00:00,#1890,france_champion_yes,0.323005
2026-07-09T19:57:51.275312+00:00,#1891,france_champion_no,0.676995
2026-07-09T19:57:51.275312+00:00,#1990,morocco_champion_yes,0.03218
2026-07-09T19:57:51.275312+00:00,#1991,morocco_champion_no,0.96782
2026-07-09T19:57:56.383074+00:00,#7610,France,0.77986
2026-07-09T19:57:56.383074+00:00,#7611,Morocco,0.22014
2026-07-09T19:57:56.383074+00:00,#1890,france_champion_yes,0.323005
2026-07-09T19:57:56.383074+00:00,#1891,france_champion_no,0.676995
2026-07-09T19:57:56.383074+00:00,#1990,morocco_champion_yes,0.032165
2026-07-09T19:57:56.383074+00:00,#1991,morocco_champion_no,0.967835
2026-07-09T19:58:01.932249+00:00,#7610,France,0.779885
2026-07-09T19:58:01.932249+00:00,#7611,Morocco,0.220115
2026-07-09T19:58:01.932249+00:00,#1890,france_champion_yes,0.323005
2026-07-09T19:58:01.932249+00:00,#1891,france_champion_no,0.676995
2026-07-09T19:58:01.932249+00:00,#1990,morocco_champion_yes,0.032165
2026-07-09T19:58:01.932249+00:00,#1991,morocco_champion_no,0.967835
2026-07-09T19:58:02.024721+00:00,#7610,France,0.77986
2026-07-09T19:58:02.024721+00:00,#7611,Morocco,0.22014
2026-07-09T19:58:02.024721+00:00,#1890,france_champion_yes,0.323005
2026-07-09T19:58:02.024721+00:00,#1891,france_champion_no,0.676995
2026-07-09T19:58:02.024721+00:00,#1990,morocco_champion_yes,0.032165
2026-07-09T19:58:02.024721+00:00,#1991,morocco_champion_no,0.967835
2026-07-09T19:58:06.530235+00:00,#7610,France,0.779885
2026-07-09T19:58:06.530235+00:00,#7611,Morocco,0.220115
2026-07-09T19:58:06.530235+00:00,#1890,france_champion_yes,0.323005
2026-07-09T19:58:06.530235+00:00,#1891,france_champion_no,0.676995
2026-07-09T19:58:06.530235+00:00,#1990,morocco_champion_yes,0.03218
2026-07-09T19:58:06.530235+00:00,#1991,morocco_champion_no,0.96782
2026-07-09T19:58:11.485978+00:00,#7610,France,0.779885
2026-07-09T19:58:11.485978+00:00,#7611,Morocco,0.220115
2026-07-09T19:58:11.485978+00:00,#1890,france_champion_yes,0.323005
2026-07-09T19:58:11.485978+00:00,#1891,france_champion_no,0.676995
2026-07-09T19:58:11.485978+00:00,#1990,morocco_champion_yes,0.03218
2026-07-09T19:58:11.485978+00:00,#1991,morocco_champion_no,0.96782
2026-07-09T19:58:16.807186+00:00,#7610,France,0.779885
2026-07-09T19:58:16.807186+00:00,#7611,Morocco,0.220115
2026-07-09T19:58:16.807186+00:00,#1890,france_champion_yes,0.323005
2026-07-09T19:58:16.807186+00:00,#1891,france_champion_no,0.676995
2026-07-09T19:58:16.807186+00:00,#1990,morocco_champion_yes,0.032185
2026-07-09T19:58:16.807186+00:00,#1991,morocco_champion_no,0.967815
2026-07-09T19:58:19.012679+00:00,#7610,France,0.779885
2026-07-09T19:58:19.012679+00:00,#7611,Morocco,0.220115
2026-07-09T19:58:19.012679+00:00,#1890,france_champion_yes,0.323005
2026-07-09T19:58:19.012679+00:00,#1891,france_champion_no,0.676995
2026-07-09T19:58:19.012679+00:00,#1990,morocco_champion_yes,0.032185
2026-07-09T19:58:19.012679+00:00,#1991,morocco_champion_no,0.967815
2026-07-09T19:58:21.582930+00:00,#7610,France,0.779935
2026-07-09T19:58:21.582930+00:00,#7611,Morocco,0.220065
2026-07-09T19:58:21.582930+00:00,#1890,france_champion_yes,0.323005
2026-07-09T19:58:21.582930+00:00,#1891,france_champion_no,0.676995
2026-07-09T19:58:21.582930+00:00,#1990,morocco_champion_yes,0.03217
2026-07-09T19:58:21.582930+00:00,#1991,morocco_champion_no,0.96783
2026-07-09T19:58:26.569483+00:00,#7610,France,0.78139
2026-07-09T19:58:26.569483+00:00,#7611,Morocco,0.21861
2026-07-09T19:58:26.569483+00:00,#1890,france_champion_yes,0.323005
2026-07-09T19:58:26.569483+00:00,#1891,france_champion_no,0.676995
2026-07-09T19:58:26.569483+00:00,#1990,morocco_champion_yes,0.03217
2026-07-09T19:58:26.569483+00:00,#1991,morocco_champion_no,0.96783
2026-07-09T19:58:31.886299+00:00,#7610,France,0.781385
2026-07-09T19:58:31.886299+00:00,#7611,Morocco,0.218615
2026-07-09T19:58:31.886299+00:00,#1890,france_champion_yes,0.323005
2026-07-09T19:58:31.886299+00:00,#1891,france_champion_no,0.676995
2026-07-09T19:58:31.886299+00:00,#1990,morocco_champion_yes,0.03217
2026-07-09T19:58:31.886299+00:00,#1991,morocco_champion_no,0.96783
2026-07-09T19:58:36.039986+00:00,#7610,France,0.78136
2026-07-09T19:58:36.039986+00:00,#7611,Morocco,0.21864
2026-07-09T19:58:36.039986+00:00,#1890,france_champion_yes,0.323005
2026-07-09T19:58:36.039986+00:00,#1891,france_champion_no,0.676995
2026-07-09T19:58:36.039986+00:00,#1990,morocco_champion_yes,0.032395
2026-07-09T19:58:36.039986+00:00,#1991,morocco_champion_no,0.967605
2026-07-09T19:58:38.063680+00:00,#7610,France,0.78136
2026-07-09T19:58:38.063680+00:00,#7611,Morocco,0.21864
2026-07-09T19:58:38.063680+00:00,#1890,france_champion_yes,0.323005
2026-07-09T19:58:38.063680+00:00,#1891,france_champion_no,0.676995
2026-07-09T19:58:38.063680+00:00,#1990,morocco_champion_yes,0.03217
2026-07-09T19:58:38.063680+00:00,#1991,morocco_champion_no,0.96783
2026-07-09T19:58:41.658642+00:00,#7610,France,0.78136
2026-07-09T19:58:41.658642+00:00,#7611,Morocco,0.21864
2026-07-09T19:58:41.658642+00:00,#1890,france_champion_yes,0.323005
2026-07-09T19:58:41.658642+00:00,#1891,france_champion_no,0.676995
2026-07-09T19:58:41.658642+00:00,#1990,morocco_champion_yes,0.032395
2026-07-09T19:58:41.658642+00:00,#1991,morocco_champion_no,0.967605
2026-07-09T19:58:47.133630+00:00,#7610,France,0.778975
2026-07-09T19:58:47.133630+00:00,#7611,Morocco,0.221025
2026-07-09T19:58:47.133630+00:00,#1890,france_champion_yes,0.323005
2026-07-09T19:58:47.133630+00:00,#1891,france_champion_no,0.676995
2026-07-09T19:58:47.133630+00:00,#1990,morocco_champion_yes,0.032165
2026-07-09T19:58:47.133630+00:00,#1991,morocco_champion_no,0.967835
2026-07-09T19:58:51.823963+00:00,#7610,France,0.78138
2026-07-09T19:58:51.823963+00:00,#7611,Morocco,0.21862
2026-07-09T19:58:51.823963+00:00,#1890,france_champion_yes,0.323005
2026-07-09T19:58:51.823963+00:00,#1891,france_champion_no,0.676995
2026-07-09T19:58:51.823963+00:00,#1990,morocco_champion_yes,0.032165
2026-07-09T19:58:51.823963+00:00,#1991,morocco_champion_no,0.967835
2026-07-09T19:58:53.064143+00:00,#7610,France,0.78138
2026-07-09T19:58:53.064143+00:00,#7611,Morocco,0.21862
2026-07-09T19:58:53.064143+00:00,#1890,france_champion_yes,0.323005
2026-07-09T19:58:53.064143+00:00,#1891,france_champion_no,0.676995
2026-07-09T19:58:53.064143+00:00,#1990,morocco_champion_yes,0.032165
2026-07-09T19:58:53.064143+00:00,#1991,morocco_champion_no,0.967835
2026-07-09T19:58:56.843856+00:00,#7610,France,0.78244
2026-07-09T19:58:56.843856+00:00,#7611,Morocco,0.21756
2026-07-09T19:58:56.843856+00:00,#1890,france_champion_yes,0.323005
2026-07-09T19:58:56.843856+00:00,#1891,france_champion_no,0.676995
2026-07-09T19:58:56.843856+00:00,#1990,morocco_champion_yes,0.032165
2026-07-09T19:58:56.843856+00:00,#1991,morocco_champion_no,0.967835
2026-07-09T19:59:02.104236+00:00,#7610,France,0.782465
2026-07-09T19:59:02.104236+00:00,#7611,Morocco,0.217535
2026-07-09T19:59:02.104236+00:00,#1890,france_champion_yes,0.323005
2026-07-09T19:59:02.104236+00:00,#1891,france_champion_no,0.676995
2026-07-09T19:59:02.104236+00:00,#1990,morocco_champion_yes,0.032165
2026-07-09T19:59:02.104236+00:00,#1991,morocco_champion_no,0.967835
2026-07-09T19:59:06.874879+00:00,#7610,France,0.78244
2026-07-09T19:59:06.874879+00:00,#7611,Morocco,0.21756
2026-07-09T19:59:06.874879+00:00,#1890,france_champion_yes,0.323005
2026-07-09T19:59:06.874879+00:00,#1891,france_champion_no,0.676995
2026-07-09T19:59:06.874879+00:00,#1990,morocco_champion_yes,0.032165
2026-07-09T19:59:06.874879+00:00,#1991,morocco_champion_no,0.967835
2026-07-09T19:59:09.966785+00:00,#7610,France,0.782525
2026-07-09T19:59:09.966785+00:00,#7611,Morocco,0.217475
2026-07-09T19:59:09.966785+00:00,#1890,france_champion_yes,0.323005
2026-07-09T19:59:09.966785+00:00,#1891,france_champion_no,0.676995
2026-07-09T19:59:09.966785+00:00,#1990,morocco_champion_yes,0.032165
2026-07-09T19:59:09.966785+00:00,#1991,morocco_champion_no,0.967835
2026-07-09T19:59:12.031535+00:00,#7610,France,0.78252
2026-07-09T19:59:12.031535+00:00,#7611,Morocco,0.21748
2026-07-09T19:59:12.031535+00:00,#1890,france_champion_yes,0.323005
2026-07-09T19:59:12.031535+00:00,#1891,france_champion_no,0.676995
2026-07-09T19:59:12.031535+00:00,#1990,morocco_champion_yes,0.032165
2026-07-09T19:59:12.031535+00:00,#1991,morocco_champion_no,0.967835
2026-07-09T19:59:17.104972+00:00,#7610,France,0.78132
2026-07-09T19:59:17.104972+00:00,#7611,Morocco,0.21868
2026-07-09T19:59:17.104972+00:00,#1890,france_champion_yes,0.323005
2026-07-09T19:59:17.104972+00:00,#1891,france_champion_no,0.676995
2026-07-09T19:59:17.104972+00:00,#1990,morocco_champion_yes,0.03216
2026-07-09T19:59:17.104972+00:00,#1991,morocco_champion_no,0.96784
2026-07-09T19:59:21.756206+00:00,#7610,France,0.781345
2026-07-09T19:59:21.756206+00:00,#7611,Morocco,0.218655
2026-07-09T19:59:21.756206+00:00,#1890,france_champion_yes,0.323005
2026-07-09T19:59:21.756206+00:00,#1891,france_champion_no,0.676995
2026-07-09T19:59:21.756206+00:00,#1990,morocco_champion_yes,0.03216
2026-07-09T19:59:21.756206+00:00,#1991,morocco_champion_no,0.96784
2026-07-09T19:59:26.942736+00:00,#7610,France,0.781395
2026-07-09T19:59:26.942736+00:00,#7611,Morocco,0.218605
2026-07-09T19:59:26.942736+00:00,#1890,france_champion_yes,0.323005
2026-07-09T19:59:26.942736+00:00,#1891,france_champion_no,0.676995
2026-07-09T19:59:26.942736+00:00,#1990,morocco_champion_yes,0.03216
2026-07-09T19:59:26.942736+00:00,#1991,morocco_champion_no,0.96784
2026-07-09T19:59:27.031977+00:00,#7610,France,0.781395
2026-07-09T19:59:27.031977+00:00,#7611,Morocco,0.218605
2026-07-09T19:59:27.031977+00:00,#1890,france_champion_yes,0.323005
2026-07-09T19:59:27.031977+00:00,#1891,france_champion_no,0.676995
2026-07-09T19:59:27.031977+00:00,#1990,morocco_champion_yes,0.03216
2026-07-09T19:59:27.031977+00:00,#1991,morocco_champion_no,0.96784
2026-07-09T19:59:32.293558+00:00,#7610,France,0.781395
2026-07-09T19:59:32.293558+00:00,#7611,Morocco,0.218605
2026-07-09T19:59:32.293558+00:00,#1890,france_champion_yes,0.323005
2026-07-09T19:59:32.293558+00:00,#1891,france_champion_no,0.676995
2026-07-09T19:59:32.293558+00:00,#1990,morocco_champion_yes,0.03216
2026-07-09T19:59:32.293558+00:00,#1991,morocco_champion_no,0.96784
2026-07-09T19:59:36.975881+00:00,#7610,France,0.781395
2026-07-09T19:59:36.975881+00:00,#7611,Morocco,0.218605
2026-07-09T19:59:36.975881+00:00,#1890,france_champion_yes,0.323005
2026-07-09T19:59:36.975881+00:00,#1891,france_champion_no,0.676995
2026-07-09T19:59:36.975881+00:00,#1990,morocco_champion_yes,0.03216
2026-07-09T19:59:36.975881+00:00,#1991,morocco_champion_no,0.96784
2026-07-09T19:59:42.011592+00:00,#7610,France,0.781395
2026-07-09T19:59:42.011592+00:00,#7611,Morocco,0.218605
2026-07-09T19:59:42.011592+00:00,#1890,france_champion_yes,0.323005
2026-07-09T19:59:42.011592+00:00,#1891,france_champion_no,0.676995
2026-07-09T19:59:42.011592+00:00,#1990,morocco_champion_yes,0.03216
2026-07-09T19:59:42.011592+00:00,#1991,morocco_champion_no,0.96784
2026-07-09T19:59:43.993340+00:00,#7610,France,0.781395
2026-07-09T19:59:43.993340+00:00,#7611,Morocco,0.218605
2026-07-09T19:59:43.993340+00:00,#1890,france_champion_yes,0.323005
2026-07-09T19:59:43.993340+00:00,#1891,france_champion_no,0.676995
2026-07-09T19:59:43.993340+00:00,#1990,morocco_champion_yes,0.03216
2026-07-09T19:59:43.993340+00:00,#1991,morocco_champion_no,0.96784
2026-07-09T19:59:47.257630+00:00,#7610,France,0.781395
2026-07-09T19:59:47.257630+00:00,#7611,Morocco,0.218605
2026-07-09T19:59:47.257630+00:00,#1890,france_champion_yes,0.323005
2026-07-09T19:59:47.257630+00:00,#1891,france_champion_no,0.676995
2026-07-09T19:59:47.257630+00:00,#1990,morocco_champion_yes,0.03216
2026-07-09T19:59:47.257630+00:00,#1991,morocco_champion_no,0.96784
2026-07-09T19:59:52.212863+00:00,#7610,France,0.781395
2026-07-09T19:59:52.212863+00:00,#7611,Morocco,0.218605
2026-07-09T19:59:52.212863+00:00,#1890,france_champion_yes,0.323005
2026-07-09T19:59:52.212863+00:00,#1891,france_champion_no,0.676995
2026-07-09T19:59:52.212863+00:00,#1990,morocco_champion_yes,0.03216
2026-07-09T19:59:52.212863+00:00,#1991,morocco_champion_no,0.96784
2026-07-09T19:59:57.231382+00:00,#7610,France,0.781395
2026-07-09T19:59:57.231382+00:00,#7611,Morocco,0.218605
2026-07-09T19:59:57.231382+00:00,#1890,france_champion_yes,0.323005
2026-07-09T19:59:57.231382+00:00,#1891,france_champion_no,0.676995
2026-07-09T19:59:57.231382+00:00,#1990,morocco_champion_yes,0.03219
2026-07-09T19:59:57.231382+00:00,#1991,morocco_champion_no,0.96781
2026-07-09T20:00:00.948492+00:00,#7610,France,0.781395
2026-07-09T20:00:00.948492+00:00,#7611,Morocco,0.218605
2026-07-09T20:00:00.948492+00:00,#1890,france_champion_yes,0.323005
2026-07-09T20:00:00.948492+00:00,#1891,france_champion_no,0.676995
2026-07-09T20:00:00.948492+00:00,#1990,morocco_champion_yes,0.03219
2026-07-09T20:00:00.948492+00:00,#1991,morocco_champion_no,0.96781
2026-07-09T20:00:02.910303+00:00,#7610,France,0.78015
2026-07-09T20:00:02.910303+00:00,#7611,Morocco,0.21985
2026-07-09T20:00:02.910303+00:00,#1890,france_champion_yes,0.323005
2026-07-09T20:00:02.910303+00:00,#1891,france_champion_no,0.676995
2026-07-09T20:00:02.910303+00:00,#1990,morocco_champion_yes,0.03219
2026-07-09T20:00:02.910303+00:00,#1991,morocco_champion_no,0.96781
2026-07-09T20:00:07.347021+00:00,#7610,France,0.78015
2026-07-09T20:00:07.347021+00:00,#7611,Morocco,0.21985
2026-07-09T20:00:07.347021+00:00,#1890,france_champion_yes,0.323005
2026-07-09T20:00:07.347021+00:00,#1891,france_champion_no,0.676995
2026-07-09T20:00:07.347021+00:00,#1990,morocco_champion_yes,0.03219
2026-07-09T20:00:07.347021+00:00,#1991,morocco_champion_no,0.96781
2026-07-09T20:00:12.612009+00:00,#7610,France,0.78015
2026-07-09T20:00:12.612009+00:00,#7611,Morocco,0.21985
2026-07-09T20:00:12.612009+00:00,#1890,france_champion_yes,0.323005
2026-07-09T20:00:12.612009+00:00,#1891,france_champion_no,0.676995
2026-07-09T20:00:12.612009+00:00,#1990,morocco_champion_yes,0.03219
2026-07-09T20:00:12.612009+00:00,#1991,morocco_champion_no,0.96781
2026-07-09T20:00:17.594223+00:00,#7610,France,0.7801
2026-07-09T20:00:17.594223+00:00,#7611,Morocco,0.2199
2026-07-09T20:00:17.594223+00:00,#1890,france_champion_yes,0.323005
2026-07-09T20:00:17.594223+00:00,#1891,france_champion_no,0.676995
2026-07-09T20:00:17.594223+00:00,#1990,morocco_champion_yes,0.03219
2026-07-09T20:00:17.594223+00:00,#1991,morocco_champion_no,0.96781
2026-07-09T20:00:17.909540+00:00,#7610,France,0.78015
2026-07-09T20:00:17.909540+00:00,#7611,Morocco,0.21985
2026-07-09T20:00:17.909540+00:00,#1890,france_champion_yes,0.323005
2026-07-09T20:00:17.909540+00:00,#1891,france_champion_no,0.676995
2026-07-09T20:00:17.909540+00:00,#1990,morocco_champion_yes,0.03219
2026-07-09T20:00:17.909540+00:00,#1991,morocco_champion_no,0.96781
2026-07-09T20:00:22.351884+00:00,#7610,France,0.78015
2026-07-09T20:00:22.351884+00:00,#7611,Morocco,0.21985
2026-07-09T20:00:22.351884+00:00,#1890,france_champion_yes,0.323005
2026-07-09T20:00:22.351884+00:00,#1891,france_champion_no,0.676995
2026-07-09T20:00:22.351884+00:00,#1990,morocco_champion_yes,0.032175
2026-07-09T20:00:22.351884+00:00,#1991,morocco_champion_no,0.967825
2026-07-09T20:00:27.394759+00:00,#7610,France,0.78015
2026-07-09T20:00:27.394759+00:00,#7611,Morocco,0.21985
2026-07-09T20:00:27.394759+00:00,#1890,france_champion_yes,0.323005
2026-07-09T20:00:27.394759+00:00,#1891,france_champion_no,0.676995
2026-07-09T20:00:27.394759+00:00,#1990,morocco_champion_yes,0.032175
2026-07-09T20:00:27.394759+00:00,#1991,morocco_champion_no,0.967825
2026-07-09T20:00:32.772423+00:00,#7610,France,0.78015
2026-07-09T20:00:32.772423+00:00,#7611,Morocco,0.21985
2026-07-09T20:00:32.772423+00:00,#1890,france_champion_yes,0.323005
2026-07-09T20:00:32.772423+00:00,#1891,france_champion_no,0.676995
2026-07-09T20:00:32.772423+00:00,#1990,morocco_champion_yes,0.032175
2026-07-09T20:00:32.772423+00:00,#1991,morocco_champion_no,0.967825
2026-07-09T20:00:34.591580+00:00,#7610,France,0.78015
2026-07-09T20:00:34.591580+00:00,#7611,Morocco,0.21985
2026-07-09T20:00:34.591580+00:00,#1890,france_champion_yes,0.323005
2026-07-09T20:00:34.591580+00:00,#1891,france_champion_no,0.676995
2026-07-09T20:00:34.591580+00:00,#1990,morocco_champion_yes,0.032175
2026-07-09T20:00:34.591580+00:00,#1991,morocco_champion_no,0.967825
2026-07-09T20:00:37.485861+00:00,#7610,France,0.78015
2026-07-09T20:00:37.485861+00:00,#7611,Morocco,0.21985
2026-07-09T20:00:37.485861+00:00,#1890,france_champion_yes,0.323005
2026-07-09T20:00:37.485861+00:00,#1891,france_champion_no,0.676995
2026-07-09T20:00:37.485861+00:00,#1990,morocco_champion_yes,0.032175
2026-07-09T20:00:37.485861+00:00,#1991,morocco_champion_no,0.967825
2026-07-09T20:00:43.781349+00:00,#7610,France,0.783
2026-07-09T20:00:43.781349+00:00,#7611,Morocco,0.217
2026-07-09T20:00:43.781349+00:00,#1890,france_champion_yes,0.323005
2026-07-09T20:00:43.781349+00:00,#1891,france_champion_no,0.676995
2026-07-09T20:00:43.781349+00:00,#1990,morocco_champion_yes,0.03218
2026-07-09T20:00:43.781349+00:00,#1991,morocco_champion_no,0.96782
2026-07-09T20:00:47.844092+00:00,#7610,France,0.781075
2026-07-09T20:00:47.844092+00:00,#7611,Morocco,0.218925
2026-07-09T20:00:47.844092+00:00,#1890,france_champion_yes,0.323005
2026-07-09T20:00:47.844092+00:00,#1891,france_champion_no,0.676995
2026-07-09T20:00:47.844092+00:00,#1990,morocco_champion_yes,0.03218
2026-07-09T20:00:47.844092+00:00,#1991,morocco_champion_no,0.96782
2026-07-09T20:00:51.599952+00:00,#7610,France,0.781075
2026-07-09T20:00:51.599952+00:00,#7611,Morocco,0.218925
2026-07-09T20:00:51.599952+00:00,#1890,france_champion_yes,0.323005
2026-07-09T20:00:51.599952+00:00,#1891,france_champion_no,0.676995
2026-07-09T20:00:51.599952+00:00,#1990,morocco_champion_yes,0.03218
2026-07-09T20:00:51.599952+00:00,#1991,morocco_champion_no,0.96782
2026-07-09T20:00:53.504304+00:00,#7610,France,0.781125
2026-07-09T20:00:53.504304+00:00,#7611,Morocco,0.218875
2026-07-09T20:00:53.504304+00:00,#1890,france_champion_yes,0.323005
2026-07-09T20:00:53.504304+00:00,#1891,france_champion_no,0.676995
2026-07-09T20:00:53.504304+00:00,#1990,morocco_champion_yes,0.03218
2026-07-09T20:00:53.504304+00:00,#1991,morocco_champion_no,0.96782
2026-07-09T20:00:57.847948+00:00,#7610,France,0.781125
2026-07-09T20:00:57.847948+00:00,#7611,Morocco,0.218875
2026-07-09T20:00:57.847948+00:00,#1890,france_champion_yes,0.323005
2026-07-09T20:00:57.847948+00:00,#1891,france_champion_no,0.676995
2026-07-09T20:00:57.847948+00:00,#1990,morocco_champion_yes,0.032185
2026-07-09T20:00:57.847948+00:00,#1991,morocco_champion_no,0.967815
2026-07-09T20:01:03.023993+00:00,#7610,France,0.781125
2026-07-09T20:01:03.023993+00:00,#7611,Morocco,0.218875
2026-07-09T20:01:03.023993+00:00,#1890,france_champion_yes,0.323005
2026-07-09T20:01:03.023993+00:00,#1891,france_champion_no,0.676995
2026-07-09T20:01:03.023993+00:00,#1990,morocco_champion_yes,0.032185
2026-07-09T20:01:03.023993+00:00,#1991,morocco_champion_no,0.967815
2026-07-09T20:01:07.836389+00:00,#7610,France,0.781125
2026-07-09T20:01:07.836389+00:00,#7611,Morocco,0.218875
2026-07-09T20:01:07.836389+00:00,#1890,france_champion_yes,0.323005
2026-07-09T20:01:07.836389+00:00,#1891,france_champion_no,0.676995
2026-07-09T20:01:07.836389+00:00,#1990,morocco_champion_yes,0.032185
2026-07-09T20:01:07.836389+00:00,#1991,morocco_champion_no,0.967815
2026-07-09T20:01:08.503973+00:00,#7610,France,0.781125
2026-07-09T20:01:08.503973+00:00,#7611,Morocco,0.218875
2026-07-09T20:01:08.503973+00:00,#1890,france_champion_yes,0.323005
2026-07-09T20:01:08.503973+00:00,#1891,france_champion_no,0.676995
2026-07-09T20:01:08.503973+00:00,#1990,morocco_champion_yes,0.032185
2026-07-09T20:01:08.503973+00:00,#1991,morocco_champion_no,0.967815
2026-07-09T20:01:12.891691+00:00,#7610,France,0.7806
2026-07-09T20:01:12.891691+00:00,#7611,Morocco,0.2194
2026-07-09T20:01:12.891691+00:00,#1890,france_champion_yes,0.323005
2026-07-09T20:01:12.891691+00:00,#1891,france_champion_no,0.676995
2026-07-09T20:01:12.891691+00:00,#1990,morocco_champion_yes,0.032185
2026-07-09T20:01:12.891691+00:00,#1991,morocco_champion_no,0.967815
2026-07-09T20:01:18.176209+00:00,#7610,France,0.7811
2026-07-09T20:01:18.176209+00:00,#7611,Morocco,0.2189
2026-07-09T20:01:18.176209+00:00,#1890,france_champion_yes,0.323005
2026-07-09T20:01:18.176209+00:00,#1891,france_champion_no,0.676995
2026-07-09T20:01:18.176209+00:00,#1990,morocco_champion_yes,0.032185
2026-07-09T20:01:18.176209+00:00,#1991,morocco_champion_no,0.967815
2026-07-09T20:01:22.941904+00:00,#7610,France,0.7806
2026-07-09T20:01:22.941904+00:00,#7611,Morocco,0.2194
2026-07-09T20:01:22.941904+00:00,#1890,france_champion_yes,0.323005
2026-07-09T20:01:22.941904+00:00,#1891,france_champion_no,0.676995
2026-07-09T20:01:22.941904+00:00,#1990,morocco_champion_yes,0.0319
2026-07-09T20:01:22.941904+00:00,#1991,morocco_champion_no,0.9681
2026-07-09T20:01:25.700260+00:00,#7610,France,0.7806
2026-07-09T20:01:25.700260+00:00,#7611,Morocco,0.2194
2026-07-09T20:01:25.700260+00:00,#1890,france_champion_yes,0.323005
2026-07-09T20:01:25.700260+00:00,#1891,france_champion_no,0.676995
2026-07-09T20:01:25.700260+00:00,#1990,morocco_champion_yes,0.0319
2026-07-09T20:01:25.700260+00:00,#1991,morocco_champion_no,0.9681
2026-07-09T20:01:27.979480+00:00,#7610,France,0.780525
2026-07-09T20:01:27.979480+00:00,#7611,Morocco,0.219475
2026-07-09T20:01:27.979480+00:00,#1890,france_champion_yes,0.323005
2026-07-09T20:01:27.979480+00:00,#1891,france_champion_no,0.676995
2026-07-09T20:01:27.979480+00:00,#1990,morocco_champion_yes,0.0319
2026-07-09T20:01:27.979480+00:00,#1991,morocco_champion_no,0.9681
2026-07-09T20:01:33.117391+00:00,#7610,France,0.780625
2026-07-09T20:01:33.117391+00:00,#7611,Morocco,0.219375
2026-07-09T20:01:33.117391+00:00,#1890,france_champion_yes,0.323005
2026-07-09T20:01:33.117391+00:00,#1891,france_champion_no,0.676995
2026-07-09T20:01:33.117391+00:00,#1990,morocco_champion_yes,0.0319
2026-07-09T20:01:33.117391+00:00,#1991,morocco_champion_no,0.9681
2026-07-09T20:01:37.824006+00:00,#7610,France,0.7801
2026-07-09T20:01:37.824006+00:00,#7611,Morocco,0.2199
2026-07-09T20:01:37.824006+00:00,#1890,france_champion_yes,0.323005
2026-07-09T20:01:37.824006+00:00,#1891,france_champion_no,0.676995
2026-07-09T20:01:37.824006+00:00,#1990,morocco_champion_yes,0.0319
2026-07-09T20:01:37.824006+00:00,#1991,morocco_champion_no,0.9681
2026-07-09T20:01:42.621587+00:00,#7610,France,0.780125
2026-07-09T20:01:42.621587+00:00,#7611,Morocco,0.219875
2026-07-09T20:01:42.621587+00:00,#1890,france_champion_yes,0.323005
2026-07-09T20:01:42.621587+00:00,#1891,france_champion_no,0.676995
2026-07-09T20:01:42.621587+00:00,#1990,morocco_champion_yes,0.0319
2026-07-09T20:01:42.621587+00:00,#1991,morocco_champion_no,0.9681
2026-07-09T20:01:44.703573+00:00,#7610,France,0.780125
2026-07-09T20:01:44.703573+00:00,#7611,Morocco,0.219875
2026-07-09T20:01:44.703573+00:00,#1890,france_champion_yes,0.323005
2026-07-09T20:01:44.703573+00:00,#1891,france_champion_no,0.676995
2026-07-09T20:01:44.703573+00:00,#1990,morocco_champion_yes,0.0319
2026-07-09T20:01:44.703573+00:00,#1991,morocco_champion_no,0.9681
2026-07-09T20:01:48.253874+00:00,#7610,France,0.78141
2026-07-09T20:01:48.253874+00:00,#7611,Morocco,0.21859
2026-07-09T20:01:48.253874+00:00,#1890,france_champion_yes,0.323005
2026-07-09T20:01:48.253874+00:00,#1891,france_champion_no,0.676995
2026-07-09T20:01:48.253874+00:00,#1990,morocco_champion_yes,0.0319
2026-07-09T20:01:48.253874+00:00,#1991,morocco_champion_no,0.9681
2026-07-09T20:01:53.166010+00:00,#7610,France,0.78105
2026-07-09T20:01:53.166010+00:00,#7611,Morocco,0.21895
2026-07-09T20:01:53.166010+00:00,#1890,france_champion_yes,0.323005
2026-07-09T20:01:53.166010+00:00,#1891,france_champion_no,0.676995
2026-07-09T20:01:53.166010+00:00,#1990,morocco_champion_yes,0.0319
2026-07-09T20:01:53.166010+00:00,#1991,morocco_champion_no,0.9681
2026-07-09T20:01:58.158622+00:00,#7610,France,0.78105
2026-07-09T20:01:58.158622+00:00,#7611,Morocco,0.21895
2026-07-09T20:01:58.158622+00:00,#1890,france_champion_yes,0.323005
2026-07-09T20:01:58.158622+00:00,#1891,france_champion_no,0.676995
2026-07-09T20:01:58.158622+00:00,#1990,morocco_champion_yes,0.0319
2026-07-09T20:01:58.158622+00:00,#1991,morocco_champion_no,0.9681
2026-07-09T20:01:59.703921+00:00,#7610,France,0.78105
2026-07-09T20:01:59.703921+00:00,#7611,Morocco,0.21895
2026-07-09T20:01:59.703921+00:00,#1890,france_champion_yes,0.323005
2026-07-09T20:01:59.703921+00:00,#1891,france_champion_no,0.676995
2026-07-09T20:01:59.703921+00:00,#1990,morocco_champion_yes,0.0319
2026-07-09T20:01:59.703921+00:00,#1991,morocco_champion_no,0.9681
2026-07-09T20:02:03.471624+00:00,#7610,France,0.78105
2026-07-09T20:02:03.471624+00:00,#7611,Morocco,0.21895
2026-07-09T20:02:03.471624+00:00,#1890,france_champion_yes,0.323005
2026-07-09T20:02:03.471624+00:00,#1891,france_champion_no,0.676995
2026-07-09T20:02:03.471624+00:00,#1990,morocco_champion_yes,0.0319
2026-07-09T20:02:03.471624+00:00,#1991,morocco_champion_no,0.9681
2026-07-09T20:02:08.312885+00:00,#7610,France,0.781095
2026-07-09T20:02:08.312885+00:00,#7611,Morocco,0.218905
2026-07-09T20:02:08.312885+00:00,#1890,france_champion_yes,0.323005
2026-07-09T20:02:08.312885+00:00,#1891,france_champion_no,0.676995
2026-07-09T20:02:08.312885+00:00,#1990,morocco_champion_yes,0.0319
2026-07-09T20:02:08.312885+00:00,#1991,morocco_champion_no,0.9681
2026-07-09T20:02:13.320423+00:00,#7610,France,0.781095
2026-07-09T20:02:13.320423+00:00,#7611,Morocco,0.218905
2026-07-09T20:02:13.320423+00:00,#1890,france_champion_yes,0.323005
2026-07-09T20:02:13.320423+00:00,#1891,france_champion_no,0.676995
2026-07-09T20:02:13.320423+00:00,#1990,morocco_champion_yes,0.0319
2026-07-09T20:02:13.320423+00:00,#1991,morocco_champion_no,0.9681
2026-07-09T20:02:16.633022+00:00,#7610,France,0.781095
2026-07-09T20:02:16.633022+00:00,#7611,Morocco,0.218905
2026-07-09T20:02:16.633022+00:00,#1890,france_champion_yes,0.323005
2026-07-09T20:02:16.633022+00:00,#1891,france_champion_no,0.676995
2026-07-09T20:02:16.633022+00:00,#1990,morocco_champion_yes,0.0319
2026-07-09T20:02:16.633022+00:00,#1991,morocco_champion_no,0.9681
2026-07-09T20:02:18.636818+00:00,#7610,France,0.781095
2026-07-09T20:02:18.636818+00:00,#7611,Morocco,0.218905
2026-07-09T20:02:18.636818+00:00,#1890,france_champion_yes,0.323005
2026-07-09T20:02:18.636818+00:00,#1891,france_champion_no,0.676995
2026-07-09T20:02:18.636818+00:00,#1990,morocco_champion_yes,0.0319
2026-07-09T20:02:18.636818+00:00,#1991,morocco_champion_no,0.9681
2026-07-09T20:02:23.355390+00:00,#7610,France,0.78105
2026-07-09T20:02:23.355390+00:00,#7611,Morocco,0.21895
2026-07-09T20:02:23.355390+00:00,#1890,france_champion_yes,0.323005
2026-07-09T20:02:23.355390+00:00,#1891,france_champion_no,0.676995
2026-07-09T20:02:23.355390+00:00,#1990,morocco_champion_yes,0.0319
2026-07-09T20:02:23.355390+00:00,#1991,morocco_champion_no,0.9681
2026-07-09T20:02:28.420127+00:00,#7610,France,0.777555
2026-07-09T20:02:28.420127+00:00,#7611,Morocco,0.222445
2026-07-09T20:02:28.420127+00:00,#1890,france_champion_yes,0.323005
2026-07-09T20:02:28.420127+00:00,#1891,france_champion_no,0.676995
2026-07-09T20:02:28.420127+00:00,#1990,morocco_champion_yes,0.0319
2026-07-09T20:02:28.420127+00:00,#1991,morocco_champion_no,0.9681
2026-07-09T20:02:33.596571+00:00,#7610,France,0.774055
2026-07-09T20:02:33.596571+00:00,#7611,Morocco,0.225945
2026-07-09T20:02:33.596571+00:00,#1890,france_champion_yes,0.323005
2026-07-09T20:02:33.596571+00:00,#1891,france_champion_no,0.676995
2026-07-09T20:02:33.596571+00:00,#1990,morocco_champion_yes,0.0319
2026-07-09T20:02:33.596571+00:00,#1991,morocco_champion_no,0.9681
2026-07-09T20:02:33.635285+00:00,#7610,France,0.774055
2026-07-09T20:02:33.635285+00:00,#7611,Morocco,0.225945
2026-07-09T20:02:33.635285+00:00,#1890,france_champion_yes,0.323005
2026-07-09T20:02:33.635285+00:00,#1891,france_champion_no,0.676995
2026-07-09T20:02:33.635285+00:00,#1990,morocco_champion_yes,0.0319
2026-07-09T20:02:33.635285+00:00,#1991,morocco_champion_no,0.9681
2026-07-09T20:02:38.493989+00:00,#7610,France,0.774055
2026-07-09T20:02:38.493989+00:00,#7611,Morocco,0.225945
2026-07-09T20:02:38.493989+00:00,#1890,france_champion_yes,0.323005
2026-07-09T20:02:38.493989+00:00,#1891,france_champion_no,0.676995
2026-07-09T20:02:38.493989+00:00,#1990,morocco_champion_yes,0.03425
2026-07-09T20:02:38.493989+00:00,#1991,morocco_champion_no,0.96575
2026-07-09T20:02:43.559128+00:00,#7610,France,0.774035
2026-07-09T20:02:43.559128+00:00,#7611,Morocco,0.225965
2026-07-09T20:02:43.559128+00:00,#1890,france_champion_yes,0.323005
2026-07-09T20:02:43.559128+00:00,#1891,france_champion_no,0.676995
2026-07-09T20:02:43.559128+00:00,#1990,morocco_champion_yes,0.03425
2026-07-09T20:02:43.559128+00:00,#1991,morocco_champion_no,0.96575
2026-07-09T20:02:48.846257+00:00,#7610,France,0.774035
2026-07-09T20:02:48.846257+00:00,#7611,Morocco,0.225965
2026-07-09T20:02:48.846257+00:00,#1890,france_champion_yes,0.323005
2026-07-09T20:02:48.846257+00:00,#1891,france_champion_no,0.676995
2026-07-09T20:02:48.846257+00:00,#1990,morocco_champion_yes,0.03425
2026-07-09T20:02:48.846257+00:00,#1991,morocco_champion_no,0.96575
2026-07-09T20:02:50.597791+00:00,#7610,France,0.774035
2026-07-09T20:02:50.597791+00:00,#7611,Morocco,0.225965
2026-07-09T20:02:50.597791+00:00,#1890,france_champion_yes,0.323005
2026-07-09T20:02:50.597791+00:00,#1891,france_champion_no,0.676995
2026-07-09T20:02:50.597791+00:00,#1990,morocco_champion_yes,0.03425
2026-07-09T20:02:50.597791+00:00,#1991,morocco_champion_no,0.96575
2026-07-09T20:02:53.667334+00:00,#7610,France,0.774035
2026-07-09T20:02:53.667334+00:00,#7611,Morocco,0.225965
2026-07-09T20:02:53.667334+00:00,#1890,france_champion_yes,0.323005
2026-07-09T20:02:53.667334+00:00,#1891,france_champion_no,0.676995
2026-07-09T20:02:53.667334+00:00,#1990,morocco_champion_yes,0.03425
2026-07-09T20:02:53.667334+00:00,#1991,morocco_champion_no,0.96575
2026-07-09T20:02:58.617792+00:00,#7610,France,0.774035
2026-07-09T20:02:58.617792+00:00,#7611,Morocco,0.225965
2026-07-09T20:02:58.617792+00:00,#1890,france_champion_yes,0.323005
2026-07-09T20:02:58.617792+00:00,#1891,france_champion_no,0.676995
2026-07-09T20:02:58.617792+00:00,#1990,morocco_champion_yes,0.0319
2026-07-09T20:02:58.617792+00:00,#1991,morocco_champion_no,0.9681
2026-07-09T20:03:03.939394+00:00,#7610,France,0.774035
2026-07-09T20:03:03.939394+00:00,#7611,Morocco,0.225965
2026-07-09T20:03:03.939394+00:00,#1890,france_champion_yes,0.323005
2026-07-09T20:03:03.939394+00:00,#1891,france_champion_no,0.676995
2026-07-09T20:03:03.939394+00:00,#1990,morocco_champion_yes,0.0319
2026-07-09T20:03:03.939394+00:00,#1991,morocco_champion_no,0.9681
2026-07-09T20:03:07.488432+00:00,#7610,France,0.774035
2026-07-09T20:03:07.488432+00:00,#7611,Morocco,0.225965
2026-07-09T20:03:07.488432+00:00,#1890,france_champion_yes,0.321755
2026-07-09T20:03:07.488432+00:00,#1891,france_champion_no,0.678245
2026-07-09T20:03:07.488432+00:00,#1990,morocco_champion_yes,0.0319
2026-07-09T20:03:07.488432+00:00,#1991,morocco_champion_no,0.9681
2026-07-09T20:03:09.528095+00:00,#7610,France,0.774035
2026-07-09T20:03:09.528095+00:00,#7611,Morocco,0.225965
2026-07-09T20:03:09.528095+00:00,#1890,france_champion_yes,0.321755
2026-07-09T20:03:09.528095+00:00,#1891,france_champion_no,0.678245
2026-07-09T20:03:09.528095+00:00,#1990,morocco_champion_yes,0.0319
2026-07-09T20:03:09.528095+00:00,#1991,morocco_champion_no,0.9681
2026-07-09T20:03:13.487943+00:00,#7610,France,0.774035
2026-07-09T20:03:13.487943+00:00,#7611,Morocco,0.225965
2026-07-09T20:03:13.487943+00:00,#1890,france_champion_yes,0.32116
2026-07-09T20:03:13.487943+00:00,#1891,france_champion_no,0.67884
2026-07-09T20:03:13.487943+00:00,#1990,morocco_champion_yes,0.0319
2026-07-09T20:03:13.487943+00:00,#1991,morocco_champion_no,0.9681
2026-07-09T20:03:19.053861+00:00,#7610,France,0.774035
2026-07-09T20:03:19.053861+00:00,#7611,Morocco,0.225965
2026-07-09T20:03:19.053861+00:00,#1890,france_champion_yes,0.32086
2026-07-09T20:03:19.053861+00:00,#1891,france_champion_no,0.67914
2026-07-09T20:03:19.053861+00:00,#1990,morocco_champion_yes,0.0319
2026-07-09T20:03:19.053861+00:00,#1991,morocco_champion_no,0.9681
2026-07-09T20:03:23.775550+00:00,#7610,France,0.774035
2026-07-09T20:03:23.775550+00:00,#7611,Morocco,0.225965
2026-07-09T20:03:23.775550+00:00,#1890,france_champion_yes,0.32116
2026-07-09T20:03:23.775550+00:00,#1891,france_champion_no,0.67884
2026-07-09T20:03:23.775550+00:00,#1990,morocco_champion_yes,0.0319
2026-07-09T20:03:23.775550+00:00,#1991,morocco_champion_no,0.9681
2026-07-09T20:03:24.527527+00:00,#7610,France,0.774035
2026-07-09T20:03:24.527527+00:00,#7611,Morocco,0.225965
2026-07-09T20:03:24.527527+00:00,#1890,france_champion_yes,0.32086
2026-07-09T20:03:24.527527+00:00,#1891,france_champion_no,0.67914
2026-07-09T20:03:24.527527+00:00,#1990,morocco_champion_yes,0.0319
2026-07-09T20:03:24.527527+00:00,#1991,morocco_champion_no,0.9681
2026-07-09T20:03:28.860198+00:00,#7610,France,0.774035
2026-07-09T20:03:28.860198+00:00,#7611,Morocco,0.225965
2026-07-09T20:03:28.860198+00:00,#1890,france_champion_yes,0.32071
2026-07-09T20:03:28.860198+00:00,#1891,france_champion_no,0.67929
2026-07-09T20:03:28.860198+00:00,#1990,morocco_champion_yes,0.0319
2026-07-09T20:03:28.860198+00:00,#1991,morocco_champion_no,0.9681
2026-07-09T20:03:34.110808+00:00,#7610,France,0.771975
2026-07-09T20:03:34.110808+00:00,#7611,Morocco,0.228025
2026-07-09T20:03:34.110808+00:00,#1890,france_champion_yes,0.320635
2026-07-09T20:03:34.110808+00:00,#1891,france_champion_no,0.679365
2026-07-09T20:03:34.110808+00:00,#1990,morocco_champion_yes,0.0319
2026-07-09T20:03:34.110808+00:00,#1991,morocco_champion_no,0.9681
2026-07-09T20:03:38.881183+00:00,#7610,France,0.771975
2026-07-09T20:03:38.881183+00:00,#7611,Morocco,0.228025
2026-07-09T20:03:38.881183+00:00,#1890,france_champion_yes,0.3206
2026-07-09T20:03:38.881183+00:00,#1891,france_champion_no,0.6794
2026-07-09T20:03:38.881183+00:00,#1990,morocco_champion_yes,0.0319
2026-07-09T20:03:38.881183+00:00,#1991,morocco_champion_no,0.9681
2026-07-09T20:03:41.453305+00:00,#7610,France,0.771975
2026-07-09T20:03:41.453305+00:00,#7611,Morocco,0.228025
2026-07-09T20:03:41.453305+00:00,#1890,france_champion_yes,0.3206
2026-07-09T20:03:41.453305+00:00,#1891,france_champion_no,0.6794
2026-07-09T20:03:41.453305+00:00,#1990,morocco_champion_yes,0.0319
2026-07-09T20:03:41.453305+00:00,#1991,morocco_champion_no,0.9681
2026-07-09T20:03:43.951860+00:00,#7610,France,0.77101
2026-07-09T20:03:43.951860+00:00,#7611,Morocco,0.22899
2026-07-09T20:03:43.951860+00:00,#1890,france_champion_yes,0.32058
2026-07-09T20:03:43.951860+00:00,#1891,france_champion_no,0.67942
2026-07-09T20:03:43.951860+00:00,#1990,morocco_champion_yes,0.0319
2026-07-09T20:03:43.951860+00:00,#1991,morocco_champion_no,0.9681
2026-07-09T20:03:50.061320+00:00,#7610,France,0.771035
2026-07-09T20:03:50.061320+00:00,#7611,Morocco,0.228965
2026-07-09T20:03:50.061320+00:00,#1890,france_champion_yes,0.32058
2026-07-09T20:03:50.061320+00:00,#1891,france_champion_no,0.67942
2026-07-09T20:03:50.061320+00:00,#1990,morocco_champion_yes,0.0319
2026-07-09T20:03:50.061320+00:00,#1991,morocco_champion_no,0.9681
2026-07-09T20:03:54.060585+00:00,#7610,France,0.77101
2026-07-09T20:03:54.060585+00:00,#7611,Morocco,0.22899
2026-07-09T20:03:54.060585+00:00,#1890,france_champion_yes,0.32058
2026-07-09T20:03:54.060585+00:00,#1891,france_champion_no,0.67942
2026-07-09T20:03:54.060585+00:00,#1990,morocco_champion_yes,0.0319
2026-07-09T20:03:54.060585+00:00,#1991,morocco_champion_no,0.9681
2026-07-09T20:03:58.418525+00:00,#7610,France,0.77101
2026-07-09T20:03:58.418525+00:00,#7611,Morocco,0.22899
2026-07-09T20:03:58.418525+00:00,#1890,france_champion_yes,0.32058
2026-07-09T20:03:58.418525+00:00,#1891,france_champion_no,0.67942
2026-07-09T20:03:58.418525+00:00,#1990,morocco_champion_yes,0.0319
2026-07-09T20:03:58.418525+00:00,#1991,morocco_champion_no,0.9681
2026-07-09T20:04:00.317745+00:00,#7610,France,0.77101
2026-07-09T20:04:00.317745+00:00,#7611,Morocco,0.22899
2026-07-09T20:04:00.317745+00:00,#1890,france_champion_yes,0.32058
2026-07-09T20:04:00.317745+00:00,#1891,france_champion_no,0.67942
2026-07-09T20:04:00.317745+00:00,#1990,morocco_champion_yes,0.0319
2026-07-09T20:04:00.317745+00:00,#1991,morocco_champion_no,0.9681
2026-07-09T20:04:04.518233+00:00,#7610,France,0.771475
2026-07-09T20:04:04.518233+00:00,#7611,Morocco,0.228525
2026-07-09T20:04:04.518233+00:00,#1890,france_champion_yes,0.32058
2026-07-09T20:04:04.518233+00:00,#1891,france_champion_no,0.67942
2026-07-09T20:04:04.518233+00:00,#1990,morocco_champion_yes,0.0319
2026-07-09T20:04:04.518233+00:00,#1991,morocco_champion_no,0.9681
2026-07-09T20:04:08.862658+00:00,#7610,France,0.771475
2026-07-09T20:04:08.862658+00:00,#7611,Morocco,0.228525
2026-07-09T20:04:08.862658+00:00,#1890,france_champion_yes,0.32058
2026-07-09T20:04:08.862658+00:00,#1891,france_champion_no,0.67942
2026-07-09T20:04:08.862658+00:00,#1990,morocco_champion_yes,0.0319
2026-07-09T20:04:08.862658+00:00,#1991,morocco_champion_no,0.9681
2026-07-09T20:04:14.110778+00:00,#7610,France,0.7715
2026-07-09T20:04:14.110778+00:00,#7611,Morocco,0.2285
2026-07-09T20:04:14.110778+00:00,#1890,france_champion_yes,0.32058
2026-07-09T20:04:14.110778+00:00,#1891,france_champion_no,0.67942
2026-07-09T20:04:14.110778+00:00,#1990,morocco_champion_yes,0.03425
2026-07-09T20:04:14.110778+00:00,#1991,morocco_champion_no,0.96575
2026-07-09T20:04:15.317323+00:00,#7610,France,0.7715
2026-07-09T20:04:15.317323+00:00,#7611,Morocco,0.2285
2026-07-09T20:04:15.317323+00:00,#1890,france_champion_yes,0.32058
2026-07-09T20:04:15.317323+00:00,#1891,france_champion_no,0.67942
2026-07-09T20:04:15.317323+00:00,#1990,morocco_champion_yes,0.03425
2026-07-09T20:04:15.317323+00:00,#1991,morocco_champion_no,0.96575
2026-07-09T20:04:19.369955+00:00,#7610,France,0.7715
2026-07-09T20:04:19.369955+00:00,#7611,Morocco,0.2285
2026-07-09T20:04:19.369955+00:00,#1890,france_champion_yes,0.32058
2026-07-09T20:04:19.369955+00:00,#1891,france_champion_no,0.67942
2026-07-09T20:04:19.369955+00:00,#1990,morocco_champion_yes,0.03425
2026-07-09T20:04:19.369955+00:00,#1991,morocco_champion_no,0.96575
2026-07-09T20:04:24.187818+00:00,#7610,France,0.771685
2026-07-09T20:04:24.187818+00:00,#7611,Morocco,0.228315
2026-07-09T20:04:24.187818+00:00,#1890,france_champion_yes,0.32058
2026-07-09T20:04:24.187818+00:00,#1891,france_champion_no,0.67942
2026-07-09T20:04:24.187818+00:00,#1990,morocco_champion_yes,0.03425
2026-07-09T20:04:24.187818+00:00,#1991,morocco_champion_no,0.96575
2026-07-09T20:04:29.294069+00:00,#7610,France,0.771735
2026-07-09T20:04:29.294069+00:00,#7611,Morocco,0.228265
2026-07-09T20:04:29.294069+00:00,#1890,france_champion_yes,0.32058
2026-07-09T20:04:29.294069+00:00,#1891,france_champion_no,0.67942
2026-07-09T20:04:29.294069+00:00,#1990,morocco_champion_yes,0.03425
2026-07-09T20:04:29.294069+00:00,#1991,morocco_champion_no,0.96575
2026-07-09T20:04:32.322219+00:00,#7610,France,0.771735
2026-07-09T20:04:32.322219+00:00,#7611,Morocco,0.228265
2026-07-09T20:04:32.322219+00:00,#1890,france_champion_yes,0.32058
2026-07-09T20:04:32.322219+00:00,#1891,france_champion_no,0.67942
2026-07-09T20:04:32.322219+00:00,#1990,morocco_champion_yes,0.03425
2026-07-09T20:04:32.322219+00:00,#1991,morocco_champion_no,0.96575
2026-07-09T20:04:34.550617+00:00,#7610,France,0.77168
2026-07-09T20:04:34.550617+00:00,#7611,Morocco,0.22832
2026-07-09T20:04:34.550617+00:00,#1890,france_champion_yes,0.32058
2026-07-09T20:04:34.550617+00:00,#1891,france_champion_no,0.67942
2026-07-09T20:04:34.550617+00:00,#1990,morocco_champion_yes,0.03425
2026-07-09T20:04:34.550617+00:00,#1991,morocco_champion_no,0.96575
2026-07-09T20:04:39.295715+00:00,#7610,France,0.778
2026-07-09T20:04:39.295715+00:00,#7611,Morocco,0.222
2026-07-09T20:04:39.295715+00:00,#1890,france_champion_yes,0.32058
2026-07-09T20:04:39.295715+00:00,#1891,france_champion_no,0.67942
2026-07-09T20:04:39.295715+00:00,#1990,morocco_champion_yes,0.03425
2026-07-09T20:04:39.295715+00:00,#1991,morocco_champion_no,0.96575
2026-07-09T20:04:44.351823+00:00,#7610,France,0.778025
2026-07-09T20:04:44.351823+00:00,#7611,Morocco,0.221975
2026-07-09T20:04:44.351823+00:00,#1890,france_champion_yes,0.32058
2026-07-09T20:04:44.351823+00:00,#1891,france_champion_no,0.67942
2026-07-09T20:04:44.351823+00:00,#1990,morocco_champion_yes,0.03425
2026-07-09T20:04:44.351823+00:00,#1991,morocco_champion_no,0.96575
2026-07-09T20:04:49.231392+00:00,#7610,France,0.781725
2026-07-09T20:04:49.231392+00:00,#7611,Morocco,0.218275
2026-07-09T20:04:49.231392+00:00,#1890,france_champion_yes,0.32058
2026-07-09T20:04:49.231392+00:00,#1891,france_champion_no,0.67942
2026-07-09T20:04:49.231392+00:00,#1990,morocco_champion_yes,0.03425
2026-07-09T20:04:49.231392+00:00,#1991,morocco_champion_no,0.96575
2026-07-09T20:04:51.199418+00:00,#7610,France,0.781725
2026-07-09T20:04:51.199418+00:00,#7611,Morocco,0.218275
2026-07-09T20:04:51.199418+00:00,#1890,france_champion_yes,0.32058
2026-07-09T20:04:51.199418+00:00,#1891,france_champion_no,0.67942
2026-07-09T20:04:51.199418+00:00,#1990,morocco_champion_yes,0.03425
2026-07-09T20:04:51.199418+00:00,#1991,morocco_champion_no,0.96575
2026-07-09T20:04:54.591262+00:00,#7610,France,0.78087
2026-07-09T20:04:54.591262+00:00,#7611,Morocco,0.21913
2026-07-09T20:04:54.591262+00:00,#1890,france_champion_yes,0.32058
2026-07-09T20:04:54.591262+00:00,#1891,france_champion_no,0.67942
2026-07-09T20:04:54.591262+00:00,#1990,morocco_champion_yes,0.03425
2026-07-09T20:04:54.591262+00:00,#1991,morocco_champion_no,0.96575
2026-07-09T20:04:59.568636+00:00,#7610,France,0.77176
2026-07-09T20:04:59.568636+00:00,#7611,Morocco,0.22824
2026-07-09T20:04:59.568636+00:00,#1890,france_champion_yes,0.32058
2026-07-09T20:04:59.568636+00:00,#1891,france_champion_no,0.67942
2026-07-09T20:04:59.568636+00:00,#1990,morocco_champion_yes,0.03425
2026-07-09T20:04:59.568636+00:00,#1991,morocco_champion_no,0.96575
2026-07-09T20:05:04.830699+00:00,#7610,France,0.771665
2026-07-09T20:05:04.830699+00:00,#7611,Morocco,0.228335
2026-07-09T20:05:04.830699+00:00,#1890,france_champion_yes,0.32058
2026-07-09T20:05:04.830699+00:00,#1891,france_champion_no,0.67942
2026-07-09T20:05:04.830699+00:00,#1990,morocco_champion_yes,0.03425
2026-07-09T20:05:04.830699+00:00,#1991,morocco_champion_no,0.96575
2026-07-09T20:05:06.199956+00:00,#7610,France,0.771665
2026-07-09T20:05:06.199956+00:00,#7611,Morocco,0.228335
2026-07-09T20:05:06.199956+00:00,#1890,france_champion_yes,0.32058
2026-07-09T20:05:06.199956+00:00,#1891,france_champion_no,0.67942
2026-07-09T20:05:06.199956+00:00,#1990,morocco_champion_yes,0.03425
2026-07-09T20:05:06.199956+00:00,#1991,morocco_champion_no,0.96575
2026-07-09T20:05:09.595339+00:00,#7610,France,0.771665
2026-07-09T20:05:09.595339+00:00,#7611,Morocco,0.228335
2026-07-09T20:05:09.595339+00:00,#1890,france_champion_yes,0.32058
2026-07-09T20:05:09.595339+00:00,#1891,france_champion_no,0.67942
2026-07-09T20:05:09.595339+00:00,#1990,morocco_champion_yes,0.03425
2026-07-09T20:05:09.595339+00:00,#1991,morocco_champion_no,0.96575
2026-07-09T20:05:14.749116+00:00,#7610,France,0.771665
2026-07-09T20:05:14.749116+00:00,#7611,Morocco,0.228335
2026-07-09T20:05:14.749116+00:00,#1890,france_champion_yes,0.32058
2026-07-09T20:05:14.749116+00:00,#1891,france_champion_no,0.67942
2026-07-09T20:05:14.749116+00:00,#1990,morocco_champion_yes,0.03425
2026-07-09T20:05:14.749116+00:00,#1991,morocco_champion_no,0.96575
2026-07-09T20:05:20.154461+00:00,#7610,France,0.771665
2026-07-09T20:05:20.154461+00:00,#7611,Morocco,0.228335
2026-07-09T20:05:20.154461+00:00,#1890,france_champion_yes,0.32058
2026-07-09T20:05:20.154461+00:00,#1891,france_champion_no,0.67942
2026-07-09T20:05:20.154461+00:00,#1990,morocco_champion_yes,0.03425
2026-07-09T20:05:20.154461+00:00,#1991,morocco_champion_no,0.96575
2026-07-09T20:05:23.151857+00:00,#7610,France,0.771665
2026-07-09T20:05:23.151857+00:00,#7611,Morocco,0.228335
2026-07-09T20:05:23.151857+00:00,#1890,france_champion_yes,0.32058
2026-07-09T20:05:23.151857+00:00,#1891,france_champion_no,0.67942
2026-07-09T20:05:23.151857+00:00,#1990,morocco_champion_yes,0.03425
2026-07-09T20:05:23.151857+00:00,#1991,morocco_champion_no,0.96575
2026-07-09T20:05:25.484977+00:00,#7610,France,0.771665
2026-07-09T20:05:25.484977+00:00,#7611,Morocco,0.228335
2026-07-09T20:05:25.484977+00:00,#1890,france_champion_yes,0.32058
2026-07-09T20:05:25.484977+00:00,#1891,france_champion_no,0.67942
2026-07-09T20:05:25.484977+00:00,#1990,morocco_champion_yes,0.03425
2026-07-09T20:05:25.484977+00:00,#1991,morocco_champion_no,0.96575
2026-07-09T20:05:29.826285+00:00,#7610,France,0.771665
2026-07-09T20:05:29.826285+00:00,#7611,Morocco,0.228335
2026-07-09T20:05:29.826285+00:00,#1890,france_champion_yes,0.32058
2026-07-09T20:05:29.826285+00:00,#1891,france_champion_no,0.67942
2026-07-09T20:05:29.826285+00:00,#1990,morocco_champion_yes,0.03425
2026-07-09T20:05:29.826285+00:00,#1991,morocco_champion_no,0.96575
2026-07-09T20:05:35.040283+00:00,#7610,France,0.77167
2026-07-09T20:05:35.040283+00:00,#7611,Morocco,0.22833
2026-07-09T20:05:35.040283+00:00,#1890,france_champion_yes,0.32058
2026-07-09T20:05:35.040283+00:00,#1891,france_champion_no,0.67942
2026-07-09T20:05:35.040283+00:00,#1990,morocco_champion_yes,0.03425
2026-07-09T20:05:35.040283+00:00,#1991,morocco_champion_no,0.96575
2026-07-09T20:05:39.919872+00:00,#7610,France,0.77167
2026-07-09T20:05:39.919872+00:00,#7611,Morocco,0.22833
2026-07-09T20:05:39.919872+00:00,#1890,france_champion_yes,0.32058
2026-07-09T20:05:39.919872+00:00,#1891,france_champion_no,0.67942
2026-07-09T20:05:39.919872+00:00,#1990,morocco_champion_yes,0.03425
2026-07-09T20:05:39.919872+00:00,#1991,morocco_champion_no,0.96575
2026-07-09T20:05:40.484584+00:00,#7610,France,0.77167
2026-07-09T20:05:40.484584+00:00,#7611,Morocco,0.22833
2026-07-09T20:05:40.484584+00:00,#1890,france_champion_yes,0.32058
2026-07-09T20:05:40.484584+00:00,#1891,france_champion_no,0.67942
2026-07-09T20:05:40.484584+00:00,#1990,morocco_champion_yes,0.03425
2026-07-09T20:05:40.484584+00:00,#1991,morocco_champion_no,0.96575
2026-07-09T20:05:44.944175+00:00,#7610,France,0.77167
2026-07-09T20:05:44.944175+00:00,#7611,Morocco,0.22833
2026-07-09T20:05:44.944175+00:00,#1890,france_champion_yes,0.32058
2026-07-09T20:05:44.944175+00:00,#1891,france_champion_no,0.67942
2026-07-09T20:05:44.944175+00:00,#1990,morocco_champion_yes,0.03425
2026-07-09T20:05:44.944175+00:00,#1991,morocco_champion_no,0.96575
2026-07-09T20:05:50.343665+00:00,#7610,France,0.77167
2026-07-09T20:05:50.343665+00:00,#7611,Morocco,0.22833
2026-07-09T20:05:50.343665+00:00,#1890,france_champion_yes,0.32059
2026-07-09T20:05:50.343665+00:00,#1891,france_champion_no,0.67941
2026-07-09T20:05:50.343665+00:00,#1990,morocco_champion_yes,0.03425
2026-07-09T20:05:50.343665+00:00,#1991,morocco_champion_no,0.96575
2026-07-09T20:05:55.035869+00:00,#7610,France,0.771625
2026-07-09T20:05:55.035869+00:00,#7611,Morocco,0.228375
2026-07-09T20:05:55.035869+00:00,#1890,france_champion_yes,0.32058
2026-07-09T20:05:55.035869+00:00,#1891,france_champion_no,0.67942
2026-07-09T20:05:55.035869+00:00,#1990,morocco_champion_yes,0.03425
2026-07-09T20:05:55.035869+00:00,#1991,morocco_champion_no,0.96575
2026-07-09T20:05:57.191493+00:00,#7610,France,0.771625
2026-07-09T20:05:57.191493+00:00,#7611,Morocco,0.228375
2026-07-09T20:05:57.191493+00:00,#1890,france_champion_yes,0.32058
2026-07-09T20:05:57.191493+00:00,#1891,france_champion_no,0.67942
2026-07-09T20:05:57.191493+00:00,#1990,morocco_champion_yes,0.03425
2026-07-09T20:05:57.191493+00:00,#1991,morocco_champion_no,0.96575
2026-07-09T20:06:00.085535+00:00,#7610,France,0.771625
2026-07-09T20:06:00.085535+00:00,#7611,Morocco,0.228375
2026-07-09T20:06:00.085535+00:00,#1890,france_champion_yes,0.32058
2026-07-09T20:06:00.085535+00:00,#1891,france_champion_no,0.67942
2026-07-09T20:06:00.085535+00:00,#1990,morocco_champion_yes,0.03425
2026-07-09T20:06:00.085535+00:00,#1991,morocco_champion_no,0.96575
2026-07-09T20:06:05.434124+00:00,#7610,France,0.771625
2026-07-09T20:06:05.434124+00:00,#7611,Morocco,0.228375
2026-07-09T20:06:05.434124+00:00,#1890,france_champion_yes,0.32058
2026-07-09T20:06:05.434124+00:00,#1891,france_champion_no,0.67942
2026-07-09T20:06:05.434124+00:00,#1990,morocco_champion_yes,0.03425
2026-07-09T20:06:05.434124+00:00,#1991,morocco_champion_no,0.96575
2026-07-09T20:06:09.964013+00:00,#7610,France,0.771625
2026-07-09T20:06:09.964013+00:00,#7611,Morocco,0.228375
2026-07-09T20:06:09.964013+00:00,#1890,france_champion_yes,0.32059
2026-07-09T20:06:09.964013+00:00,#1891,france_champion_no,0.67941
2026-07-09T20:06:09.964013+00:00,#1990,morocco_champion_yes,0.03425
2026-07-09T20:06:09.964013+00:00,#1991,morocco_champion_no,0.96575
2026-07-09T20:06:14.757480+00:00,#7610,France,0.771645
2026-07-09T20:06:14.757480+00:00,#7611,Morocco,0.228355
2026-07-09T20:06:14.757480+00:00,#1890,france_champion_yes,0.32058
2026-07-09T20:06:14.757480+00:00,#1891,france_champion_no,0.67942
2026-07-09T20:06:14.757480+00:00,#1990,morocco_champion_yes,0.03425
2026-07-09T20:06:14.757480+00:00,#1991,morocco_champion_no,0.96575
2026-07-09T20:06:16.696959+00:00,#7610,France,0.771645
2026-07-09T20:06:16.696959+00:00,#7611,Morocco,0.228355
2026-07-09T20:06:16.696959+00:00,#1890,france_champion_yes,0.32058
2026-07-09T20:06:16.696959+00:00,#1891,france_champion_no,0.67942
2026-07-09T20:06:16.696959+00:00,#1990,morocco_champion_yes,0.03425
2026-07-09T20:06:16.696959+00:00,#1991,morocco_champion_no,0.96575
2026-07-09T20:06:20.535658+00:00,#7610,France,0.77531
2026-07-09T20:06:20.535658+00:00,#7611,Morocco,0.22469
2026-07-09T20:06:20.535658+00:00,#1890,france_champion_yes,0.32058
2026-07-09T20:06:20.535658+00:00,#1891,france_champion_no,0.67942
2026-07-09T20:06:20.535658+00:00,#1990,morocco_champion_yes,0.03425
2026-07-09T20:06:20.535658+00:00,#1991,morocco_champion_no,0.96575
2026-07-09T20:06:25.149168+00:00,#7610,France,0.77635
2026-07-09T20:06:25.149168+00:00,#7611,Morocco,0.22365
2026-07-09T20:06:25.149168+00:00,#1890,france_champion_yes,0.32059
2026-07-09T20:06:25.149168+00:00,#1891,france_champion_no,0.67941
2026-07-09T20:06:25.149168+00:00,#1990,morocco_champion_yes,0.03425
2026-07-09T20:06:25.149168+00:00,#1991,morocco_champion_no,0.96575
2026-07-09T20:06:30.290133+00:00,#7610,France,0.776375
2026-07-09T20:06:30.290133+00:00,#7611,Morocco,0.223625
2026-07-09T20:06:30.290133+00:00,#1890,france_champion_yes,0.32058
2026-07-09T20:06:30.290133+00:00,#1891,france_champion_no,0.67942
2026-07-09T20:06:30.290133+00:00,#1990,morocco_champion_yes,0.03425
2026-07-09T20:06:30.290133+00:00,#1991,morocco_champion_no,0.96575
2026-07-09T20:06:31.697831+00:00,#7610,France,0.77635
2026-07-09T20:06:31.697831+00:00,#7611,Morocco,0.22365
2026-07-09T20:06:31.697831+00:00,#1890,france_champion_yes,0.32059
2026-07-09T20:06:31.697831+00:00,#1891,france_champion_no,0.67941
2026-07-09T20:06:31.697831+00:00,#1990,morocco_champion_yes,0.03425
2026-07-09T20:06:31.697831+00:00,#1991,morocco_champion_no,0.96575
2026-07-09T20:06:35.289042+00:00,#7610,France,0.776475
2026-07-09T20:06:35.289042+00:00,#7611,Morocco,0.223525
2026-07-09T20:06:35.289042+00:00,#1890,france_champion_yes,0.32058
2026-07-09T20:06:35.289042+00:00,#1891,france_champion_no,0.67942
2026-07-09T20:06:35.289042+00:00,#1990,morocco_champion_yes,0.03425
2026-07-09T20:06:35.289042+00:00,#1991,morocco_champion_no,0.96575
2026-07-09T20:06:40.326417+00:00,#7610,France,0.776415
2026-07-09T20:06:40.326417+00:00,#7611,Morocco,0.223585
2026-07-09T20:06:40.326417+00:00,#1890,france_champion_yes,0.32058
2026-07-09T20:06:40.326417+00:00,#1891,france_champion_no,0.67942
2026-07-09T20:06:40.326417+00:00,#1990,morocco_champion_yes,0.03425
2026-07-09T20:06:40.326417+00:00,#1991,morocco_champion_no,0.96575
2026-07-09T20:06:45.460538+00:00,#7610,France,0.776505
2026-07-09T20:06:45.460538+00:00,#7611,Morocco,0.223495
2026-07-09T20:06:45.460538+00:00,#1890,france_champion_yes,0.32059
2026-07-09T20:06:45.460538+00:00,#1891,france_champion_no,0.67941
2026-07-09T20:06:45.460538+00:00,#1990,morocco_champion_yes,0.03425
2026-07-09T20:06:45.460538+00:00,#1991,morocco_champion_no,0.96575
2026-07-09T20:06:48.610012+00:00,#7610,France,0.776505
2026-07-09T20:06:48.610012+00:00,#7611,Morocco,0.223495
2026-07-09T20:06:48.610012+00:00,#1890,france_champion_yes,0.32058
2026-07-09T20:06:48.610012+00:00,#1891,france_champion_no,0.67942
2026-07-09T20:06:48.610012+00:00,#1990,morocco_champion_yes,0.03425
2026-07-09T20:06:48.610012+00:00,#1991,morocco_champion_no,0.96575
2026-07-09T20:06:50.787328+00:00,#7610,France,0.777025
2026-07-09T20:06:50.787328+00:00,#7611,Morocco,0.222975
2026-07-09T20:06:50.787328+00:00,#1890,france_champion_yes,0.32058
2026-07-09T20:06:50.787328+00:00,#1891,france_champion_no,0.67942
2026-07-09T20:06:50.787328+00:00,#1990,morocco_champion_yes,0.03425
2026-07-09T20:06:50.787328+00:00,#1991,morocco_champion_no,0.96575
2026-07-09T20:06:56.936645+00:00,#7610,France,0.77703
2026-07-09T20:06:56.936645+00:00,#7611,Morocco,0.22297
2026-07-09T20:06:56.936645+00:00,#1890,france_champion_yes,0.32058
2026-07-09T20:06:56.936645+00:00,#1891,france_champion_no,0.67942
2026-07-09T20:06:56.936645+00:00,#1990,morocco_champion_yes,0.03425
2026-07-09T20:06:56.936645+00:00,#1991,morocco_champion_no,0.96575
2026-07-09T20:07:00.544610+00:00,#7610,France,0.777035
2026-07-09T20:07:00.544610+00:00,#7611,Morocco,0.222965
2026-07-09T20:07:00.544610+00:00,#1890,france_champion_yes,0.32059
2026-07-09T20:07:00.544610+00:00,#1891,france_champion_no,0.67941
2026-07-09T20:07:00.544610+00:00,#1990,morocco_champion_yes,0.03425
2026-07-09T20:07:00.544610+00:00,#1991,morocco_champion_no,0.96575
2026-07-09T20:07:05.564253+00:00,#7610,France,0.777185
2026-07-09T20:07:05.564253+00:00,#7611,Morocco,0.222815
2026-07-09T20:07:05.564253+00:00,#1890,france_champion_yes,0.320575
2026-07-09T20:07:05.564253+00:00,#1891,france_champion_no,0.679425
2026-07-09T20:07:05.564253+00:00,#1990,morocco_champion_yes,0.036
2026-07-09T20:07:05.564253+00:00,#1991,morocco_champion_no,0.964
2026-07-09T20:07:07.623107+00:00,#7610,France,0.777185
2026-07-09T20:07:07.623107+00:00,#7611,Morocco,0.222815
2026-07-09T20:07:07.623107+00:00,#1890,france_champion_yes,0.320575
2026-07-09T20:07:07.623107+00:00,#1891,france_champion_no,0.679425
2026-07-09T20:07:07.623107+00:00,#1990,morocco_champion_yes,0.036
2026-07-09T20:07:07.623107+00:00,#1991,morocco_champion_no,0.964
2026-07-09T20:07:10.681621+00:00,#7610,France,0.77822
2026-07-09T20:07:10.681621+00:00,#7611,Morocco,0.22178
2026-07-09T20:07:10.681621+00:00,#1890,france_champion_yes,0.320575
2026-07-09T20:07:10.681621+00:00,#1891,france_champion_no,0.679425
2026-07-09T20:07:10.681621+00:00,#1990,morocco_champion_yes,0.036
2026-07-09T20:07:10.681621+00:00,#1991,morocco_champion_no,0.964
2026-07-09T20:07:15.731084+00:00,#7610,France,0.77825
2026-07-09T20:07:15.731084+00:00,#7611,Morocco,0.22175
2026-07-09T20:07:15.731084+00:00,#1890,france_champion_yes,0.320575
2026-07-09T20:07:15.731084+00:00,#1891,france_champion_no,0.679425
2026-07-09T20:07:15.731084+00:00,#1990,morocco_champion_yes,0.036
2026-07-09T20:07:15.731084+00:00,#1991,morocco_champion_no,0.964
2026-07-09T20:07:20.875258+00:00,#7610,France,0.77823
2026-07-09T20:07:20.875258+00:00,#7611,Morocco,0.22177
2026-07-09T20:07:20.875258+00:00,#1890,france_champion_yes,0.32063
2026-07-09T20:07:20.875258+00:00,#1891,france_champion_no,0.67937
2026-07-09T20:07:20.875258+00:00,#1990,morocco_champion_yes,0.036
2026-07-09T20:07:20.875258+00:00,#1991,morocco_champion_no,0.964
2026-07-09T20:07:22.623740+00:00,#7610,France,0.77823
2026-07-09T20:07:22.623740+00:00,#7611,Morocco,0.22177
2026-07-09T20:07:22.623740+00:00,#1890,france_champion_yes,0.32058
2026-07-09T20:07:22.623740+00:00,#1891,france_champion_no,0.67942
2026-07-09T20:07:22.623740+00:00,#1990,morocco_champion_yes,0.036
2026-07-09T20:07:22.623740+00:00,#1991,morocco_champion_no,0.964
2026-07-09T20:07:25.782626+00:00,#7610,France,0.77826
2026-07-09T20:07:25.782626+00:00,#7611,Morocco,0.22174
2026-07-09T20:07:25.782626+00:00,#1890,france_champion_yes,0.32063
2026-07-09T20:07:25.782626+00:00,#1891,france_champion_no,0.67937
2026-07-09T20:07:25.782626+00:00,#1990,morocco_champion_yes,0.036
2026-07-09T20:07:25.782626+00:00,#1991,morocco_champion_no,0.964
2026-07-09T20:07:30.766970+00:00,#7610,France,0.778285
2026-07-09T20:07:30.766970+00:00,#7611,Morocco,0.221715
2026-07-09T20:07:30.766970+00:00,#1890,france_champion_yes,0.32063
2026-07-09T20:07:30.766970+00:00,#1891,france_champion_no,0.67937
2026-07-09T20:07:30.766970+00:00,#1990,morocco_champion_yes,0.036
2026-07-09T20:07:30.766970+00:00,#1991,morocco_champion_no,0.964
2026-07-09T20:07:36.125964+00:00,#7610,France,0.778315
2026-07-09T20:07:36.125964+00:00,#7611,Morocco,0.221685
2026-07-09T20:07:36.125964+00:00,#1890,france_champion_yes,0.32064
2026-07-09T20:07:36.125964+00:00,#1891,france_champion_no,0.67936
2026-07-09T20:07:36.125964+00:00,#1990,morocco_champion_yes,0.036
2026-07-09T20:07:36.125964+00:00,#1991,morocco_champion_no,0.964
2026-07-09T20:07:39.531297+00:00,#7610,France,0.778315
2026-07-09T20:07:39.531297+00:00,#7611,Morocco,0.221685
2026-07-09T20:07:39.531297+00:00,#1890,france_champion_yes,0.32064
2026-07-09T20:07:39.531297+00:00,#1891,france_champion_no,0.67936
2026-07-09T20:07:39.531297+00:00,#1990,morocco_champion_yes,0.036
2026-07-09T20:07:39.531297+00:00,#1991,morocco_champion_no,0.964
2026-07-09T20:07:41.432555+00:00,#7610,France,0.77813
2026-07-09T20:07:41.432555+00:00,#7611,Morocco,0.22187
2026-07-09T20:07:41.432555+00:00,#1890,france_champion_yes,0.320625
2026-07-09T20:07:41.432555+00:00,#1891,france_champion_no,0.679375
2026-07-09T20:07:41.432555+00:00,#1990,morocco_champion_yes,0.036
2026-07-09T20:07:41.432555+00:00,#1991,morocco_champion_no,0.964
2026-07-09T20:07:46.075826+00:00,#7610,France,0.781225
2026-07-09T20:07:46.075826+00:00,#7611,Morocco,0.218775
2026-07-09T20:07:46.075826+00:00,#1890,france_champion_yes,0.320625
2026-07-09T20:07:46.075826+00:00,#1891,france_champion_no,0.679375
2026-07-09T20:07:46.075826+00:00,#1990,morocco_champion_yes,0.036
2026-07-09T20:07:46.075826+00:00,#1991,morocco_champion_no,0.964
2026-07-09T20:07:51.534831+00:00,#7610,France,0.78216
2026-07-09T20:07:51.534831+00:00,#7611,Morocco,0.21784
2026-07-09T20:07:51.534831+00:00,#1890,france_champion_yes,0.320635
2026-07-09T20:07:51.534831+00:00,#1891,france_champion_no,0.679365
2026-07-09T20:07:51.534831+00:00,#1990,morocco_champion_yes,0.036
2026-07-09T20:07:51.534831+00:00,#1991,morocco_champion_no,0.964
2026-07-09T20:07:56.163999+00:00,#7610,France,0.78225
2026-07-09T20:07:56.163999+00:00,#7611,Morocco,0.21775
2026-07-09T20:07:56.163999+00:00,#1890,france_champion_yes,0.320635
2026-07-09T20:07:56.163999+00:00,#1891,france_champion_no,0.679365
2026-07-09T20:07:56.163999+00:00,#1990,morocco_champion_yes,0.036
2026-07-09T20:07:56.163999+00:00,#1991,morocco_champion_no,0.964
2026-07-09T20:07:56.432563+00:00,#7610,France,0.782165
2026-07-09T20:07:56.432563+00:00,#7611,Morocco,0.217835
2026-07-09T20:07:56.432563+00:00,#1890,france_champion_yes,0.320635
2026-07-09T20:07:56.432563+00:00,#1891,france_champion_no,0.679365
2026-07-09T20:07:56.432563+00:00,#1990,morocco_champion_yes,0.036
2026-07-09T20:07:56.432563+00:00,#1991,morocco_champion_no,0.964
2026-07-09T20:08:01.325625+00:00,#7610,France,0.782275
2026-07-09T20:08:01.325625+00:00,#7611,Morocco,0.217725
2026-07-09T20:08:01.325625+00:00,#1890,france_champion_yes,0.320685
2026-07-09T20:08:01.325625+00:00,#1891,france_champion_no,0.679315
2026-07-09T20:08:01.325625+00:00,#1990,morocco_champion_yes,0.036
2026-07-09T20:08:01.325625+00:00,#1991,morocco_champion_no,0.964
2026-07-09T20:08:06.601468+00:00,#7610,France,0.78231
2026-07-09T20:08:06.601468+00:00,#7611,Morocco,0.21769
2026-07-09T20:08:06.601468+00:00,#1890,france_champion_yes,0.320595
2026-07-09T20:08:06.601468+00:00,#1891,france_champion_no,0.679405
2026-07-09T20:08:06.601468+00:00,#1990,morocco_champion_yes,0.036
2026-07-09T20:08:06.601468+00:00,#1991,morocco_champion_no,0.964
2026-07-09T20:08:11.339773+00:00,#7610,France,0.78375
2026-07-09T20:08:11.339773+00:00,#7611,Morocco,0.21625
2026-07-09T20:08:11.339773+00:00,#1890,france_champion_yes,0.3206
2026-07-09T20:08:11.339773+00:00,#1891,france_champion_no,0.6794
2026-07-09T20:08:11.339773+00:00,#1990,morocco_champion_yes,0.036
2026-07-09T20:08:11.339773+00:00,#1991,morocco_champion_no,0.964
2026-07-09T20:08:13.438316+00:00,#7610,France,0.78375
2026-07-09T20:08:13.438316+00:00,#7611,Morocco,0.21625
2026-07-09T20:08:13.438316+00:00,#1890,france_champion_yes,0.3206
2026-07-09T20:08:13.438316+00:00,#1891,france_champion_no,0.6794
2026-07-09T20:08:13.438316+00:00,#1990,morocco_champion_yes,0.036
2026-07-09T20:08:13.438316+00:00,#1991,morocco_champion_no,0.964
2026-07-09T20:08:16.382623+00:00,#7610,France,0.783775
2026-07-09T20:08:16.382623+00:00,#7611,Morocco,0.216225
2026-07-09T20:08:16.382623+00:00,#1890,france_champion_yes,0.3206
2026-07-09T20:08:16.382623+00:00,#1891,france_champion_no,0.6794
2026-07-09T20:08:16.382623+00:00,#1990,morocco_champion_yes,0.036
2026-07-09T20:08:16.382623+00:00,#1991,morocco_champion_no,0.964
2026-07-09T20:08:21.541974+00:00,#7610,France,0.782875
2026-07-09T20:08:21.541974+00:00,#7611,Morocco,0.217125
2026-07-09T20:08:21.541974+00:00,#1890,france_champion_yes,0.32059
2026-07-09T20:08:21.541974+00:00,#1891,france_champion_no,0.67941
2026-07-09T20:08:21.541974+00:00,#1990,morocco_champion_yes,0.036
2026-07-09T20:08:21.541974+00:00,#1991,morocco_champion_no,0.964
2026-07-09T20:08:26.357440+00:00,#7610,France,0.782905
2026-07-09T20:08:26.357440+00:00,#7611,Morocco,0.217095
2026-07-09T20:08:26.357440+00:00,#1890,france_champion_yes,0.31953
2026-07-09T20:08:26.357440+00:00,#1891,france_champion_no,0.68047
2026-07-09T20:08:26.357440+00:00,#1990,morocco_champion_yes,0.036
2026-07-09T20:08:26.357440+00:00,#1991,morocco_champion_no,0.964
2026-07-09T20:08:30.519567+00:00,#7610,France,0.782905
2026-07-09T20:08:30.519567+00:00,#7611,Morocco,0.217095
2026-07-09T20:08:30.519567+00:00,#1890,france_champion_yes,0.31953
2026-07-09T20:08:30.519567+00:00,#1891,france_champion_no,0.68047
2026-07-09T20:08:30.519567+00:00,#1990,morocco_champion_yes,0.036
2026-07-09T20:08:30.519567+00:00,#1991,morocco_champion_no,0.964
2026-07-09T20:08:32.459961+00:00,#7610,France,0.782905
2026-07-09T20:08:32.459961+00:00,#7611,Morocco,0.217095
2026-07-09T20:08:32.459961+00:00,#1890,france_champion_yes,0.31953
2026-07-09T20:08:32.459961+00:00,#1891,france_champion_no,0.68047
2026-07-09T20:08:32.459961+00:00,#1990,morocco_champion_yes,0.036
2026-07-09T20:08:32.459961+00:00,#1991,morocco_champion_no,0.964
2026-07-09T20:08:36.656902+00:00,#7610,France,0.782935
2026-07-09T20:08:36.656902+00:00,#7611,Morocco,0.217065
2026-07-09T20:08:36.656902+00:00,#1890,france_champion_yes,0.3185
2026-07-09T20:08:36.656902+00:00,#1891,france_champion_no,0.6815
2026-07-09T20:08:36.656902+00:00,#1990,morocco_champion_yes,0.03425
2026-07-09T20:08:36.656902+00:00,#1991,morocco_champion_no,0.96575
2026-07-09T20:08:41.496253+00:00,#7610,France,0.783885
2026-07-09T20:08:41.496253+00:00,#7611,Morocco,0.216115
2026-07-09T20:08:41.496253+00:00,#1890,france_champion_yes,0.317915
2026-07-09T20:08:41.496253+00:00,#1891,france_champion_no,0.682085
2026-07-09T20:08:41.496253+00:00,#1990,morocco_champion_yes,0.03425
2026-07-09T20:08:41.496253+00:00,#1991,morocco_champion_no,0.96575
2026-07-09T20:08:46.499757+00:00,#7610,France,0.78389
2026-07-09T20:08:46.499757+00:00,#7611,Morocco,0.21611
2026-07-09T20:08:46.499757+00:00,#1890,france_champion_yes,0.317625
2026-07-09T20:08:46.499757+00:00,#1891,france_champion_no,0.682375
2026-07-09T20:08:46.499757+00:00,#1990,morocco_champion_yes,0.03425
2026-07-09T20:08:46.499757+00:00,#1991,morocco_champion_no,0.96575
2026-07-09T20:08:47.461047+00:00,#7610,France,0.78389
2026-07-09T20:08:47.461047+00:00,#7611,Morocco,0.21611
2026-07-09T20:08:47.461047+00:00,#1890,france_champion_yes,0.317915
2026-07-09T20:08:47.461047+00:00,#1891,france_champion_no,0.682085
2026-07-09T20:08:47.461047+00:00,#1990,morocco_champion_yes,0.03425
2026-07-09T20:08:47.461047+00:00,#1991,morocco_champion_no,0.96575
2026-07-09T20:08:51.855517+00:00,#7610,France,0.783915
2026-07-09T20:08:51.855517+00:00,#7611,Morocco,0.216085
2026-07-09T20:08:51.855517+00:00,#1890,france_champion_yes,0.3167
2026-07-09T20:08:51.855517+00:00,#1891,france_champion_no,0.6833
2026-07-09T20:08:51.855517+00:00,#1990,morocco_champion_yes,0.03425
2026-07-09T20:08:51.855517+00:00,#1991,morocco_champion_no,0.96575
2026-07-09T20:08:56.599848+00:00,#7610,France,0.78392
2026-07-09T20:08:56.599848+00:00,#7611,Morocco,0.21608
2026-07-09T20:08:56.599848+00:00,#1890,france_champion_yes,0.31609
2026-07-09T20:08:56.599848+00:00,#1891,france_champion_no,0.68391
2026-07-09T20:08:56.599848+00:00,#1990,morocco_champion_yes,0.036
2026-07-09T20:08:56.599848+00:00,#1991,morocco_champion_no,0.964
2026-07-09T20:09:01.800864+00:00,#7610,France,0.783945
2026-07-09T20:09:01.800864+00:00,#7611,Morocco,0.216055
2026-07-09T20:09:01.800864+00:00,#1890,france_champion_yes,0.31609
2026-07-09T20:09:01.800864+00:00,#1891,france_champion_no,0.68391
2026-07-09T20:09:01.800864+00:00,#1990,morocco_champion_yes,0.036
2026-07-09T20:09:01.800864+00:00,#1991,morocco_champion_no,0.964
2026-07-09T20:09:04.390602+00:00,#7610,France,0.783945
2026-07-09T20:09:04.390602+00:00,#7611,Morocco,0.216055
2026-07-09T20:09:04.390602+00:00,#1890,france_champion_yes,0.31609
2026-07-09T20:09:04.390602+00:00,#1891,france_champion_no,0.68391
2026-07-09T20:09:04.390602+00:00,#1990,morocco_champion_yes,0.036
2026-07-09T20:09:04.390602+00:00,#1991,morocco_champion_no,0.964
2026-07-09T20:09:06.869789+00:00,#7610,France,0.78395
2026-07-09T20:09:06.869789+00:00,#7611,Morocco,0.21605
2026-07-09T20:09:06.869789+00:00,#1890,france_champion_yes,0.31609
2026-07-09T20:09:06.869789+00:00,#1891,france_champion_no,0.68391
2026-07-09T20:09:06.869789+00:00,#1990,morocco_champion_yes,0.036
2026-07-09T20:09:06.869789+00:00,#1991,morocco_champion_no,0.964
2026-07-09T20:09:11.597646+00:00,#7610,France,0.783975
2026-07-09T20:09:11.597646+00:00,#7611,Morocco,0.216025
2026-07-09T20:09:11.597646+00:00,#1890,france_champion_yes,0.31567
2026-07-09T20:09:11.597646+00:00,#1891,france_champion_no,0.68433
2026-07-09T20:09:11.597646+00:00,#1990,morocco_champion_yes,0.036
2026-07-09T20:09:11.597646+00:00,#1991,morocco_champion_no,0.964
2026-07-09T20:09:16.693048+00:00,#7610,France,0.78398
2026-07-09T20:09:16.693048+00:00,#7611,Morocco,0.21602
2026-07-09T20:09:16.693048+00:00,#1890,france_champion_yes,0.315575
2026-07-09T20:09:16.693048+00:00,#1891,france_champion_no,0.684425
2026-07-09T20:09:16.693048+00:00,#1990,morocco_champion_yes,0.036
2026-07-09T20:09:16.693048+00:00,#1991,morocco_champion_no,0.964
2026-07-09T20:09:21.302145+00:00,#7610,France,0.78401
2026-07-09T20:09:21.302145+00:00,#7611,Morocco,0.21599
2026-07-09T20:09:21.302145+00:00,#1890,france_champion_yes,0.315795
2026-07-09T20:09:21.302145+00:00,#1891,france_champion_no,0.684205
2026-07-09T20:09:21.302145+00:00,#1990,morocco_champion_yes,0.036
2026-07-09T20:09:21.302145+00:00,#1991,morocco_champion_no,0.964
2026-07-09T20:09:23.054423+00:00,#7610,France,0.78401
2026-07-09T20:09:23.054423+00:00,#7611,Morocco,0.21599
2026-07-09T20:09:23.054423+00:00,#1890,france_champion_yes,0.315795
2026-07-09T20:09:23.054423+00:00,#1891,france_champion_no,0.684205
2026-07-09T20:09:23.054423+00:00,#1990,morocco_champion_yes,0.036
2026-07-09T20:09:23.054423+00:00,#1991,morocco_champion_no,0.964
2026-07-09T20:09:26.839595+00:00,#7610,France,0.784035
2026-07-09T20:09:26.839595+00:00,#7611,Morocco,0.215965
2026-07-09T20:09:26.839595+00:00,#1890,france_champion_yes,0.315585
2026-07-09T20:09:26.839595+00:00,#1891,france_champion_no,0.684415
2026-07-09T20:09:26.839595+00:00,#1990,morocco_champion_yes,0.036
2026-07-09T20:09:26.839595+00:00,#1991,morocco_champion_no,0.964
2026-07-09T20:09:31.935987+00:00,#7610,France,0.78404
2026-07-09T20:09:31.935987+00:00,#7611,Morocco,0.21596
2026-07-09T20:09:31.935987+00:00,#1890,france_champion_yes,0.315545
2026-07-09T20:09:31.935987+00:00,#1891,france_champion_no,0.684455
2026-07-09T20:09:31.935987+00:00,#1990,morocco_champion_yes,0.036
2026-07-09T20:09:31.935987+00:00,#1991,morocco_champion_no,0.964
2026-07-09T20:09:37.164725+00:00,#7610,France,0.78407
2026-07-09T20:09:37.164725+00:00,#7611,Morocco,0.21593
2026-07-09T20:09:37.164725+00:00,#1890,france_champion_yes,0.315535
2026-07-09T20:09:37.164725+00:00,#1891,france_champion_no,0.684465
2026-07-09T20:09:37.164725+00:00,#1990,morocco_champion_yes,0.036
2026-07-09T20:09:37.164725+00:00,#1991,morocco_champion_no,0.964
2026-07-09T20:09:38.055573+00:00,#7610,France,0.78407
2026-07-09T20:09:38.055573+00:00,#7611,Morocco,0.21593
2026-07-09T20:09:38.055573+00:00,#1890,france_champion_yes,0.315535
2026-07-09T20:09:38.055573+00:00,#1891,france_champion_no,0.684465
2026-07-09T20:09:38.055573+00:00,#1990,morocco_champion_yes,0.036
2026-07-09T20:09:38.055573+00:00,#1991,morocco_champion_no,0.964
2026-07-09T20:09:41.979769+00:00,#7610,France,0.78418
2026-07-09T20:09:41.979769+00:00,#7611,Morocco,0.21582
2026-07-09T20:09:41.979769+00:00,#1890,france_champion_yes,0.315565
2026-07-09T20:09:41.979769+00:00,#1891,france_champion_no,0.684435
2026-07-09T20:09:41.979769+00:00,#1990,morocco_champion_yes,0.036
2026-07-09T20:09:41.979769+00:00,#1991,morocco_champion_no,0.964
2026-07-09T20:09:47.015254+00:00,#7610,France,0.78418
2026-07-09T20:09:47.015254+00:00,#7611,Morocco,0.21582
2026-07-09T20:09:47.015254+00:00,#1890,france_champion_yes,0.315535
2026-07-09T20:09:47.015254+00:00,#1891,france_champion_no,0.684465
2026-07-09T20:09:47.015254+00:00,#1990,morocco_champion_yes,0.036
2026-07-09T20:09:47.015254+00:00,#1991,morocco_champion_no,0.964
2026-07-09T20:09:52.428554+00:00,#7610,France,0.78421
2026-07-09T20:09:52.428554+00:00,#7611,Morocco,0.21579
2026-07-09T20:09:52.428554+00:00,#1890,france_champion_yes,0.315535
2026-07-09T20:09:52.428554+00:00,#1891,france_champion_no,0.684465
2026-07-09T20:09:52.428554+00:00,#1990,morocco_champion_yes,0.036
2026-07-09T20:09:52.428554+00:00,#1991,morocco_champion_no,0.964
2026-07-09T20:09:55.056922+00:00,#7610,France,0.78421
2026-07-09T20:09:55.056922+00:00,#7611,Morocco,0.21579
2026-07-09T20:09:55.056922+00:00,#1890,france_champion_yes,0.315535
2026-07-09T20:09:55.056922+00:00,#1891,france_champion_no,0.684465
2026-07-09T20:09:55.056922+00:00,#1990,morocco_champion_yes,0.036
2026-07-09T20:09:55.056922+00:00,#1991,morocco_champion_no,0.964
2026-07-09T20:09:57.108288+00:00,#7610,France,0.78421
2026-07-09T20:09:57.108288+00:00,#7611,Morocco,0.21579
2026-07-09T20:09:57.108288+00:00,#1890,france_champion_yes,0.315535
2026-07-09T20:09:57.108288+00:00,#1891,france_champion_no,0.684465
2026-07-09T20:09:57.108288+00:00,#1990,morocco_champion_yes,0.036
2026-07-09T20:09:57.108288+00:00,#1991,morocco_champion_no,0.964
2026-07-09T20:10:03.711204+00:00,#7610,France,0.78421
2026-07-09T20:10:03.711204+00:00,#7611,Morocco,0.21579
2026-07-09T20:10:03.711204+00:00,#1890,france_champion_yes,0.315535
2026-07-09T20:10:03.711204+00:00,#1891,france_champion_no,0.684465
2026-07-09T20:10:03.711204+00:00,#1990,morocco_champion_yes,0.036
2026-07-09T20:10:03.711204+00:00,#1991,morocco_champion_no,0.964
2026-07-09T20:10:07.601287+00:00,#7610,France,0.78421
2026-07-09T20:10:07.601287+00:00,#7611,Morocco,0.21579
2026-07-09T20:10:07.601287+00:00,#1890,france_champion_yes,0.315535
2026-07-09T20:10:07.601287+00:00,#1891,france_champion_no,0.684465
2026-07-09T20:10:07.601287+00:00,#1990,morocco_champion_yes,0.036
2026-07-09T20:10:07.601287+00:00,#1991,morocco_champion_no,0.964
2026-07-09T20:10:12.014177+00:00,#7610,France,0.78421
2026-07-09T20:10:12.014177+00:00,#7611,Morocco,0.21579
2026-07-09T20:10:12.014177+00:00,#1890,france_champion_yes,0.315535
2026-07-09T20:10:12.014177+00:00,#1891,france_champion_no,0.684465
2026-07-09T20:10:12.014177+00:00,#1990,morocco_champion_yes,0.036
2026-07-09T20:10:12.014177+00:00,#1991,morocco_champion_no,0.964
2026-07-09T20:10:14.014397+00:00,#7610,France,0.78421
2026-07-09T20:10:14.014397+00:00,#7611,Morocco,0.21579
2026-07-09T20:10:14.014397+00:00,#1890,france_champion_yes,0.315535
2026-07-09T20:10:14.014397+00:00,#1891,france_champion_no,0.684465
2026-07-09T20:10:14.014397+00:00,#1990,morocco_champion_yes,0.036
2026-07-09T20:10:14.014397+00:00,#1991,morocco_champion_no,0.964
2026-07-09T20:10:17.414517+00:00,#7610,France,0.78745
2026-07-09T20:10:17.414517+00:00,#7611,Morocco,0.21255
2026-07-09T20:10:17.414517+00:00,#1890,france_champion_yes,0.315535
2026-07-09T20:10:17.414517+00:00,#1891,france_champion_no,0.684465
2026-07-09T20:10:17.414517+00:00,#1990,morocco_champion_yes,0.03425
2026-07-09T20:10:17.414517+00:00,#1991,morocco_champion_no,0.96575
2026-07-09T20:10:22.535644+00:00,#7610,France,0.787445
2026-07-09T20:10:22.535644+00:00,#7611,Morocco,0.212555
2026-07-09T20:10:22.535644+00:00,#1890,france_champion_yes,0.315535
2026-07-09T20:10:22.535644+00:00,#1891,france_champion_no,0.684465
2026-07-09T20:10:22.535644+00:00,#1990,morocco_champion_yes,0.03425
2026-07-09T20:10:22.535644+00:00,#1991,morocco_champion_no,0.96575
2026-07-09T20:10:27.462863+00:00,#7610,France,0.78739
2026-07-09T20:10:27.462863+00:00,#7611,Morocco,0.21261
2026-07-09T20:10:27.462863+00:00,#1890,france_champion_yes,0.315535
2026-07-09T20:10:27.462863+00:00,#1891,france_champion_no,0.684465
2026-07-09T20:10:27.462863+00:00,#1990,morocco_champion_yes,0.03425
2026-07-09T20:10:27.462863+00:00,#1991,morocco_champion_no,0.96575
2026-07-09T20:10:29.015056+00:00,#7610,France,0.78739
2026-07-09T20:10:29.015056+00:00,#7611,Morocco,0.21261
2026-07-09T20:10:29.015056+00:00,#1890,france_champion_yes,0.315535
2026-07-09T20:10:29.015056+00:00,#1891,france_champion_no,0.684465
2026-07-09T20:10:29.015056+00:00,#1990,morocco_champion_yes,0.03425
2026-07-09T20:10:29.015056+00:00,#1991,morocco_champion_no,0.96575
2026-07-09T20:10:32.524581+00:00,#7610,France,0.787445
2026-07-09T20:10:32.524581+00:00,#7611,Morocco,0.212555
2026-07-09T20:10:32.524581+00:00,#1890,france_champion_yes,0.315535
2026-07-09T20:10:32.524581+00:00,#1891,france_champion_no,0.684465
2026-07-09T20:10:32.524581+00:00,#1990,morocco_champion_yes,0.03425
2026-07-09T20:10:32.524581+00:00,#1991,morocco_champion_no,0.96575
2026-07-09T20:10:37.825600+00:00,#7610,France,0.787445
2026-07-09T20:10:37.825600+00:00,#7611,Morocco,0.212555
2026-07-09T20:10:37.825600+00:00,#1890,france_champion_yes,0.315535
2026-07-09T20:10:37.825600+00:00,#1891,france_champion_no,0.684465
2026-07-09T20:10:37.825600+00:00,#1990,morocco_champion_yes,0.03425
2026-07-09T20:10:37.825600+00:00,#1991,morocco_champion_no,0.96575
2026-07-09T20:10:42.423205+00:00,#7610,France,0.783985
2026-07-09T20:10:42.423205+00:00,#7611,Morocco,0.216015
2026-07-09T20:10:42.423205+00:00,#1890,france_champion_yes,0.315535
2026-07-09T20:10:42.423205+00:00,#1891,france_champion_no,0.684465
2026-07-09T20:10:42.423205+00:00,#1990,morocco_champion_yes,0.03425
2026-07-09T20:10:42.423205+00:00,#1991,morocco_champion_no,0.96575
2026-07-09T20:10:45.955741+00:00,#7610,France,0.783985
2026-07-09T20:10:45.955741+00:00,#7611,Morocco,0.216015
2026-07-09T20:10:45.955741+00:00,#1890,france_champion_yes,0.315535
2026-07-09T20:10:45.955741+00:00,#1891,france_champion_no,0.684465
2026-07-09T20:10:45.955741+00:00,#1990,morocco_champion_yes,0.03425
2026-07-09T20:10:45.955741+00:00,#1991,morocco_champion_no,0.96575
2026-07-09T20:10:47.668116+00:00,#7610,France,0.787445
2026-07-09T20:10:47.668116+00:00,#7611,Morocco,0.212555
2026-07-09T20:10:47.668116+00:00,#1890,france_champion_yes,0.315535
2026-07-09T20:10:47.668116+00:00,#1891,france_champion_no,0.684465
2026-07-09T20:10:47.668116+00:00,#1990,morocco_champion_yes,0.03425
2026-07-09T20:10:47.668116+00:00,#1991,morocco_champion_no,0.96575
2026-07-09T20:10:52.845539+00:00,#7610,France,0.78401
2026-07-09T20:10:52.845539+00:00,#7611,Morocco,0.21599
2026-07-09T20:10:52.845539+00:00,#1890,france_champion_yes,0.315535
2026-07-09T20:10:52.845539+00:00,#1891,france_champion_no,0.684465
2026-07-09T20:10:52.845539+00:00,#1990,morocco_champion_yes,0.03425
2026-07-09T20:10:52.845539+00:00,#1991,morocco_champion_no,0.96575
2026-07-09T20:10:57.705674+00:00,#7610,France,0.784035
2026-07-09T20:10:57.705674+00:00,#7611,Morocco,0.215965
2026-07-09T20:10:57.705674+00:00,#1890,france_champion_yes,0.315535
2026-07-09T20:10:57.705674+00:00,#1891,france_champion_no,0.684465
2026-07-09T20:10:57.705674+00:00,#1990,morocco_champion_yes,0.036
2026-07-09T20:10:57.705674+00:00,#1991,morocco_champion_no,0.964
2026-07-09T20:11:02.668157+00:00,#7610,France,0.78742
2026-07-09T20:11:02.668157+00:00,#7611,Morocco,0.21258
2026-07-09T20:11:02.668157+00:00,#1890,france_champion_yes,0.315565
2026-07-09T20:11:02.668157+00:00,#1891,france_champion_no,0.684435
2026-07-09T20:11:02.668157+00:00,#1990,morocco_champion_yes,0.036
2026-07-09T20:11:02.668157+00:00,#1991,morocco_champion_no,0.964
2026-07-09T20:11:04.581514+00:00,#7610,France,0.78742
2026-07-09T20:11:04.581514+00:00,#7611,Morocco,0.21258
2026-07-09T20:11:04.581514+00:00,#1890,france_champion_yes,0.315565
2026-07-09T20:11:04.581514+00:00,#1891,france_champion_no,0.684435
2026-07-09T20:11:04.581514+00:00,#1990,morocco_champion_yes,0.036
2026-07-09T20:11:04.581514+00:00,#1991,morocco_champion_no,0.964
2026-07-09T20:11:07.997189+00:00,#7610,France,0.784055
2026-07-09T20:11:07.997189+00:00,#7611,Morocco,0.215945
2026-07-09T20:11:07.997189+00:00,#1890,france_champion_yes,0.315555
2026-07-09T20:11:07.997189+00:00,#1891,france_champion_no,0.684445
2026-07-09T20:11:07.997189+00:00,#1990,morocco_champion_yes,0.036
2026-07-09T20:11:07.997189+00:00,#1991,morocco_champion_no,0.964
2026-07-09T20:11:12.807582+00:00,#7610,France,0.784055
2026-07-09T20:11:12.807582+00:00,#7611,Morocco,0.215945
2026-07-09T20:11:12.807582+00:00,#1890,france_champion_yes,0.32099
2026-07-09T20:11:12.807582+00:00,#1891,france_champion_no,0.67901
2026-07-09T20:11:12.807582+00:00,#1990,morocco_champion_yes,0.036
2026-07-09T20:11:12.807582+00:00,#1991,morocco_champion_no,0.964
2026-07-09T20:11:17.869572+00:00,#7610,France,0.78403
2026-07-09T20:11:17.869572+00:00,#7611,Morocco,0.21597
2026-07-09T20:11:17.869572+00:00,#1890,france_champion_yes,0.32321
2026-07-09T20:11:17.869572+00:00,#1891,france_champion_no,0.67679
2026-07-09T20:11:17.869572+00:00,#1990,morocco_champion_yes,0.036
2026-07-09T20:11:17.869572+00:00,#1991,morocco_champion_no,0.964
2026-07-09T20:11:19.582153+00:00,#7610,France,0.78403
2026-07-09T20:11:19.582153+00:00,#7611,Morocco,0.21597
2026-07-09T20:11:19.582153+00:00,#1890,france_champion_yes,0.32321
2026-07-09T20:11:19.582153+00:00,#1891,france_champion_no,0.67679
2026-07-09T20:11:19.582153+00:00,#1990,morocco_champion_yes,0.036
2026-07-09T20:11:19.582153+00:00,#1991,morocco_champion_no,0.964
2026-07-09T20:11:23.241104+00:00,#7610,France,0.78403
2026-07-09T20:11:23.241104+00:00,#7611,Morocco,0.21597
2026-07-09T20:11:23.241104+00:00,#1890,france_champion_yes,0.325965
2026-07-09T20:11:23.241104+00:00,#1891,france_champion_no,0.674035
2026-07-09T20:11:23.241104+00:00,#1990,morocco_champion_yes,0.036
2026-07-09T20:11:23.241104+00:00,#1991,morocco_champion_no,0.964
2026-07-09T20:11:27.910780+00:00,#7610,France,0.784005
2026-07-09T20:11:27.910780+00:00,#7611,Morocco,0.215995
2026-07-09T20:11:27.910780+00:00,#1890,france_champion_yes,0.325965
2026-07-09T20:11:27.910780+00:00,#1891,france_champion_no,0.674035
2026-07-09T20:11:27.910780+00:00,#1990,morocco_champion_yes,0.036
2026-07-09T20:11:27.910780+00:00,#1991,morocco_champion_no,0.964
2026-07-09T20:11:32.935362+00:00,#7610,France,0.78462
2026-07-09T20:11:32.935362+00:00,#7611,Morocco,0.21538
2026-07-09T20:11:32.935362+00:00,#1890,france_champion_yes,0.325965
2026-07-09T20:11:32.935362+00:00,#1891,france_champion_no,0.674035
2026-07-09T20:11:32.935362+00:00,#1990,morocco_champion_yes,0.036
2026-07-09T20:11:32.935362+00:00,#1991,morocco_champion_no,0.964
2026-07-09T20:11:36.350999+00:00,#7610,France,0.78462
2026-07-09T20:11:36.350999+00:00,#7611,Morocco,0.21538
2026-07-09T20:11:36.350999+00:00,#1890,france_champion_yes,0.326065
2026-07-09T20:11:36.350999+00:00,#1891,france_champion_no,0.673935
2026-07-09T20:11:36.350999+00:00,#1990,morocco_champion_yes,0.036
2026-07-09T20:11:36.350999+00:00,#1991,morocco_champion_no,0.964
2026-07-09T20:11:38.707528+00:00,#7610,France,0.78462
2026-07-09T20:11:38.707528+00:00,#7611,Morocco,0.21538
2026-07-09T20:11:38.707528+00:00,#1890,france_champion_yes,0.326065
2026-07-09T20:11:38.707528+00:00,#1891,france_champion_no,0.673935
2026-07-09T20:11:38.707528+00:00,#1990,morocco_champion_yes,0.036
2026-07-09T20:11:38.707528+00:00,#1991,morocco_champion_no,0.964
2026-07-09T20:11:42.999191+00:00,#7610,France,0.78462
2026-07-09T20:11:42.999191+00:00,#7611,Morocco,0.21538
2026-07-09T20:11:42.999191+00:00,#1890,france_champion_yes,0.32605
2026-07-09T20:11:42.999191+00:00,#1891,france_champion_no,0.67395
2026-07-09T20:11:42.999191+00:00,#1990,morocco_champion_yes,0.036
2026-07-09T20:11:42.999191+00:00,#1991,morocco_champion_no,0.964
2026-07-09T20:11:48.049190+00:00,#7610,France,0.78462
2026-07-09T20:11:48.049190+00:00,#7611,Morocco,0.21538
2026-07-09T20:11:48.049190+00:00,#1890,france_champion_yes,0.326115
2026-07-09T20:11:48.049190+00:00,#1891,france_champion_no,0.673885
2026-07-09T20:11:48.049190+00:00,#1990,morocco_champion_yes,0.036
2026-07-09T20:11:48.049190+00:00,#1991,morocco_champion_no,0.964
2026-07-09T20:11:53.288921+00:00,#7610,France,0.78462
2026-07-09T20:11:53.288921+00:00,#7611,Morocco,0.21538
2026-07-09T20:11:53.288921+00:00,#1890,france_champion_yes,0.32611
2026-07-09T20:11:53.288921+00:00,#1891,france_champion_no,0.67389
2026-07-09T20:11:53.288921+00:00,#1990,morocco_champion_yes,0.036
2026-07-09T20:11:53.288921+00:00,#1991,morocco_champion_no,0.964
2026-07-09T20:11:53.706967+00:00,#7610,France,0.78462
2026-07-09T20:11:53.706967+00:00,#7611,Morocco,0.21538
2026-07-09T20:11:53.706967+00:00,#1890,france_champion_yes,0.326115
2026-07-09T20:11:53.706967+00:00,#1891,france_champion_no,0.673885
2026-07-09T20:11:53.706967+00:00,#1990,morocco_champion_yes,0.036
2026-07-09T20:11:53.706967+00:00,#1991,morocco_champion_no,0.964
2026-07-09T20:11:58.076965+00:00,#7610,France,0.78462
2026-07-09T20:11:58.076965+00:00,#7611,Morocco,0.21538
2026-07-09T20:11:58.076965+00:00,#1890,france_champion_yes,0.32612
2026-07-09T20:11:58.076965+00:00,#1891,france_champion_no,0.67388
2026-07-09T20:11:58.076965+00:00,#1990,morocco_champion_yes,0.036
2026-07-09T20:11:58.076965+00:00,#1991,morocco_champion_no,0.964
2026-07-09T20:12:03.236387+00:00,#7610,France,0.78453
2026-07-09T20:12:03.236387+00:00,#7611,Morocco,0.21547
2026-07-09T20:12:03.236387+00:00,#1890,france_champion_yes,0.32617
2026-07-09T20:12:03.236387+00:00,#1891,france_champion_no,0.67383
2026-07-09T20:12:03.236387+00:00,#1990,morocco_champion_yes,0.036
2026-07-09T20:12:03.236387+00:00,#1991,morocco_champion_no,0.964
2026-07-09T20:12:08.480153+00:00,#7610,France,0.78453
2026-07-09T20:12:08.480153+00:00,#7611,Morocco,0.21547
2026-07-09T20:12:08.480153+00:00,#1890,france_champion_yes,0.326165
2026-07-09T20:12:08.480153+00:00,#1891,france_champion_no,0.673835
2026-07-09T20:12:08.480153+00:00,#1990,morocco_champion_yes,0.036
2026-07-09T20:12:08.480153+00:00,#1991,morocco_champion_no,0.964
2026-07-09T20:12:10.544192+00:00,#7610,France,0.78453
2026-07-09T20:12:10.544192+00:00,#7611,Morocco,0.21547
2026-07-09T20:12:10.544192+00:00,#1890,france_champion_yes,0.32617
2026-07-09T20:12:10.544192+00:00,#1891,france_champion_no,0.67383
2026-07-09T20:12:10.544192+00:00,#1990,morocco_champion_yes,0.036
2026-07-09T20:12:10.544192+00:00,#1991,morocco_champion_no,0.964
2026-07-09T20:12:13.219117+00:00,#7610,France,0.78451
2026-07-09T20:12:13.219117+00:00,#7611,Morocco,0.21549
2026-07-09T20:12:13.219117+00:00,#1890,france_champion_yes,0.32621
2026-07-09T20:12:13.219117+00:00,#1891,france_champion_no,0.67379
2026-07-09T20:12:13.219117+00:00,#1990,morocco_champion_yes,0.036
2026-07-09T20:12:13.219117+00:00,#1991,morocco_champion_no,0.964
2026-07-09T20:12:18.338488+00:00,#7610,France,0.78444
2026-07-09T20:12:18.338488+00:00,#7611,Morocco,0.21556
2026-07-09T20:12:18.338488+00:00,#1890,france_champion_yes,0.32619
2026-07-09T20:12:18.338488+00:00,#1891,france_champion_no,0.67381
2026-07-09T20:12:18.338488+00:00,#1990,morocco_champion_yes,0.03425
