ts,coin,label,book_time_ms,best_bid_before,best_bid_after,best_ask_before,best_ask_after,bid_top_depth_delta,ask_top_depth_delta,bid_top_notional_delta,ask_top_notional_delta,mid_move,spread_before,spread_after,is_impulse
2026-06-30T21:00:08.865554+00:00,#6740,France,1782853208426,0.88165,0.88165,0.88333,0.88333,0.0,0.0,0.0,0.0,0.0,0.0016799999999999038,0.0016799999999999038,False
2026-06-30T21:00:08.865638+00:00,#6741,Sweden,1782853208426,0.11667,0.11667,0.11835,0.11835,0.0,0.0,0.0,0.0,0.0,0.001680000000000001,0.001680000000000001,False
2026-06-30T21:00:09.371801+00:00,#1890,france_champion_yes,1782853208927,0.2852,0.2852,0.30336,0.30336,0.0,0.0,0.0,0.0,0.0,0.01816000000000001,0.01816000000000001,False
2026-06-30T21:00:09.372010+00:00,#1891,france_champion_no,1782853208927,0.69664,0.69664,0.7148,0.7148,0.0,0.0,0.0,0.0,0.0,0.018159999999999954,0.018159999999999954,False
2026-06-30T21:00:09.372132+00:00,#2130,sweden_champion_yes,1782853208927,0.00063,0.00063,0.00225,0.00225,0.0,0.0,0.0,0.0,0.0,0.00162,0.00162,False
2026-06-30T21:00:09.372227+00:00,#2131,sweden_champion_no,1782853208927,0.99775,0.99775,0.99937,0.99937,0.0,0.0,0.0,0.0,0.0,0.0016199999999999548,0.0016199999999999548,False
2026-06-30T21:00:09.372314+00:00,#6740,France,1782853208927,0.88165,0.88165,0.88333,0.88333,0.0,0.0,0.0,0.0,0.0,0.0016799999999999038,0.0016799999999999038,False
2026-06-30T21:00:09.372417+00:00,#6741,Sweden,1782853208927,0.11667,0.11667,0.11835,0.11835,0.0,0.0,0.0,0.0,0.0,0.001680000000000001,0.001680000000000001,False
2026-06-30T21:00:09.910325+00:00,#1890,france_champion_yes,1782853209500,0.2852,0.2852,0.30336,0.30336,0.0,0.0,0.0,0.0,0.0,0.01816000000000001,0.01816000000000001,False
2026-06-30T21:00:09.910533+00:00,#1891,france_champion_no,1782853209500,0.69664,0.69664,0.7148,0.7148,0.0,0.0,0.0,0.0,0.0,0.018159999999999954,0.018159999999999954,False
2026-06-30T21:00:09.910626+00:00,#2130,sweden_champion_yes,1782853209500,0.00063,0.00063,0.00225,0.00225,0.0,0.0,0.0,0.0,0.0,0.00162,0.00162,False
2026-06-30T21:00:09.910712+00:00,#2131,sweden_champion_no,1782853209500,0.99775,0.99775,0.99937,0.99937,0.0,0.0,0.0,0.0,0.0,0.0016199999999999548,0.0016199999999999548,False
2026-06-30T21:00:09.910796+00:00,#6740,France,1782853209500,0.88165,0.88165,0.88333,0.88333,0.0,0.0,0.0,0.0,0.0,0.0016799999999999038,0.0016799999999999038,False
2026-06-30T21:00:09.910874+00:00,#6741,Sweden,1782853209500,0.11667,0.11667,0.11835,0.11835,0.0,0.0,0.0,0.0,0.0,0.001680000000000001,0.001680000000000001,False
2026-06-30T21:00:12.122047+00:00,#1890,france_champion_yes,1782853210103,0.2852,0.2852,0.30336,0.30336,0.0,0.0,0.0,0.0,0.0,0.01816000000000001,0.01816000000000001,False
2026-06-30T21:00:12.122493+00:00,#1891,france_champion_no,1782853210103,0.69664,0.69664,0.7148,0.7148,0.0,0.0,0.0,0.0,0.0,0.018159999999999954,0.018159999999999954,False
2026-06-30T21:00:12.122717+00:00,#2130,sweden_champion_yes,1782853210103,0.00063,0.00063,0.00225,0.00225,0.0,0.0,0.0,0.0,0.0,0.00162,0.00162,False
2026-06-30T21:00:12.122880+00:00,#2131,sweden_champion_no,1782853210103,0.99775,0.99775,0.99937,0.99937,0.0,0.0,0.0,0.0,0.0,0.0016199999999999548,0.0016199999999999548,False
2026-06-30T21:00:12.123050+00:00,#6740,France,1782853210103,0.88165,0.88165,0.88333,0.88333,-275.0,0.0,-240.80125000000044,0.0,0.0,0.0016799999999999038,0.0016799999999999038,False
2026-06-30T21:00:12.123239+00:00,#6741,Sweden,1782853210103,0.11667,0.11667,0.11835,0.11835,0.0,-275.0,0.0,-34.19875000000002,0.0,0.001680000000000001,0.001680000000000001,False
2026-06-30T21:00:12.305922+00:00,#1890,france_champion_yes,1782853211023,0.2852,0.2852,0.30336,0.30336,0.0,0.0,0.0,0.0,0.0,0.01816000000000001,0.01816000000000001,False
2026-06-30T21:00:12.306055+00:00,#1891,france_champion_no,1782853211023,0.69664,0.69664,0.7148,0.7148,0.0,0.0,0.0,0.0,0.0,0.018159999999999954,0.018159999999999954,False
2026-06-30T21:00:12.306144+00:00,#2130,sweden_champion_yes,1782853211023,0.00063,0.00063,0.00225,0.00225,0.0,0.0,0.0,0.0,0.0,0.00162,0.00162,False
2026-06-30T21:00:12.306221+00:00,#2131,sweden_champion_no,1782853211023,0.99775,0.99775,0.99937,0.99937,0.0,0.0,0.0,0.0,0.0,0.0016199999999999548,0.0016199999999999548,False
2026-06-30T21:00:12.306302+00:00,#6740,France,1782853211023,0.88165,0.88165,0.88333,0.88333,0.0,-1133.0,0.0,-1000.8128899999992,0.0,0.0016799999999999038,0.0016799999999999038,True
2026-06-30T21:00:12.306488+00:00,#6741,Sweden,1782853211023,0.11667,0.11667,0.11835,0.11835,-1133.0,0.0,-132.1871100000003,0.0,0.0,0.001680000000000001,0.001680000000000001,False
2026-06-30T21:00:12.490441+00:00,#1890,france_champion_yes,1782853211944,0.2852,0.2852,0.30336,0.30336,0.0,0.0,0.0,0.0,0.0,0.01816000000000001,0.01816000000000001,False
2026-06-30T21:00:12.490667+00:00,#1891,france_champion_no,1782853211944,0.69664,0.69664,0.7148,0.7148,0.0,0.0,0.0,0.0,0.0,0.018159999999999954,0.018159999999999954,False
2026-06-30T21:00:12.490778+00:00,#2130,sweden_champion_yes,1782853211944,0.00063,0.00063,0.00225,0.00225,0.0,0.0,0.0,0.0,0.0,0.00162,0.00162,False
2026-06-30T21:00:12.490870+00:00,#2131,sweden_champion_no,1782853211944,0.99775,0.99775,0.99937,0.99937,0.0,0.0,0.0,0.0,0.0,0.0016199999999999548,0.0016199999999999548,False
2026-06-30T21:00:12.490961+00:00,#6740,France,1782853211944,0.88165,0.88165,0.88333,0.88333,0.0,0.0,0.0,0.0,0.0,0.0016799999999999038,0.0016799999999999038,False
2026-06-30T21:00:12.491047+00:00,#6741,Sweden,1782853211944,0.11667,0.11667,0.11835,0.11835,0.0,0.0,0.0,0.0,0.0,0.001680000000000001,0.001680000000000001,False
2026-06-30T21:00:12.773645+00:00,#1890,france_champion_yes,1782853212213,0.2852,0.2852,0.30336,0.30336,0.0,0.0,0.0,0.0,0.0,0.01816000000000001,0.01816000000000001,False
2026-06-30T21:00:12.773848+00:00,#1891,france_champion_no,1782853212213,0.69664,0.69664,0.7148,0.7148,0.0,0.0,0.0,0.0,0.0,0.018159999999999954,0.018159999999999954,False
2026-06-30T21:00:12.773976+00:00,#2130,sweden_champion_yes,1782853212213,0.00063,0.00063,0.00225,0.00225,0.0,0.0,0.0,0.0,0.0,0.00162,0.00162,False
2026-06-30T21:00:12.774086+00:00,#2131,sweden_champion_no,1782853212213,0.99775,0.99775,0.99937,0.99937,0.0,0.0,0.0,0.0,0.0,0.0016199999999999548,0.0016199999999999548,False
2026-06-30T21:00:12.774194+00:00,#6740,France,1782853212213,0.88165,0.88165,0.88333,0.88333,275.0,0.0,240.80125000000044,0.0,0.0,0.0016799999999999038,0.0016799999999999038,False
2026-06-30T21:00:12.774307+00:00,#6741,Sweden,1782853212213,0.11667,0.11667,0.11835,0.11835,0.0,275.0,0.0,34.19875000000002,0.0,0.001680000000000001,0.001680000000000001,False
2026-06-30T21:00:12.897144+00:00,#1890,france_champion_yes,1782853212419,0.2852,0.2852,0.30336,0.30336,0.0,0.0,0.0,0.0,0.0,0.01816000000000001,0.01816000000000001,False
2026-06-30T21:00:12.897390+00:00,#1891,france_champion_no,1782853212419,0.69664,0.69664,0.7148,0.7148,0.0,0.0,0.0,0.0,0.0,0.018159999999999954,0.018159999999999954,False
2026-06-30T21:00:12.897563+00:00,#2130,sweden_champion_yes,1782853212419,0.00063,0.00063,0.00225,0.00225,0.0,0.0,0.0,0.0,0.0,0.00162,0.00162,False
2026-06-30T21:00:12.897843+00:00,#2131,sweden_champion_no,1782853212419,0.99775,0.99775,0.99937,0.99937,0.0,0.0,0.0,0.0,0.0,0.0016199999999999548,0.0016199999999999548,False
2026-06-30T21:00:12.897994+00:00,#6740,France,1782853212419,0.88165,0.88165,0.88333,0.88333,0.0,0.0,0.0,0.0,0.0,0.0016799999999999038,0.0016799999999999038,False
2026-06-30T21:00:12.898073+00:00,#6741,Sweden,1782853212419,0.11667,0.11667,0.11835,0.11835,0.0,0.0,0.0,0.0,0.0,0.001680000000000001,0.001680000000000001,False
2026-06-30T21:00:13.270670+00:00,#1890,france_champion_yes,1782853212815,0.2852,0.2852,0.30336,0.30336,0.0,0.0,0.0,0.0,0.0,0.01816000000000001,0.01816000000000001,False
2026-06-30T21:00:13.270774+00:00,#1891,france_champion_no,1782853212815,0.69664,0.69664,0.7148,0.7148,0.0,0.0,0.0,0.0,0.0,0.018159999999999954,0.018159999999999954,False
2026-06-30T21:00:13.270863+00:00,#2130,sweden_champion_yes,1782853212815,0.00063,0.00063,0.00225,0.00225,0.0,1890000.0,0.0,1997185.4499999997,0.0,0.00162,0.00162,True
2026-06-30T21:00:13.270964+00:00,#2131,sweden_champion_no,1782853212815,0.99775,0.99775,0.99937,0.99937,1890000.0,0.0,-107185.45000000001,0.0,0.0,0.0016199999999999548,0.0016199999999999548,True
2026-06-30T21:00:13.271062+00:00,#6740,France,1782853212815,0.88165,0.88165,0.88333,0.88333,0.0,0.0,0.0,0.0,0.0,0.0016799999999999038,0.0016799999999999038,False
2026-06-30T21:00:13.271145+00:00,#6741,Sweden,1782853212815,0.11667,0.11667,0.11835,0.11835,0.0,0.0,0.0,0.0,0.0,0.001680000000000001,0.001680000000000001,False
2026-06-30T21:00:14.188391+00:00,#1890,france_champion_yes,1782853213331,0.2852,0.2852,0.30336,0.30336,0.0,0.0,0.0,0.0,0.0,0.01816000000000001,0.01816000000000001,False
2026-06-30T21:00:14.188544+00:00,#1891,france_champion_no,1782853213331,0.69664,0.69664,0.7148,0.7148,0.0,0.0,0.0,0.0,0.0,0.018159999999999954,0.018159999999999954,False
2026-06-30T21:00:14.188699+00:00,#2130,sweden_champion_yes,1782853213331,0.00063,0.00063,0.00225,0.00225,0.0,0.0,0.0,0.0,0.0,0.00162,0.00162,False
2026-06-30T21:00:14.188775+00:00,#2131,sweden_champion_no,1782853213331,0.99775,0.99775,0.99937,0.99937,0.0,0.0,0.0,0.0,0.0,0.0016199999999999548,0.0016199999999999548,False
2026-06-30T21:00:14.188851+00:00,#6740,France,1782853213331,0.88165,0.88165,0.88333,0.88333,0.0,0.0,0.0,0.0,0.0,0.0016799999999999038,0.0016799999999999038,False
2026-06-30T21:00:14.188951+00:00,#6741,Sweden,1782853213331,0.11667,0.11667,0.11835,0.11835,0.0,0.0,0.0,0.0,0.0,0.001680000000000001,0.001680000000000001,False
2026-06-30T21:00:14.359855+00:00,#1890,france_champion_yes,1782853213881,0.2852,0.2852,0.30336,0.29437,0.0,-2721.0,0.0,-899.9252800000004,-0.004494999999999971,0.01816000000000001,0.009170000000000011,True
2026-06-30T21:00:14.360020+00:00,#1891,france_champion_no,1782853213881,0.69664,0.70563,0.7148,0.7148,-2721.0,0.0,-1821.0747200000005,0.0,0.004495000000000027,0.018159999999999954,0.009170000000000011,True
2026-06-30T21:00:14.360150+00:00,#2130,sweden_champion_yes,1782853213881,0.00063,0.00063,0.00225,0.00225,0.0,0.0,0.0,0.0,0.0,0.00162,0.00162,False
2026-06-30T21:00:14.360253+00:00,#2131,sweden_champion_no,1782853213881,0.99775,0.99775,0.99937,0.99937,0.0,0.0,0.0,0.0,0.0,0.0016199999999999548,0.0016199999999999548,False
2026-06-30T21:00:14.360350+00:00,#6740,France,1782853213881,0.88165,0.88165,0.88333,0.88333,0.0,0.0,-2.399999999999636,0.0,0.0,0.0016799999999999038,0.0016799999999999038,False
2026-06-30T21:00:14.360452+00:00,#6741,Sweden,1782853213881,0.11667,0.11667,0.11835,0.11835,0.0,0.0,0.0,2.3999999999998636,0.0,0.001680000000000001,0.001680000000000001,False
2026-06-30T21:00:14.850283+00:00,#1890,france_champion_yes,1782853214431,0.2852,0.2852,0.29437,0.29437,0.0,0.0,0.0,0.0,0.0,0.009170000000000011,0.009170000000000011,False
2026-06-30T21:00:14.850380+00:00,#1891,france_champion_no,1782853214431,0.70563,0.70563,0.7148,0.7148,0.0,0.0,0.0,0.0,0.0,0.009170000000000011,0.009170000000000011,False
2026-06-30T21:00:14.850473+00:00,#2130,sweden_champion_yes,1782853214431,0.00063,0.00063,0.00225,0.00225,0.0,0.0,0.0,0.0,0.0,0.00162,0.00162,False
2026-06-30T21:00:14.850550+00:00,#2131,sweden_champion_no,1782853214431,0.99775,0.99775,0.99937,0.99937,0.0,0.0,0.0,0.0,0.0,0.0016199999999999548,0.0016199999999999548,False
2026-06-30T21:00:14.850622+00:00,#6740,France,1782853214431,0.88165,0.88165,0.88333,0.88333,-7475.0,-24.0,-6570.084250000001,-21.19992000000093,0.0,0.0016799999999999038,0.0016799999999999038,True
2026-06-30T21:00:14.850715+00:00,#6741,Sweden,1782853214431,0.11667,0.11667,0.11835,0.11835,-24.0,-7475.0,-2.80007999999998,-904.9157499999999,0.0,0.001680000000000001,0.001680000000000001,True
2026-06-30T21:00:15.368324+00:00,#1890,france_champion_yes,1782853214956,0.2852,0.2852,0.29437,0.29437,0.0,0.0,0.0,0.0,0.0,0.009170000000000011,0.009170000000000011,False
2026-06-30T21:00:15.368585+00:00,#1891,france_champion_no,1782853214956,0.70563,0.70563,0.7148,0.7148,0.0,0.0,0.0,0.0,0.0,0.009170000000000011,0.009170000000000011,False
2026-06-30T21:00:15.368738+00:00,#2130,sweden_champion_yes,1782853214956,0.00063,0.00063,0.00225,0.00225,0.0,0.0,0.0,0.0,0.0,0.00162,0.00162,False
2026-06-30T21:00:15.368824+00:00,#2131,sweden_champion_no,1782853214956,0.99775,0.99775,0.99937,0.99937,0.0,0.0,0.0,0.0,0.0,0.0016199999999999548,0.0016199999999999548,False
2026-06-30T21:00:15.368905+00:00,#6740,France,1782853214956,0.88165,0.88165,0.88333,0.88333,7475.0,-500.0,6558.75925,-441.66499999999905,0.0,0.0016799999999999038,0.0016799999999999038,True
2026-06-30T21:00:15.369010+00:00,#6741,Sweden,1782853214956,0.11667,0.11667,0.11835,0.11835,-500.0,7475.0,-58.335000000000036,916.2407499999999,0.0,0.001680000000000001,0.001680000000000001,True
2026-06-30T21:00:15.915520+00:00,#1890,france_champion_yes,1782853215514,0.2852,0.2852,0.29437,0.29437,0.0,0.0,0.0,0.0,0.0,0.009170000000000011,0.009170000000000011,False
2026-06-30T21:00:15.915709+00:00,#1891,france_champion_no,1782853215514,0.70563,0.70563,0.7148,0.7148,0.0,0.0,0.0,0.0,0.0,0.009170000000000011,0.009170000000000011,False
2026-06-30T21:00:15.915797+00:00,#2130,sweden_champion_yes,1782853215514,0.00063,0.00063,0.00225,0.00225,0.0,0.0,0.0,0.0,0.0,0.00162,0.00162,False
2026-06-30T21:00:15.915873+00:00,#2131,sweden_champion_no,1782853215514,0.99775,0.99775,0.99937,0.99937,0.0,0.0,0.0,0.0,0.0,0.0016199999999999548,0.0016199999999999548,False
2026-06-30T21:00:15.915945+00:00,#6740,France,1782853215514,0.88165,0.88165,0.88333,0.88333,0.0,0.0,0.0,0.0,0.0,0.0016799999999999038,0.0016799999999999038,False
2026-06-30T21:00:15.916027+00:00,#6741,Sweden,1782853215514,0.11667,0.11667,0.11835,0.11835,0.0,0.0,0.0,0.0,0.0,0.001680000000000001,0.001680000000000001,False
2026-06-30T21:00:16.566438+00:00,#1890,france_champion_yes,1782853216108,0.2852,0.2852,0.29437,0.29437,-21648.0,0.0,-6150.03664,0.0,0.0,0.009170000000000011,0.009170000000000011,True
2026-06-30T21:00:16.566710+00:00,#1891,france_champion_no,1782853216108,0.70563,0.70563,0.7148,0.7148,0.0,-21648.0,0.0,-15497.963359999998,0.0,0.009170000000000011,0.009170000000000011,True
2026-06-30T21:00:16.566830+00:00,#2130,sweden_champion_yes,1782853216108,0.00063,0.00063,0.00225,0.00225,0.0,0.0,0.0,0.0,0.0,0.00162,0.00162,False
2026-06-30T21:00:16.566913+00:00,#2131,sweden_champion_no,1782853216108,0.99775,0.99775,0.99937,0.99937,0.0,0.0,0.0,0.0,0.0,0.0016199999999999548,0.0016199999999999548,False
2026-06-30T21:00:16.566996+00:00,#6740,France,1782853216108,0.88165,0.88165,0.88333,0.88333,-7475.0,0.0,-6558.75925,0.0,0.0,0.0016799999999999038,0.0016799999999999038,True
2026-06-30T21:00:16.567105+00:00,#6741,Sweden,1782853216108,0.11667,0.11667,0.11835,0.11835,0.0,-7475.0,0.0,-916.2407499999999,0.0,0.001680000000000001,0.001680000000000001,True
2026-06-30T21:00:17.153653+00:00,#1890,france_champion_yes,1782853216613,0.2852,0.2852,0.29437,0.29437,0.0,0.0,0.0,0.0,0.0,0.009170000000000011,0.009170000000000011,False
2026-06-30T21:00:17.153856+00:00,#1891,france_champion_no,1782853216613,0.70563,0.70563,0.7148,0.7148,0.0,0.0,0.0,0.0,0.0,0.009170000000000011,0.009170000000000011,False
2026-06-30T21:00:17.153955+00:00,#2130,sweden_champion_yes,1782853216613,0.00063,0.00063,0.00225,0.00225,0.0,0.0,0.0,0.0,0.0,0.00162,0.00162,False
2026-06-30T21:00:17.154040+00:00,#2131,sweden_champion_no,1782853216613,0.99775,0.99775,0.99937,0.99937,0.0,0.0,0.0,0.0,0.0,0.0016199999999999548,0.0016199999999999548,False
2026-06-30T21:00:17.154122+00:00,#6740,France,1782853216613,0.88165,0.88165,0.88333,0.88333,0.0,0.0,0.0,0.0,0.0,0.0016799999999999038,0.0016799999999999038,False
2026-06-30T21:00:17.154199+00:00,#6741,Sweden,1782853216613,0.11667,0.11667,0.11835,0.11835,0.0,0.0,0.0,0.0,0.0,0.001680000000000001,0.001680000000000001,False
2026-06-30T21:00:17.673762+00:00,#1890,france_champion_yes,1782853217152,0.2852,0.2852,0.29437,0.29437,0.0,0.0,0.0,0.0,0.0,0.009170000000000011,0.009170000000000011,False
2026-06-30T21:00:17.674002+00:00,#1891,france_champion_no,1782853217152,0.70563,0.70563,0.7148,0.7148,0.0,0.0,0.0,0.0,0.0,0.009170000000000011,0.009170000000000011,False
2026-06-30T21:00:17.674116+00:00,#2130,sweden_champion_yes,1782853217152,0.00063,0.00063,0.00225,0.00225,0.0,0.0,0.0,0.0,0.0,0.00162,0.00162,False
2026-06-30T21:00:17.674213+00:00,#2131,sweden_champion_no,1782853217152,0.99775,0.99775,0.99937,0.99937,0.0,0.0,0.0,0.0,0.0,0.0016199999999999548,0.0016199999999999548,False
2026-06-30T21:00:17.674309+00:00,#6740,France,1782853217152,0.88165,0.88165,0.88333,0.88333,-275.0,0.0,-240.91049999999996,0.0,0.0,0.0016799999999999038,0.0016799999999999038,False
2026-06-30T21:00:17.674424+00:00,#6741,Sweden,1782853217152,0.11667,0.11667,0.11835,0.11835,0.0,-275.0,0.0,-34.08949999999999,0.0,0.001680000000000001,0.001680000000000001,False
2026-06-30T21:00:18.187083+00:00,#1890,france_champion_yes,1782853217722,0.2852,0.2852,0.29437,0.29437,0.0,-50.0,0.0,-15.16800000000012,0.0,0.009170000000000011,0.009170000000000011,False
2026-06-30T21:00:18.187290+00:00,#1891,france_champion_no,1782853217722,0.70563,0.70563,0.7148,0.7148,-50.0,0.0,-34.832000000000335,0.0,0.0,0.009170000000000011,0.009170000000000011,False
2026-06-30T21:00:18.187380+00:00,#2130,sweden_champion_yes,1782853217722,0.00063,0.00063,0.00225,0.00225,0.0,0.0,0.0,0.0,0.0,0.00162,0.00162,False
2026-06-30T21:00:18.187471+00:00,#2131,sweden_champion_no,1782853217722,0.99775,0.99775,0.99937,0.99937,0.0,0.0,0.0,0.0,0.0,0.0016199999999999548,0.0016199999999999548,False
2026-06-30T21:00:18.187545+00:00,#6740,France,1782853217722,0.88165,0.88165,0.88333,0.88333,7475.0,0.0,6556.6934999999985,0.0,0.0,0.0016799999999999038,0.0016799999999999038,True
2026-06-30T21:00:18.187641+00:00,#6741,Sweden,1782853217722,0.11667,0.11667,0.11835,0.11835,0.0,7475.0,0.0,918.3064999999999,0.0,0.001680000000000001,0.001680000000000001,True
2026-06-30T21:00:19.559643+00:00,#1890,france_champion_yes,1782853218256,0.2852,0.2852,0.29437,0.29437,0.0,0.0,0.0,0.0,0.0,0.009170000000000011,0.009170000000000011,False
2026-06-30T21:00:19.559808+00:00,#1891,france_champion_no,1782853218256,0.70563,0.70563,0.7148,0.7148,0.0,0.0,0.0,0.0,0.0,0.009170000000000011,0.009170000000000011,False
2026-06-30T21:00:19.559927+00:00,#2130,sweden_champion_yes,1782853218256,0.00063,0.00063,0.00225,0.00225,0.0,0.0,0.0,0.0,0.0,0.00162,0.00162,False
2026-06-30T21:00:19.560015+00:00,#2131,sweden_champion_no,1782853218256,0.99775,0.99775,0.99937,0.99937,0.0,0.0,0.0,0.0,0.0,0.0016199999999999548,0.0016199999999999548,False
2026-06-30T21:00:19.560109+00:00,#6740,France,1782853218256,0.88165,0.88165,0.88333,0.88333,0.0,0.0,0.0,0.0,0.0,0.0016799999999999038,0.0016799999999999038,False
2026-06-30T21:00:19.560196+00:00,#6741,Sweden,1782853218256,0.11667,0.11667,0.11835,0.11835,0.0,0.0,0.0,0.0,0.0,0.001680000000000001,0.001680000000000001,False
2026-06-30T21:00:19.560278+00:00,#1890,france_champion_yes,1782853218761,0.2852,0.2852,0.29437,0.29437,0.0,0.0,0.0,0.0,0.0,0.009170000000000011,0.009170000000000011,False
2026-06-30T21:00:19.560361+00:00,#1891,france_champion_no,1782853218761,0.70563,0.70563,0.7148,0.7148,0.0,0.0,0.0,0.0,0.0,0.009170000000000011,0.009170000000000011,False
2026-06-30T21:00:19.560450+00:00,#2130,sweden_champion_yes,1782853218761,0.00063,0.00063,0.00225,0.00225,0.0,0.0,0.0,0.0,0.0,0.00162,0.00162,False
2026-06-30T21:00:19.560529+00:00,#2131,sweden_champion_no,1782853218761,0.99775,0.99775,0.99937,0.99937,0.0,0.0,0.0,0.0,0.0,0.0016199999999999548,0.0016199999999999548,False
2026-06-30T21:00:19.560608+00:00,#6740,France,1782853218761,0.88165,0.88165,0.88333,0.88333,0.0,0.0,0.0,0.0,0.0,0.0016799999999999038,0.0016799999999999038,False
2026-06-30T21:00:19.560692+00:00,#6741,Sweden,1782853218761,0.11667,0.11667,0.11835,0.11835,0.0,0.0,0.0,0.0,0.0,0.001680000000000001,0.001680000000000001,False
2026-06-30T21:00:19.884451+00:00,#1890,france_champion_yes,1782853219313,0.2852,0.2852,0.29437,0.29437,0.0,0.0,0.0,0.0,0.0,0.009170000000000011,0.009170000000000011,False
2026-06-30T21:00:19.884684+00:00,#1891,france_champion_no,1782853219313,0.70563,0.70563,0.7148,0.7148,0.0,0.0,0.0,0.0,0.0,0.009170000000000011,0.009170000000000011,False
2026-06-30T21:00:19.884782+00:00,#2130,sweden_champion_yes,1782853219313,0.00063,0.00063,0.00225,0.00225,0.0,0.0,0.0,0.0,0.0,0.00162,0.00162,False
2026-06-30T21:00:19.884874+00:00,#2131,sweden_champion_no,1782853219313,0.99775,0.99775,0.99937,0.99937,0.0,0.0,0.0,0.0,0.0,0.0016199999999999548,0.0016199999999999548,False
2026-06-30T21:00:19.884969+00:00,#6740,France,1782853219313,0.88165,0.88165,0.88333,0.88333,-7475.0,0.0,-6556.6934999999985,0.0,0.0,0.0016799999999999038,0.0016799999999999038,True
2026-06-30T21:00:19.885081+00:00,#6741,Sweden,1782853219313,0.11667,0.11667,0.11835,0.11835,0.0,-7475.0,0.0,-918.3064999999999,0.0,0.001680000000000001,0.001680000000000001,True
2026-06-30T21:00:20.298648+00:00,#1890,france_champion_yes,1782853219857,0.2852,0.2852,0.29437,0.29437,0.0,0.0,0.0,0.0,0.0,0.009170000000000011,0.009170000000000011,False
2026-06-30T21:00:20.298915+00:00,#1891,france_champion_no,1782853219857,0.70563,0.70563,0.7148,0.7148,0.0,0.0,0.0,0.0,0.0,0.009170000000000011,0.009170000000000011,False
2026-06-30T21:00:20.299072+00:00,#2130,sweden_champion_yes,1782853219857,0.00063,0.00063,0.00225,0.00225,0.0,0.0,0.0,0.0,0.0,0.00162,0.00162,False
2026-06-30T21:00:20.299193+00:00,#2131,sweden_champion_no,1782853219857,0.99775,0.99775,0.99937,0.99937,0.0,0.0,0.0,0.0,0.0,0.0016199999999999548,0.0016199999999999548,False
2026-06-30T21:00:20.299313+00:00,#6740,France,1782853219857,0.88165,0.88165,0.88333,0.88333,7475.0,577.0,6538.768499999999,510.5635999999995,0.0,0.0016799999999999038,0.0016799999999999038,True
2026-06-30T21:00:20.299513+00:00,#6741,Sweden,1782853219857,0.11667,0.11667,0.11835,0.11835,577.0,7475.0,66.43640000000005,936.2315000000001,0.0,0.001680000000000001,0.001680000000000001,True
2026-06-30T21:00:22.672741+00:00,#1890,france_champion_yes,1782853220378,0.2852,0.2852,0.29437,0.29437,0.0,0.0,0.0,0.0,0.0,0.009170000000000011,0.009170000000000011,False
2026-06-30T21:00:22.672886+00:00,#1891,france_champion_no,1782853220378,0.70563,0.70563,0.7148,0.7148,0.0,0.0,0.0,0.0,0.0,0.009170000000000011,0.009170000000000011,False
2026-06-30T21:00:22.672989+00:00,#2130,sweden_champion_yes,1782853220378,0.00063,0.00063,0.00225,0.00225,0.0,0.0,0.0,0.0,0.0,0.00162,0.00162,False
2026-06-30T21:00:22.673100+00:00,#2131,sweden_champion_no,1782853220378,0.99775,0.99775,0.99937,0.99937,0.0,0.0,0.0,0.0,0.0,0.0016199999999999548,0.0016199999999999548,False
2026-06-30T21:00:22.673182+00:00,#6740,France,1782853220378,0.88165,0.88165,0.88333,0.88333,0.0,-577.0,0.0,-510.5635999999995,0.0,0.0016799999999999038,0.0016799999999999038,False
2026-06-30T21:00:22.673276+00:00,#6741,Sweden,1782853220378,0.11667,0.11667,0.11835,0.11835,-577.0,0.0,-66.43640000000005,0.0,0.0,0.001680000000000001,0.001680000000000001,False
2026-06-30T21:00:22.673515+00:00,#1890,france_champion_yes,1782853220878,0.2852,0.2852,0.29437,0.30336,0.0,2721.0,0.0,899.9252799999999,0.004494999999999971,0.009170000000000011,0.01816000000000001,True
2026-06-30T21:00:22.673624+00:00,#1891,france_champion_no,1782853220878,0.70563,0.69664,0.7148,0.7148,2721.0,0.0,1821.0747200000005,0.0,-0.004495000000000027,0.009170000000000011,0.018159999999999954,True
2026-06-30T21:00:22.673735+00:00,#2130,sweden_champion_yes,1782853220878,0.00063,0.00063,0.00225,0.00225,0.0,0.0,0.0,0.0,0.0,0.00162,0.00162,False
2026-06-30T21:00:22.673818+00:00,#2131,sweden_champion_no,1782853220878,0.99775,0.99775,0.99937,0.99937,0.0,0.0,0.0,0.0,0.0,0.0016199999999999548,0.0016199999999999548,False
2026-06-30T21:00:22.673900+00:00,#6740,France,1782853220878,0.88165,0.88165,0.88333,0.88333,-7200.0,0.0,-6299.169,0.0,0.0,0.0016799999999999038,0.0016799999999999038,True
2026-06-30T21:00:22.674004+00:00,#6741,Sweden,1782853220878,0.11667,0.11667,0.11835,0.11835,0.0,-7200.0,0.0,-900.831,0.0,0.001680000000000001,0.001680000000000001,True
2026-06-30T21:00:22.674174+00:00,#1890,france_champion_yes,1782853221403,0.2852,0.2852,0.30336,0.30336,0.0,0.0,0.0,0.0,0.0,0.01816000000000001,0.01816000000000001,False
2026-06-30T21:00:22.674260+00:00,#1891,france_champion_no,1782853221403,0.69664,0.69664,0.7148,0.7148,0.0,0.0,0.0,0.0,0.0,0.018159999999999954,0.018159999999999954,False
2026-06-30T21:00:22.674353+00:00,#2130,sweden_champion_yes,1782853221403,0.00063,0.00063,0.00225,0.00225,0.0,0.0,0.0,0.0,0.0,0.00162,0.00162,False
2026-06-30T21:00:22.674449+00:00,#2131,sweden_champion_no,1782853221403,0.99775,0.99775,0.99937,0.99937,0.0,0.0,0.0,0.0,0.0,0.0016199999999999548,0.0016199999999999548,False
2026-06-30T21:00:22.674539+00:00,#6740,France,1782853221403,0.88165,0.88165,0.88333,0.88333,0.0,0.0,0.0,0.0,0.0,0.0016799999999999038,0.0016799999999999038,False
2026-06-30T21:00:22.674630+00:00,#6741,Sweden,1782853221403,0.11667,0.11667,0.11835,0.11835,0.0,0.0,0.0,0.0,0.0,0.001680000000000001,0.001680000000000001,False
2026-06-30T21:00:22.674782+00:00,#1890,france_champion_yes,1782853221956,0.2852,0.2852,0.30336,0.30336,-313.0,0.0,-88.40279000000001,0.0,0.0,0.01816000000000001,0.01816000000000001,False
2026-06-30T21:00:22.674873+00:00,#1891,france_champion_no,1782853221956,0.69664,0.69664,0.7148,0.7148,0.0,-313.0,0.0,-224.59721000000008,0.0,0.018159999999999954,0.018159999999999954,False
2026-06-30T21:00:22.674964+00:00,#2130,sweden_champion_yes,1782853221956,0.00063,0.00063,0.00225,0.00225,0.0,0.0,0.0,0.0,0.0,0.00162,0.00162,False
2026-06-30T21:00:22.675053+00:00,#2131,sweden_champion_no,1782853221956,0.99775,0.99775,0.99937,0.99937,0.0,0.0,0.0,0.0,0.0,0.0016199999999999548,0.0016199999999999548,False
2026-06-30T21:00:22.675136+00:00,#6740,France,1782853221956,0.88165,0.88165,0.88333,0.88333,0.0,577.0,0.0,510.5635999999995,0.0,0.0016799999999999038,0.0016799999999999038,False
2026-06-30T21:00:22.675232+00:00,#6741,Sweden,1782853221956,0.11667,0.11667,0.11835,0.11835,577.0,0.0,66.43640000000005,0.0,0.0,0.001680000000000001,0.001680000000000001,False
2026-06-30T21:00:22.968531+00:00,#1890,france_champion_yes,1782853222467,0.2852,0.2852,0.30336,0.30336,311.0,0.0,87.90322999999998,0.0,0.0,0.01816000000000001,0.01816000000000001,False
2026-06-30T21:00:22.968649+00:00,#1891,france_champion_no,1782853222467,0.69664,0.69664,0.7148,0.7148,0.0,311.0,0.0,223.09676999999994,0.0,0.018159999999999954,0.018159999999999954,False
2026-06-30T21:00:22.968745+00:00,#2130,sweden_champion_yes,1782853222467,0.00063,0.00063,0.00225,0.00225,0.0,0.0,0.0,0.0,0.0,0.00162,0.00162,False
2026-06-30T21:00:22.968828+00:00,#2131,sweden_champion_no,1782853222467,0.99775,0.99775,0.99937,0.99937,0.0,0.0,0.0,0.0,0.0,0.0016199999999999548,0.0016199999999999548,False
2026-06-30T21:00:22.968910+00:00,#6740,France,1782853222467,0.88165,0.88165,0.88333,0.88333,-275.0,-577.0,-239.5994999999998,-510.5635999999995,0.0,0.0016799999999999038,0.0016799999999999038,False
2026-06-30T21:00:22.969009+00:00,#6741,Sweden,1782853222467,0.11667,0.11667,0.11835,0.11835,-577.0,-275.0,-66.43640000000005,-35.400499999999994,0.0,0.001680000000000001,0.001680000000000001,False
2026-06-30T21:00:23.389835+00:00,#1890,france_champion_yes,1782853222987,0.2852,0.2852,0.30336,0.30336,0.0,0.0,0.0,0.0,0.0,0.01816000000000001,0.01816000000000001,False
2026-06-30T21:00:23.390052+00:00,#1891,france_champion_no,1782853222987,0.69664,0.69664,0.7148,0.7148,0.0,0.0,0.0,0.0,0.0,0.018159999999999954,0.018159999999999954,False
2026-06-30T21:00:23.390147+00:00,#2130,sweden_champion_yes,1782853222987,0.00063,0.00063,0.00225,0.00225,0.0,0.0,0.0,0.0,0.0,0.00162,0.00162,False
2026-06-30T21:00:23.390222+00:00,#2131,sweden_champion_no,1782853222987,0.99775,0.99775,0.99937,0.99937,0.0,0.0,0.0,0.0,0.0,0.0016199999999999548,0.0016199999999999548,False
2026-06-30T21:00:23.390295+00:00,#6740,France,1782853222987,0.88165,0.88165,0.88333,0.88333,7475.0,577.0,6573.8685,510.5635999999995,0.0,0.0016799999999999038,0.0016799999999999038,True
2026-06-30T21:00:23.390390+00:00,#6741,Sweden,1782853222987,0.11667,0.11667,0.11835,0.11835,577.0,7475.0,66.43640000000005,901.1315,0.0,0.001680000000000001,0.001680000000000001,True
2026-06-30T21:00:24.053638+00:00,#1890,france_champion_yes,1782853223592,0.2852,0.2852,0.30336,0.30336,0.0,0.0,0.0,0.0,0.0,0.01816000000000001,0.01816000000000001,False
2026-06-30T21:00:24.053745+00:00,#1891,france_champion_no,1782853223592,0.69664,0.69664,0.7148,0.7148,0.0,0.0,0.0,0.0,0.0,0.018159999999999954,0.018159999999999954,False
2026-06-30T21:00:24.053826+00:00,#2130,sweden_champion_yes,1782853223592,0.00063,0.00063,0.00225,0.00225,0.0,0.0,0.0,0.0,0.0,0.00162,0.00162,False
2026-06-30T21:00:24.053906+00:00,#2131,sweden_champion_no,1782853223592,0.99775,0.99775,0.99937,0.99937,0.0,0.0,0.0,0.0,0.0,0.0016199999999999548,0.0016199999999999548,False
2026-06-30T21:00:24.053982+00:00,#6740,France,1782853223592,0.88165,0.88165,0.88333,0.88333,-7475.0,0.0,-6573.8685,0.0,0.0,0.0016799999999999038,0.0016799999999999038,True
2026-06-30T21:00:24.054079+00:00,#6741,Sweden,1782853223592,0.11667,0.11667,0.11835,0.11835,0.0,-7475.0,0.0,-901.1315,0.0,0.001680000000000001,0.001680000000000001,True
2026-06-30T21:00:24.572594+00:00,#1890,france_champion_yes,1782853224140,0.2852,0.2852,0.30336,0.30336,0.0,0.0,0.0,0.0,0.0,0.01816000000000001,0.01816000000000001,False
2026-06-30T21:00:24.572769+00:00,#1891,france_champion_no,1782853224140,0.69664,0.69664,0.7148,0.7148,0.0,0.0,0.0,0.0,0.0,0.018159999999999954,0.018159999999999954,False
2026-06-30T21:00:24.572862+00:00,#2130,sweden_champion_yes,1782853224140,0.00063,0.00063,0.00225,0.00225,0.0,0.0,0.0,0.0,0.0,0.00162,0.00162,False
2026-06-30T21:00:24.572943+00:00,#2131,sweden_champion_no,1782853224140,0.99775,0.99775,0.99937,0.99937,0.0,0.0,0.0,0.0,0.0,0.0016199999999999548,0.0016199999999999548,False
2026-06-30T21:00:24.573015+00:00,#6740,France,1782853224140,0.88165,0.88165,0.88333,0.88333,0.0,0.0,0.0,0.0,0.0,0.0016799999999999038,0.0016799999999999038,False
2026-06-30T21:00:24.573089+00:00,#6741,Sweden,1782853224140,0.11667,0.11667,0.11835,0.11835,0.0,0.0,0.0,0.0,0.0,0.001680000000000001,0.001680000000000001,False
2026-06-30T21:00:25.131916+00:00,#1890,france_champion_yes,1782853224639,0.2852,0.2852,0.30336,0.30336,0.0,50.0,0.0,15.168000000000575,0.0,0.01816000000000001,0.01816000000000001,False
2026-06-30T21:00:25.132020+00:00,#1891,france_champion_no,1782853224639,0.69664,0.69664,0.7148,0.7148,50.0,0.0,34.832000000000335,0.0,0.0,0.018159999999999954,0.018159999999999954,False
2026-06-30T21:00:25.132111+00:00,#2130,sweden_champion_yes,1782853224639,0.00063,0.00063,0.00225,0.00225,0.0,0.0,0.0,0.0,0.0,0.00162,0.00162,False
2026-06-30T21:00:25.132186+00:00,#2131,sweden_champion_no,1782853224639,0.99775,0.99775,0.99937,0.99937,0.0,0.0,0.0,0.0,0.0,0.0016199999999999548,0.0016199999999999548,False
2026-06-30T21:00:25.132258+00:00,#6740,France,1782853224639,0.88165,0.88165,0.88333,0.88333,275.0,-627.0,239.5994999999998,-555.0666000000001,0.0,0.0016799999999999038,0.0016799999999999038,False
2026-06-30T21:00:25.132334+00:00,#6741,Sweden,1782853224639,0.11667,0.11667,0.11835,0.11835,-627.0,275.0,-71.93340000000012,35.400499999999994,0.0,0.001680000000000001,0.001680000000000001,False
2026-06-30T21:00:25.627305+00:00,#1890,france_champion_yes,1782853225160,0.2852,0.2852,0.30336,0.30336,0.0,0.0,0.0,0.0,0.0,0.01816000000000001,0.01816000000000001,False
2026-06-30T21:00:25.627508+00:00,#1891,france_champion_no,1782853225160,0.69664,0.69664,0.7148,0.7148,0.0,0.0,0.0,0.0,0.0,0.018159999999999954,0.018159999999999954,False
2026-06-30T21:00:25.627617+00:00,#2130,sweden_champion_yes,1782853225160,0.00063,0.00063,0.00225,0.00225,0.0,0.0,0.0,0.0,0.0,0.00162,0.00162,False
2026-06-30T21:00:25.627700+00:00,#2131,sweden_champion_no,1782853225160,0.99775,0.99775,0.99937,0.99937,0.0,0.0,0.0,0.0,0.0,0.0016199999999999548,0.0016199999999999548,False
2026-06-30T21:00:25.627790+00:00,#6740,France,1782853225160,0.88165,0.88165,0.88333,0.88333,7200.0,0.0,6300.4439999999995,0.0,0.0,0.0016799999999999038,0.0016799999999999038,True
2026-06-30T21:00:25.627909+00:00,#6741,Sweden,1782853225160,0.11667,0.11667,0.11835,0.11835,0.0,7200.0,0.0,899.5560000000002,0.0,0.001680000000000001,0.001680000000000001,True
2026-06-30T21:00:26.111481+00:00,#1890,france_champion_yes,1782853225670,0.2852,0.2852,0.30336,0.30336,0.0,0.0,0.0,0.0,0.0,0.01816000000000001,0.01816000000000001,False
2026-06-30T21:00:26.111730+00:00,#1891,france_champion_no,1782853225670,0.69664,0.69664,0.7148,0.7148,0.0,0.0,0.0,0.0,0.0,0.018159999999999954,0.018159999999999954,False
2026-06-30T21:00:26.111830+00:00,#2130,sweden_champion_yes,1782853225670,0.00063,0.00063,0.00225,0.00225,0.0,0.0,0.0,0.0,0.0,0.00162,0.00162,False
2026-06-30T21:00:26.111921+00:00,#2131,sweden_champion_no,1782853225670,0.99775,0.99775,0.99937,0.99937,0.0,0.0,0.0,0.0,0.0,0.0016199999999999548,0.0016199999999999548,False
2026-06-30T21:00:26.112014+00:00,#6740,France,1782853225670,0.88165,0.88165,0.88333,0.88333,0.0,50.0,0.0,44.50300000000061,0.0,0.0016799999999999038,0.0016799999999999038,False
2026-06-30T21:00:26.112102+00:00,#6741,Sweden,1782853225670,0.11667,0.11667,0.11835,0.11835,50.0,0.0,5.497000000000071,0.0,0.0,0.001680000000000001,0.001680000000000001,False
2026-06-30T21:00:26.636968+00:00,#1890,france_champion_yes,1782853226210,0.2852,0.2852,0.30336,0.30336,0.0,0.0,0.0,0.0,0.0,0.01816000000000001,0.01816000000000001,False
2026-06-30T21:00:26.637199+00:00,#1891,france_champion_no,1782853226210,0.69664,0.69664,0.7148,0.7148,0.0,0.0,0.0,0.0,0.0,0.018159999999999954,0.018159999999999954,False
2026-06-30T21:00:26.637308+00:00,#2130,sweden_champion_yes,1782853226210,0.00063,0.00063,0.00225,0.00225,0.0,0.0,0.0,0.0,0.0,0.00162,0.00162,False
2026-06-30T21:00:26.637392+00:00,#2131,sweden_champion_no,1782853226210,0.99775,0.99775,0.99937,0.99937,0.0,0.0,0.0,0.0,0.0,0.0016199999999999548,0.0016199999999999548,False
2026-06-30T21:00:26.637487+00:00,#6740,France,1782853226210,0.88165,0.88165,0.88333,0.88333,0.0,0.0,0.0,0.0,0.0,0.0016799999999999038,0.0016799999999999038,False
2026-06-30T21:00:26.637565+00:00,#6741,Sweden,1782853226210,0.11667,0.11667,0.11835,0.11835,0.0,0.0,0.0,0.0,0.0,0.001680000000000001,0.001680000000000001,False
2026-06-30T21:00:27.232791+00:00,#1890,france_champion_yes,1782853226763,0.2852,0.2852,0.30336,0.30336,0.0,0.0,0.0,0.0,0.0,0.01816000000000001,0.01816000000000001,False
2026-06-30T21:00:27.233015+00:00,#1891,france_champion_no,1782853226763,0.69664,0.69664,0.7148,0.7148,0.0,0.0,0.0,0.0,0.0,0.018159999999999954,0.018159999999999954,False
2026-06-30T21:00:27.233116+00:00,#2130,sweden_champion_yes,1782853226763,0.00063,0.00063,0.00225,0.00225,0.0,0.0,0.0,0.0,0.0,0.00162,0.00162,False
2026-06-30T21:00:27.233235+00:00,#2131,sweden_champion_no,1782853226763,0.99775,0.99775,0.99937,0.99937,0.0,0.0,0.0,0.0,0.0,0.0016199999999999548,0.0016199999999999548,False
2026-06-30T21:00:27.233320+00:00,#6740,France,1782853226763,0.88165,0.88165,0.88333,0.88333,0.0,0.0,0.0,0.0,0.0,0.0016799999999999038,0.0016799999999999038,False
2026-06-30T21:00:27.233430+00:00,#6741,Sweden,1782853226763,0.11667,0.11667,0.11835,0.11835,0.0,0.0,0.0,0.0,0.0,0.001680000000000001,0.001680000000000001,False
2026-06-30T21:00:27.888075+00:00,#1890,france_champion_yes,1782853227305,0.2852,0.2852,0.30336,0.30336,0.0,0.0,0.0,0.0,0.0,0.01816000000000001,0.01816000000000001,False
2026-06-30T21:00:27.888206+00:00,#1891,france_champion_no,1782853227305,0.69664,0.69664,0.7148,0.7148,0.0,0.0,0.0,0.0,0.0,0.018159999999999954,0.018159999999999954,False
2026-06-30T21:00:27.888300+00:00,#2130,sweden_champion_yes,1782853227305,0.00063,0.00063,0.00225,0.00225,0.0,0.0,0.0,0.0,0.0,0.00162,0.00162,False
2026-06-30T21:00:27.888379+00:00,#2131,sweden_champion_no,1782853227305,0.99775,0.99775,0.99937,0.99937,0.0,0.0,0.0,0.0,0.0,0.0016199999999999548,0.0016199999999999548,False
2026-06-30T21:00:27.888467+00:00,#6740,France,1782853227305,0.88165,0.88165,0.88333,0.88333,0.0,0.0,0.0,0.0,0.0,0.0016799999999999038,0.0016799999999999038,False
2026-06-30T21:00:27.888549+00:00,#6741,Sweden,1782853227305,0.11667,0.11667,0.11835,0.11835,0.0,0.0,0.0,0.0,0.0,0.001680000000000001,0.001680000000000001,False
2026-06-30T21:00:28.299868+00:00,#1890,france_champion_yes,1782853227865,0.2852,0.2852,0.30336,0.30336,0.0,0.0,0.0,0.0,0.0,0.01816000000000001,0.01816000000000001,False
2026-06-30T21:00:28.300074+00:00,#1891,france_champion_no,1782853227865,0.69664,0.69664,0.7148,0.7148,0.0,0.0,0.0,0.0,0.0,0.018159999999999954,0.018159999999999954,False
2026-06-30T21:00:28.300168+00:00,#2130,sweden_champion_yes,1782853227865,0.00063,0.00063,0.00225,0.00225,0.0,0.0,0.0,0.0,0.0,0.00162,0.00162,False
2026-06-30T21:00:28.300251+00:00,#2131,sweden_champion_no,1782853227865,0.99775,0.99775,0.99937,0.99937,0.0,0.0,0.0,0.0,0.0,0.0016199999999999548,0.0016199999999999548,False
2026-06-30T21:00:28.300343+00:00,#6740,France,1782853227865,0.88165,0.88165,0.88333,0.88333,0.0,0.0,0.0,0.0,0.0,0.0016799999999999038,0.0016799999999999038,False
2026-06-30T21:00:28.300440+00:00,#6741,Sweden,1782853227865,0.11667,0.11667,0.11835,0.11835,0.0,0.0,0.0,0.0,0.0,0.001680000000000001,0.001680000000000001,False
2026-06-30T21:00:29.255071+00:00,#1890,france_champion_yes,1782853228473,0.2852,0.2852,0.30336,0.30336,0.0,0.0,0.0,0.0,0.0,0.01816000000000001,0.01816000000000001,False
2026-06-30T21:00:29.255160+00:00,#1891,france_champion_no,1782853228473,0.69664,0.69664,0.7148,0.7148,0.0,0.0,0.0,0.0,0.0,0.018159999999999954,0.018159999999999954,False
2026-06-30T21:00:29.255244+00:00,#2130,sweden_champion_yes,1782853228473,0.00063,0.00063,0.00225,0.00225,0.0,0.0,0.0,0.0,0.0,0.00162,0.00162,False
2026-06-30T21:00:29.255319+00:00,#2131,sweden_champion_no,1782853228473,0.99775,0.99775,0.99937,0.99937,0.0,0.0,0.0,0.0,0.0,0.0016199999999999548,0.0016199999999999548,False
2026-06-30T21:00:29.255391+00:00,#6740,France,1782853228473,0.88165,0.88165,0.88333,0.88333,-7200.0,0.0,-6300.4439999999995,0.0,0.0,0.0016799999999999038,0.0016799999999999038,True
2026-06-30T21:00:29.255491+00:00,#6741,Sweden,1782853228473,0.11667,0.11667,0.11835,0.11835,0.0,-7200.0,0.0,-899.5560000000002,0.0,0.001680000000000001,0.001680000000000001,True
2026-06-30T21:00:29.398425+00:00,#1890,france_champion_yes,1782853228963,0.2852,0.2852,0.30336,0.30336,0.0,0.0,0.0,0.0,0.0,0.01816000000000001,0.01816000000000001,False
2026-06-30T21:00:29.398648+00:00,#1891,france_champion_no,1782853228963,0.69664,0.69664,0.7148,0.7148,0.0,0.0,0.0,0.0,0.0,0.018159999999999954,0.018159999999999954,False
2026-06-30T21:00:29.398737+00:00,#2130,sweden_champion_yes,1782853228963,0.00063,0.00063,0.00225,0.00225,0.0,0.0,0.0,0.0,0.0,0.00162,0.00162,False
2026-06-30T21:00:29.398814+00:00,#2131,sweden_champion_no,1782853228963,0.99775,0.99775,0.99937,0.99937,0.0,0.0,0.0,0.0,0.0,0.0016199999999999548,0.0016199999999999548,False
2026-06-30T21:00:29.398887+00:00,#6740,France,1782853228963,0.88165,0.88165,0.88333,0.88333,100.0,0.0,88.0,0.0,0.0,0.0016799999999999038,0.0016799999999999038,False
2026-06-30T21:00:29.398971+00:00,#6741,Sweden,1782853228963,0.11667,0.11667,0.11835,0.11835,0.0,100.0,0.0,12.0,0.0,0.001680000000000001,0.001680000000000001,False
2026-06-30T21:00:30.011415+00:00,#1890,france_champion_yes,1782853229506,0.2852,0.2852,0.30336,0.30336,0.0,0.0,0.0,0.0,0.0,0.01816000000000001,0.01816000000000001,False
2026-06-30T21:00:30.011541+00:00,#1891,france_champion_no,1782853229506,0.69664,0.69664,0.7148,0.7148,0.0,0.0,0.0,0.0,0.0,0.018159999999999954,0.018159999999999954,False
2026-06-30T21:00:30.011636+00:00,#2130,sweden_champion_yes,1782853229506,0.00063,0.00063,0.00225,0.00225,0.0,0.0,0.0,0.0,0.0,0.00162,0.00162,False
2026-06-30T21:00:30.011720+00:00,#2131,sweden_champion_no,1782853229506,0.99775,0.99775,0.99937,0.99937,0.0,0.0,0.0,0.0,0.0,0.0016199999999999548,0.0016199999999999548,False
2026-06-30T21:00:30.011801+00:00,#6740,France,1782853229506,0.88165,0.88165,0.88333,0.88333,-275.0,0.0,-239.5994999999998,0.0,0.0,0.0016799999999999038,0.0016799999999999038,False
2026-06-30T21:00:30.011888+00:00,#6741,Sweden,1782853229506,0.11667,0.11667,0.11835,0.11835,0.0,-275.0,0.0,-35.400499999999994,0.0,0.001680000000000001,0.001680000000000001,False
2026-06-30T21:00:30.528703+00:00,#1890,france_champion_yes,1782853230028,0.2852,0.2852,0.30336,0.30336,0.0,0.0,0.0,0.0,0.0,0.01816000000000001,0.01816000000000001,False
2026-06-30T21:00:30.528895+00:00,#1891,france_champion_no,1782853230028,0.69664,0.69664,0.7148,0.7148,0.0,0.0,0.0,0.0,0.0,0.018159999999999954,0.018159999999999954,False
2026-06-30T21:00:30.528996+00:00,#2130,sweden_champion_yes,1782853230028,0.00063,0.00063,0.00225,0.00225,0.0,0.0,0.0,0.0,0.0,0.00162,0.00162,False
2026-06-30T21:00:30.529080+00:00,#2131,sweden_champion_no,1782853230028,0.99775,0.99775,0.99937,0.99937,0.0,0.0,0.0,0.0,0.0,0.0016199999999999548,0.0016199999999999548,False
2026-06-30T21:00:30.529156+00:00,#6740,France,1782853230028,0.88165,0.88165,0.88333,0.88333,7475.0,0.0,6577.8435,0.0,0.0,0.0016799999999999038,0.0016799999999999038,True
2026-06-30T21:00:30.529252+00:00,#6741,Sweden,1782853230028,0.11667,0.11667,0.11835,0.11835,0.0,7475.0,0.0,897.1565,0.0,0.001680000000000001,0.001680000000000001,True
2026-06-30T21:00:31.045039+00:00,#1890,france_champion_yes,1782853230561,0.2852,0.2852,0.30336,0.30336,0.0,0.0,0.0,0.0,0.0,0.01816000000000001,0.01816000000000001,False
2026-06-30T21:00:31.045248+00:00,#1891,france_champion_no,1782853230561,0.69664,0.69664,0.7148,0.7148,0.0,0.0,0.0,0.0,0.0,0.018159999999999954,0.018159999999999954,False
2026-06-30T21:00:31.045369+00:00,#2130,sweden_champion_yes,1782853230561,0.00063,0.00063,0.00225,0.00225,0.0,0.0,0.0,0.0,0.0,0.00162,0.00162,False
2026-06-30T21:00:31.045506+00:00,#2131,sweden_champion_no,1782853230561,0.99775,0.99775,0.99937,0.99937,0.0,0.0,0.0,0.0,0.0,0.0016199999999999548,0.0016199999999999548,False
2026-06-30T21:00:31.045634+00:00,#6740,France,1782853230561,0.88165,0.88165,0.88333,0.88333,0.0,0.0,0.0,0.0,0.0,0.0016799999999999038,0.0016799999999999038,False
2026-06-30T21:00:31.045716+00:00,#6741,Sweden,1782853230561,0.11667,0.11667,0.11835,0.11835,0.0,0.0,0.0,0.0,0.0,0.001680000000000001,0.001680000000000001,False
2026-06-30T21:00:31.523146+00:00,#1890,france_champion_yes,1782853231091,0.2852,0.2852,0.30336,0.30336,0.0,0.0,0.0,0.0,0.0,0.01816000000000001,0.01816000000000001,False
2026-06-30T21:00:31.523352+00:00,#1891,france_champion_no,1782853231091,0.69664,0.69664,0.7148,0.7148,0.0,0.0,0.0,0.0,0.0,0.018159999999999954,0.018159999999999954,False
2026-06-30T21:00:31.523458+00:00,#2130,sweden_champion_yes,1782853231091,0.00063,0.00063,0.00225,0.00225,0.0,0.0,0.0,0.0,0.0,0.00162,0.00162,False
2026-06-30T21:00:31.523534+00:00,#2131,sweden_champion_no,1782853231091,0.99775,0.99775,0.99937,0.99937,0.0,0.0,0.0,0.0,0.0,0.0016199999999999548,0.0016199999999999548,False
2026-06-30T21:00:31.523606+00:00,#6740,France,1782853231091,0.88165,0.88165,0.88333,0.88333,0.0,0.0,0.0,0.0,0.0,0.0016799999999999038,0.0016799999999999038,False
2026-06-30T21:00:31.523687+00:00,#6741,Sweden,1782853231091,0.11667,0.11667,0.11835,0.11835,0.0,0.0,0.0,0.0,0.0,0.001680000000000001,0.001680000000000001,False
2026-06-30T21:00:32.033233+00:00,#1890,france_champion_yes,1782853231640,0.2852,0.2852,0.30336,0.30336,0.0,0.0,0.0,0.0,0.0,0.01816000000000001,0.01816000000000001,False
2026-06-30T21:00:32.033416+00:00,#1891,france_champion_no,1782853231640,0.69664,0.69664,0.7148,0.7148,0.0,0.0,0.0,0.0,0.0,0.018159999999999954,0.018159999999999954,False
2026-06-30T21:00:32.033513+00:00,#2130,sweden_champion_yes,1782853231640,0.00063,0.00063,0.00225,0.00225,0.0,0.0,0.0,0.0,0.0,0.00162,0.00162,False
2026-06-30T21:00:32.033590+00:00,#2131,sweden_champion_no,1782853231640,0.99775,0.99775,0.99937,0.99937,0.0,0.0,0.0,0.0,0.0,0.0016199999999999548,0.0016199999999999548,False
2026-06-30T21:00:32.033665+00:00,#6740,France,1782853231640,0.88165,0.88165,0.88333,0.88333,-7375.0,0.0,-6489.8435,0.0,0.0,0.0016799999999999038,0.0016799999999999038,True
2026-06-30T21:00:32.033760+00:00,#6741,Sweden,1782853231640,0.11667,0.11667,0.11835,0.11835,0.0,-7375.0,0.0,-885.1565,0.0,0.001680000000000001,0.001680000000000001,True
2026-06-30T21:00:32.609213+00:00,#1890,france_champion_yes,1782853232178,0.2852,0.2852,0.30336,0.30336,0.0,0.0,0.0,0.0,0.0,0.01816000000000001,0.01816000000000001,False
2026-06-30T21:00:32.609471+00:00,#1891,france_champion_no,1782853232178,0.69664,0.69664,0.7148,0.7148,0.0,0.0,0.0,0.0,0.0,0.018159999999999954,0.018159999999999954,False
2026-06-30T21:00:32.609584+00:00,#2130,sweden_champion_yes,1782853232178,0.00063,0.00063,0.00225,0.00225,0.0,0.0,0.0,0.0,0.0,0.00162,0.00162,False
2026-06-30T21:00:32.609689+00:00,#2131,sweden_champion_no,1782853232178,0.99775,0.99775,0.99937,0.99937,0.0,0.0,0.0,0.0,0.0,0.0016199999999999548,0.0016199999999999548,False
2026-06-30T21:00:32.609788+00:00,#6740,France,1782853232178,0.88165,0.88165,0.88333,0.88333,7475.0,0.0,6544.6185,0.0,0.0,0.0016799999999999038,0.0016799999999999038,True
2026-06-30T21:00:32.609916+00:00,#6741,Sweden,1782853232178,0.11667,0.11667,0.11835,0.11835,0.0,7475.0,0.0,930.3815,0.0,0.001680000000000001,0.001680000000000001,True
2026-06-30T21:00:33.198895+00:00,#1890,france_champion_yes,1782853232717,0.2852,0.2852,0.30336,0.30336,0.0,0.0,0.0,0.0,0.0,0.01816000000000001,0.01816000000000001,False
2026-06-30T21:00:33.199094+00:00,#1891,france_champion_no,1782853232717,0.69664,0.69664,0.7148,0.7148,0.0,0.0,0.0,0.0,0.0,0.018159999999999954,0.018159999999999954,False
2026-06-30T21:00:33.199183+00:00,#2130,sweden_champion_yes,1782853232717,0.00063,0.00063,0.00225,0.00225,0.0,0.0,0.0,0.0,0.0,0.00162,0.00162,False
2026-06-30T21:00:33.199258+00:00,#2131,sweden_champion_no,1782853232717,0.99775,0.99775,0.99937,0.99937,0.0,0.0,0.0,0.0,0.0,0.0016199999999999548,0.0016199999999999548,False
2026-06-30T21:00:33.199336+00:00,#6740,France,1782853232717,0.88165,0.88165,0.88333,0.88333,0.0,0.0,0.0,0.0,0.0,0.0016799999999999038,0.0016799999999999038,False
2026-06-30T21:00:33.199424+00:00,#6741,Sweden,1782853232717,0.11667,0.11667,0.11835,0.11835,0.0,0.0,0.0,0.0,0.0,0.001680000000000001,0.001680000000000001,False
2026-06-30T21:00:33.645610+00:00,#1890,france_champion_yes,1782853233236,0.2852,0.2852,0.30336,0.30336,0.0,0.0,0.0,0.0,0.0,0.01816000000000001,0.01816000000000001,False
2026-06-30T21:00:33.645809+00:00,#1891,france_champion_no,1782853233236,0.69664,0.69664,0.7148,0.7148,0.0,0.0,0.0,0.0,0.0,0.018159999999999954,0.018159999999999954,False
2026-06-30T21:00:33.645902+00:00,#2130,sweden_champion_yes,1782853233236,0.00063,0.00063,0.00225,0.00225,0.0,0.0,0.0,0.0,0.0,0.00162,0.00162,False
2026-06-30T21:00:33.645981+00:00,#2131,sweden_champion_no,1782853233236,0.99775,0.99775,0.99937,0.99937,0.0,0.0,0.0,0.0,0.0,0.0016199999999999548,0.0016199999999999548,False
2026-06-30T21:00:33.646057+00:00,#6740,France,1782853233236,0.88165,0.88165,0.88333,0.88333,0.0,0.0,0.0,0.0,0.0,0.0016799999999999038,0.0016799999999999038,False
2026-06-30T21:00:33.646132+00:00,#6741,Sweden,1782853233236,0.11667,0.11667,0.11835,0.11835,0.0,0.0,0.0,0.0,0.0,0.001680000000000001,0.001680000000000001,False
2026-06-30T21:00:34.554697+00:00,#1890,france_champion_yes,1782853233791,0.2852,0.2852,0.30336,0.30336,0.0,0.0,0.0,0.0,0.0,0.01816000000000001,0.01816000000000001,False
2026-06-30T21:00:34.554786+00:00,#1891,france_champion_no,1782853233791,0.69664,0.69664,0.7148,0.7148,0.0,0.0,0.0,0.0,0.0,0.018159999999999954,0.018159999999999954,False
2026-06-30T21:00:34.554865+00:00,#2130,sweden_champion_yes,1782853233791,0.00063,0.00063,0.00225,0.00225,0.0,0.0,0.0,0.0,0.0,0.00162,0.00162,False
2026-06-30T21:00:34.554938+00:00,#2131,sweden_champion_no,1782853233791,0.99775,0.99775,0.99937,0.99937,0.0,0.0,0.0,0.0,0.0,0.0016199999999999548,0.0016199999999999548,False
2026-06-30T21:00:34.555012+00:00,#6740,France,1782853233791,0.88165,0.88165,0.88333,0.88333,0.0,0.0,-0.5999999999994543,0.0,0.0,0.0016799999999999038,0.0016799999999999038,False
2026-06-30T21:00:34.555130+00:00,#6741,Sweden,1782853233791,0.11667,0.11667,0.11835,0.11835,0.0,0.0,0.0,0.6000000000001364,0.0,0.001680000000000001,0.001680000000000001,False
2026-06-30T21:00:34.742936+00:00,#1890,france_champion_yes,1782853234337,0.2852,0.2852,0.30336,0.30336,0.0,0.0,0.0,0.0,0.0,0.01816000000000001,0.01816000000000001,False
2026-06-30T21:00:34.743128+00:00,#1891,france_champion_no,1782853234337,0.69664,0.69664,0.7148,0.7148,0.0,0.0,0.0,0.0,0.0,0.018159999999999954,0.018159999999999954,False
2026-06-30T21:00:34.743217+00:00,#2130,sweden_champion_yes,1782853234337,0.00063,0.00063,0.00225,0.00225,0.0,0.0,0.0,0.0,0.0,0.00162,0.00162,False
2026-06-30T21:00:34.743292+00:00,#2131,sweden_champion_no,1782853234337,0.99775,0.99775,0.99937,0.99937,0.0,0.0,0.0,0.0,0.0,0.0016199999999999548,0.0016199999999999548,False
2026-06-30T21:00:34.743365+00:00,#6740,France,1782853234337,0.88165,0.88165,0.88333,0.88333,0.0,0.0,0.0,0.0,0.0,0.0016799999999999038,0.0016799999999999038,False
2026-06-30T21:00:34.743462+00:00,#6741,Sweden,1782853234337,0.11667,0.11667,0.11835,0.11835,0.0,0.0,0.0,0.0,0.0,0.001680000000000001,0.001680000000000001,False
2026-06-30T21:00:35.358609+00:00,#1890,france_champion_yes,1782853234860,0.2852,0.2852,0.30336,0.30336,0.0,0.0,0.0,0.0,0.0,0.01816000000000001,0.01816000000000001,False
2026-06-30T21:00:35.358864+00:00,#1891,france_champion_no,1782853234860,0.69664,0.69664,0.7148,0.7148,0.0,0.0,0.0,0.0,0.0,0.018159999999999954,0.018159999999999954,False
2026-06-30T21:00:35.359032+00:00,#2130,sweden_champion_yes,1782853234860,0.00063,0.00063,0.00225,0.00225,0.0,0.0,0.0,0.0,0.0,0.00162,0.00162,False
2026-06-30T21:00:35.359152+00:00,#2131,sweden_champion_no,1782853234860,0.99775,0.99775,0.99937,0.99937,0.0,0.0,0.0,0.0,0.0,0.0016199999999999548,0.0016199999999999548,False
2026-06-30T21:00:35.359277+00:00,#6740,France,1782853234860,0.88165,0.88,0.88333,0.88333,6696.0,0.0,5837.4856500000005,0.0,-0.0008250000000000757,0.0016799999999999038,0.003329999999999944,True
2026-06-30T21:00:35.359430+00:00,#6741,Sweden,1782853234860,0.11667,0.11667,0.11835,0.12,0.0,6696.0,0.0,858.5143500000001,0.0008249999999999924,0.001680000000000001,0.0033299999999999996,True
2026-06-30T21:00:35.892762+00:00,#1890,france_champion_yes,1782853235374,0.2852,0.2852,0.30336,0.29437,0.0,-2721.0,0.0,-899.9252800000004,-0.004494999999999971,0.01816000000000001,0.009170000000000011,True
2026-06-30T21:00:35.893075+00:00,#1891,france_champion_no,1782853235374,0.69664,0.70563,0.7148,0.7148,-2721.0,0.0,-1821.0747200000005,0.0,0.004495000000000027,0.018159999999999954,0.009170000000000011,True
2026-06-30T21:00:35.893231+00:00,#2130,sweden_champion_yes,1782853235374,0.00063,0.00063,0.00225,0.00225,0.0,0.0,0.0,0.0,0.0,0.00162,0.00162,False
2026-06-30T21:00:35.893331+00:00,#2131,sweden_champion_no,1782853235374,0.99775,0.99775,0.99937,0.99937,0.0,0.0,0.0,0.0,0.0,0.0016199999999999548,0.0016199999999999548,False
2026-06-30T21:00:35.893449+00:00,#6740,France,1782853235374,0.88,0.87272,0.88333,0.88333,-6796.0,-125.0,-5957.348010000001,-111.25,-0.0036399999999998656,0.003329999999999944,0.010609999999999897,True
2026-06-30T21:00:35.893657+00:00,#6741,Sweden,1782853235374,0.11667,0.11667,0.12,0.12728,-125.0,-6796.0,-13.75,-838.6519900000001,0.0036400000000000043,0.0033299999999999996,0.010610000000000008,True
2026-06-30T21:00:36.239083+00:00,#1890,france_champion_yes,1782853235901,0.2852,0.2852,0.29437,0.29437,0.0,0.0,0.0,0.0,0.0,0.009170000000000011,0.009170000000000011,False
2026-06-30T21:00:36.239255+00:00,#1891,france_champion_no,1782853235901,0.70563,0.70563,0.7148,0.7148,0.0,0.0,0.0,0.0,0.0,0.009170000000000011,0.009170000000000011,False
2026-06-30T21:00:36.239345+00:00,#2130,sweden_champion_yes,1782853235901,0.00063,0.00063,0.00225,0.00225,0.0,0.0,0.0,0.0,0.0,0.00162,0.00162,False
2026-06-30T21:00:36.239457+00:00,#2131,sweden_champion_no,1782853235901,0.99775,0.99775,0.99937,0.99937,0.0,0.0,0.0,0.0,0.0,0.0016199999999999548,0.0016199999999999548,False
2026-06-30T21:00:36.239540+00:00,#6740,France,1782853235901,0.87272,0.87272,0.88333,0.88333,0.0,0.0,-2.063999999999396,0.0,0.0,0.010609999999999897,0.010609999999999897,False
2026-06-30T21:00:36.239635+00:00,#6741,Sweden,1782853235901,0.11667,0.11667,0.12728,0.12728,0.0,0.0,0.0,2.063999999999851,0.0,0.010610000000000008,0.010610000000000008,False
2026-06-30T21:00:36.861535+00:00,#1890,france_champion_yes,1782853236454,0.2852,0.2852,0.29437,0.29437,0.0,0.0,0.0,0.0,0.0,0.009170000000000011,0.009170000000000011,False
2026-06-30T21:00:36.861754+00:00,#1891,france_champion_no,1782853236454,0.70563,0.70563,0.7148,0.7148,0.0,0.0,0.0,0.0,0.0,0.009170000000000011,0.009170000000000011,False
2026-06-30T21:00:36.861848+00:00,#2130,sweden_champion_yes,1782853236454,0.00063,0.00063,0.00225,0.00225,0.0,0.0,0.0,0.0,0.0,0.00162,0.00162,False
2026-06-30T21:00:36.861924+00:00,#2131,sweden_champion_no,1782853236454,0.99775,0.99775,0.99937,0.99937,0.0,0.0,0.0,0.0,0.0,0.0016199999999999548,0.0016199999999999548,False
2026-06-30T21:00:36.861996+00:00,#6740,France,1782853236454,0.87272,0.88,0.88333,0.88333,-22.0,0.0,-14.67700000000059,0.0,0.0036399999999998656,0.010609999999999897,0.003329999999999944,False
2026-06-30T21:00:36.862081+00:00,#6741,Sweden,1782853236454,0.11667,0.11667,0.12728,0.12,0.0,-22.0,0.0,-7.322999999999865,-0.0036400000000000043,0.010610000000000008,0.0033299999999999996,False
2026-06-30T21:00:37.385983+00:00,#1890,france_champion_yes,1782853236992,0.2852,0.2852,0.29437,0.29437,0.0,0.0,0.0,0.0,0.0,0.009170000000000011,0.009170000000000011,False
2026-06-30T21:00:37.386204+00:00,#1891,france_champion_no,1782853236992,0.70563,0.70563,0.7148,0.7148,0.0,0.0,0.0,0.0,0.0,0.009170000000000011,0.009170000000000011,False
2026-06-30T21:00:37.386292+00:00,#2130,sweden_champion_yes,1782853236992,0.00063,0.00063,0.00225,0.00225,0.0,0.0,0.0,0.0,0.0,0.00162,0.00162,False
2026-06-30T21:00:37.386373+00:00,#2131,sweden_champion_no,1782853236992,0.99775,0.99775,0.99937,0.99937,0.0,0.0,0.0,0.0,0.0,0.0016199999999999548,0.0016199999999999548,False
2026-06-30T21:00:37.386463+00:00,#6740,France,1782853236992,0.88,0.88,0.88333,0.88333,275.0,0.0,238.40050000000065,0.0,0.0,0.003329999999999944,0.003329999999999944,False
2026-06-30T21:00:37.386550+00:00,#6741,Sweden,1782853236992,0.11667,0.11667,0.12,0.12,0.0,275.0,0.0,36.59949999999981,0.0,0.0033299999999999996,0.0033299999999999996,False
2026-06-30T21:00:39.967740+00:00,#1890,france_champion_yes,1782853237524,0.2852,0.2852,0.29437,0.29437,0.0,0.0,0.0,0.0,0.0,0.009170000000000011,0.009170000000000011,False
2026-06-30T21:00:39.967838+00:00,#1891,france_champion_no,1782853237524,0.70563,0.70563,0.7148,0.7148,0.0,0.0,0.0,0.0,0.0,0.009170000000000011,0.009170000000000011,False
2026-06-30T21:00:39.967923+00:00,#2130,sweden_champion_yes,1782853237524,0.00063,0.00063,0.00225,0.00225,0.0,0.0,0.0,0.0,0.0,0.00162,0.00162,False
2026-06-30T21:00:39.967997+00:00,#2131,sweden_champion_no,1782853237524,0.99775,0.99775,0.99937,0.99937,0.0,0.0,0.0,0.0,0.0,0.0016199999999999548,0.0016199999999999548,False
2026-06-30T21:00:39.968070+00:00,#6740,France,1782853237524,0.88,0.88,0.88333,0.88333,0.0,0.0,0.0,0.0,0.0,0.003329999999999944,0.003329999999999944,False
2026-06-30T21:00:39.968146+00:00,#6741,Sweden,1782853237524,0.11667,0.11667,0.12,0.12,0.0,0.0,0.0,0.0,0.0,0.0033299999999999996,0.0033299999999999996,False
2026-06-30T21:00:39.968269+00:00,#1890,france_champion_yes,1782853238071,0.2852,0.2852,0.29437,0.29437,0.0,0.0,0.0,0.0,0.0,0.009170000000000011,0.009170000000000011,False
2026-06-30T21:00:39.968343+00:00,#1891,france_champion_no,1782853238071,0.70563,0.70563,0.7148,0.7148,0.0,0.0,0.0,0.0,0.0,0.009170000000000011,0.009170000000000011,False
2026-06-30T21:00:39.968421+00:00,#2130,sweden_champion_yes,1782853238071,0.00063,0.00063,0.00225,0.00225,0.0,0.0,0.0,0.0,0.0,0.00162,0.00162,False
2026-06-30T21:00:39.968493+00:00,#2131,sweden_champion_no,1782853238071,0.99775,0.99775,0.99937,0.99937,0.0,0.0,0.0,0.0,0.0,0.0016199999999999548,0.0016199999999999548,False
2026-06-30T21:00:39.968564+00:00,#6740,France,1782853238071,0.88,0.88,0.88333,0.88333,-7475.0,0.0,-6523.727500000001,0.0,0.0,0.003329999999999944,0.003329999999999944,True
2026-06-30T21:00:39.968757+00:00,#6741,Sweden,1782853238071,0.11667,0.11667,0.12,0.12,0.0,-7475.0,0.0,-951.2724999999999,0.0,0.0033299999999999996,0.0033299999999999996,True
2026-06-30T21:00:39.969301+00:00,#1890,france_champion_yes,1782853238628,0.2852,0.2852,0.29437,0.29437,0.0,0.0,0.0,0.0,0.0,0.009170000000000011,0.009170000000000011,False
2026-06-30T21:00:39.969379+00:00,#1891,france_champion_no,1782853238628,0.70563,0.70563,0.7148,0.7148,0.0,0.0,0.0,0.0,0.0,0.009170000000000011,0.009170000000000011,False
2026-06-30T21:00:39.969475+00:00,#2130,sweden_champion_yes,1782853238628,0.00063,0.00063,0.00225,0.00225,0.0,0.0,0.0,0.0,0.0,0.00162,0.00162,False
2026-06-30T21:00:39.969558+00:00,#2131,sweden_champion_no,1782853238628,0.99775,0.99775,0.99937,0.99937,0.0,0.0,0.0,0.0,0.0,0.0016199999999999548,0.0016199999999999548,False
2026-06-30T21:00:39.969628+00:00,#6740,France,1782853238628,0.88,0.88,0.88333,0.88333,0.0,0.0,0.0,0.0,0.0,0.003329999999999944,0.003329999999999944,False
2026-06-30T21:00:39.969705+00:00,#6741,Sweden,1782853238628,0.11667,0.11667,0.12,0.12,0.0,0.0,0.0,0.0,0.0,0.0033299999999999996,0.0033299999999999996,False
2026-06-30T21:00:39.969859+00:00,#1890,france_champion_yes,1782853239244,0.2852,0.2852,0.29437,0.29437,0.0,-50.0,0.0,-15.16800000000012,0.0,0.009170000000000011,0.009170000000000011,False
2026-06-30T21:00:39.969965+00:00,#1891,france_champion_no,1782853239244,0.70563,0.70563,0.7148,0.7148,-50.0,0.0,-34.832000000000335,0.0,0.0,0.009170000000000011,0.009170000000000011,False
2026-06-30T21:00:39.970040+00:00,#2130,sweden_champion_yes,1782853239244,0.00063,0.00063,0.00225,0.00225,0.0,0.0,0.0,0.0,0.0,0.00162,0.00162,False
2026-06-30T21:00:39.970113+00:00,#2131,sweden_champion_no,1782853239244,0.99775,0.99775,0.99937,0.99937,0.0,0.0,0.0,0.0,0.0,0.0016199999999999548,0.0016199999999999548,False
2026-06-30T21:00:39.970182+00:00,#6740,France,1782853239244,0.88,0.88,0.88333,0.88333,7475.0,0.0,6539.0275,0.0,0.0,0.003329999999999944,0.003329999999999944,True
2026-06-30T21:00:39.970276+00:00,#6741,Sweden,1782853239244,0.11667,0.11667,0.12,0.12,0.0,7475.0,0.0,935.9724999999997,0.0,0.0033299999999999996,0.0033299999999999996,True
2026-06-30T21:00:40.175354+00:00,#1890,france_champion_yes,1782853239731,0.2852,0.2852,0.29437,0.29437,0.0,0.0,0.0,0.0,0.0,0.009170000000000011,0.009170000000000011,False
2026-06-30T21:00:40.175672+00:00,#1891,france_champion_no,1782853239731,0.70563,0.70563,0.7148,0.7148,0.0,0.0,0.0,0.0,0.0,0.009170000000000011,0.009170000000000011,False
2026-06-30T21:00:40.175816+00:00,#2130,sweden_champion_yes,1782853239731,0.00063,0.00063,0.00225,0.00225,0.0,0.0,0.0,0.0,0.0,0.00162,0.00162,False
2026-06-30T21:00:40.175927+00:00,#2131,sweden_champion_no,1782853239731,0.99775,0.99775,0.99937,0.99937,0.0,0.0,0.0,0.0,0.0,0.0016199999999999548,0.0016199999999999548,False
2026-06-30T21:00:40.176049+00:00,#6740,France,1782853239731,0.88,0.88,0.88333,0.88333,0.0,0.0,0.0,0.0,0.0,0.003329999999999944,0.003329999999999944,False
2026-06-30T21:00:40.176154+00:00,#6741,Sweden,1782853239731,0.11667,0.11667,0.12,0.12,0.0,0.0,0.0,0.0,0.0,0.0033299999999999996,0.0033299999999999996,False
2026-06-30T21:00:40.808919+00:00,#1890,france_champion_yes,1782853240269,0.2852,0.2852,0.29437,0.29437,0.0,0.0,0.0,0.0,0.0,0.009170000000000011,0.009170000000000011,False
2026-06-30T21:00:40.809152+00:00,#1891,france_champion_no,1782853240269,0.70563,0.70563,0.7148,0.7148,0.0,0.0,0.0,0.0,0.0,0.009170000000000011,0.009170000000000011,False
2026-06-30T21:00:40.809288+00:00,#2130,sweden_champion_yes,1782853240269,0.00063,0.00063,0.00225,0.00225,0.0,0.0,0.0,0.0,0.0,0.00162,0.00162,False
2026-06-30T21:00:40.809422+00:00,#2131,sweden_champion_no,1782853240269,0.99775,0.99775,0.99937,0.99937,0.0,0.0,0.0,0.0,0.0,0.0016199999999999548,0.0016199999999999548,False
2026-06-30T21:00:40.809616+00:00,#6740,France,1782853240269,0.88,0.88,0.88333,0.88333,-212.0,0.0,-182.77908000000025,0.0,0.0,0.003329999999999944,0.003329999999999944,False
2026-06-30T21:00:40.809720+00:00,#6741,Sweden,1782853240269,0.11667,0.11667,0.12,0.12,0.0,-212.0,0.0,-29.22091999999975,0.0,0.0033299999999999996,0.0033299999999999996,False
2026-06-30T21:00:41.221412+00:00,#1890,france_champion_yes,1782853240827,0.2852,0.2852,0.29437,0.29437,0.0,0.0,0.0,0.0,0.0,0.009170000000000011,0.009170000000000011,False
2026-06-30T21:00:41.221603+00:00,#1891,france_champion_no,1782853240827,0.70563,0.70563,0.7148,0.7148,0.0,0.0,0.0,0.0,0.0,0.009170000000000011,0.009170000000000011,False
2026-06-30T21:00:41.221692+00:00,#2130,sweden_champion_yes,1782853240827,0.00063,0.00063,0.00225,0.00225,0.0,0.0,0.0,0.0,0.0,0.00162,0.00162,False
2026-06-30T21:00:41.221773+00:00,#2131,sweden_champion_no,1782853240827,0.99775,0.99775,0.99937,0.99937,0.0,0.0,0.0,0.0,0.0,0.0016199999999999548,0.0016199999999999548,False
2026-06-30T21:00:41.221854+00:00,#6740,France,1782853240827,0.88,0.88,0.88333,0.88333,-546.0,-833.0,-475.0169999999998,-737.6670000000013,0.0,0.003329999999999944,0.003329999999999944,False
2026-06-30T21:00:41.221934+00:00,#6741,Sweden,1782853240827,0.11667,0.11667,0.12,0.12,-833.0,-546.0,-95.33299999999986,-70.98299999999995,0.0,0.0033299999999999996,0.0033299999999999996,False
2026-06-30T21:00:41.829785+00:00,#1890,france_champion_yes,1782853241394,0.2852,0.2852,0.29437,0.29437,-2.0,0.0,-0.5588999999999942,0.0,0.0,0.009170000000000011,0.009170000000000011,False
2026-06-30T21:00:41.829974+00:00,#1891,france_champion_no,1782853241394,0.70563,0.70563,0.7148,0.7148,0.0,-2.0,0.0,-1.4411000000000058,0.0,0.009170000000000011,0.009170000000000011,False
2026-06-30T21:00:41.830063+00:00,#2130,sweden_champion_yes,1782853241394,0.00063,0.00063,0.00225,0.00225,0.0,0.0,0.0,0.0,0.0,0.00162,0.00162,False
2026-06-30T21:00:41.830138+00:00,#2131,sweden_champion_no,1782853241394,0.99775,0.99775,0.99937,0.99937,0.0,0.0,0.0,0.0,0.0,0.0016199999999999548,0.0016199999999999548,False
2026-06-30T21:00:41.830212+00:00,#6740,France,1782853241394,0.88,0.88,0.88333,0.88333,0.0,0.0,0.0,0.0,0.0,0.003329999999999944,0.003329999999999944,False
2026-06-30T21:00:41.830297+00:00,#6741,Sweden,1782853241394,0.11667,0.11667,0.12,0.12,0.0,0.0,0.0,0.0,0.0,0.0033299999999999996,0.0033299999999999996,False
2026-06-30T21:00:42.349324+00:00,#1890,france_champion_yes,1782853241932,0.2852,0.2852,0.29437,0.29437,0.0,0.0,0.0,0.0,0.0,0.009170000000000011,0.009170000000000011,False
2026-06-30T21:00:42.349529+00:00,#1891,france_champion_no,1782853241932,0.70563,0.70563,0.7148,0.7148,0.0,0.0,0.0,0.0,0.0,0.009170000000000011,0.009170000000000011,False
2026-06-30T21:00:42.349625+00:00,#2130,sweden_champion_yes,1782853241932,0.00063,0.00063,0.00225,0.00225,0.0,0.0,0.0,0.0,0.0,0.00162,0.00162,False
2026-06-30T21:00:42.349700+00:00,#2131,sweden_champion_no,1782853241932,0.99775,0.99775,0.99937,0.99937,0.0,0.0,0.0,0.0,0.0,0.0016199999999999548,0.0016199999999999548,False
2026-06-30T21:00:42.349774+00:00,#6740,France,1782853241932,0.88,0.88,0.88333,0.88333,0.0,0.0,0.0,0.0,0.0,0.003329999999999944,0.003329999999999944,False
2026-06-30T21:00:42.349849+00:00,#6741,Sweden,1782853241932,0.11667,0.11667,0.12,0.12,0.0,0.0,0.0,0.0,0.0,0.0033299999999999996,0.0033299999999999996,False
2026-06-30T21:00:42.889318+00:00,#1890,france_champion_yes,1782853242435,0.2852,0.2852,0.29437,0.30336,0.0,2721.0,0.0,899.9252799999999,0.004494999999999971,0.009170000000000011,0.01816000000000001,True
2026-06-30T21:00:42.889580+00:00,#1891,france_champion_no,1782853242435,0.70563,0.69664,0.7148,0.7148,2721.0,0.0,1821.0747200000005,0.0,-0.004495000000000027,0.009170000000000011,0.018159999999999954,True
2026-06-30T21:00:42.889719+00:00,#2130,sweden_champion_yes,1782853242435,0.00063,0.00063,0.00225,0.00225,0.0,0.0,0.0,0.0,0.0,0.00162,0.00162,False
2026-06-30T21:00:42.889833+00:00,#2131,sweden_champion_no,1782853242435,0.99775,0.99775,0.99937,0.99937,0.0,0.0,0.0,0.0,0.0,0.0016199999999999548,0.0016199999999999548,False
2026-06-30T21:00:42.889977+00:00,#6740,France,1782853242435,0.88,0.88,0.88333,0.88333,-6654.0,0.0,-5824.68,0.0,0.0,0.003329999999999944,0.003329999999999944,True
2026-06-30T21:00:42.890116+00:00,#6741,Sweden,1782853242435,0.11667,0.11667,0.12,0.12,0.0,-6654.0,0.0,-829.32,0.0,0.0033299999999999996,0.0033299999999999996,True
2026-06-30T21:00:43.504123+00:00,#1890,france_champion_yes,1782853242967,0.2852,0.2852,0.30336,0.30336,0.0,0.0,0.0,0.0,0.0,0.01816000000000001,0.01816000000000001,False
2026-06-30T21:00:43.504432+00:00,#1891,france_champion_no,1782853242967,0.69664,0.69664,0.7148,0.7148,0.0,0.0,0.0,0.0,0.0,0.018159999999999954,0.018159999999999954,False
2026-06-30T21:00:43.504592+00:00,#2130,sweden_champion_yes,1782853242967,0.00063,0.00063,0.00225,0.00225,0.0,0.0,0.0,0.0,0.0,0.00162,0.00162,False
2026-06-30T21:00:43.504732+00:00,#2131,sweden_champion_no,1782853242967,0.99775,0.99775,0.99937,0.99937,0.0,0.0,0.0,0.0,0.0,0.0016199999999999548,0.0016199999999999548,False
2026-06-30T21:00:43.504904+00:00,#6740,France,1782853242967,0.88,0.88,0.88333,0.88333,7200.0,0.0,6325.872000000001,0.0,0.0,0.003329999999999944,0.003329999999999944,True
2026-06-30T21:00:43.505045+00:00,#6741,Sweden,1782853242967,0.11667,0.11667,0.12,0.12,0.0,7200.0,0.0,874.128,0.0,0.0033299999999999996,0.0033299999999999996,True
2026-06-30T21:00:44.280770+00:00,#1890,france_champion_yes,1782853243558,0.2852,0.2852,0.30336,0.30336,0.0,0.0,0.0,0.0,0.0,0.01816000000000001,0.01816000000000001,False
2026-06-30T21:00:44.280891+00:00,#1891,france_champion_no,1782853243558,0.69664,0.69664,0.7148,0.7148,0.0,0.0,0.0,0.0,0.0,0.018159999999999954,0.018159999999999954,False
2026-06-30T21:00:44.280979+00:00,#2130,sweden_champion_yes,1782853243558,0.00063,0.00063,0.00225,0.00225,0.0,0.0,0.0,0.0,0.0,0.00162,0.00162,False
2026-06-30T21:00:44.281055+00:00,#2131,sweden_champion_no,1782853243558,0.99775,0.99775,0.99937,0.99937,0.0,0.0,0.0,0.0,0.0,0.0016199999999999548,0.0016199999999999548,False
2026-06-30T21:00:44.281128+00:00,#6740,France,1782853243558,0.88,0.88,0.88333,0.88333,2081.0,0.0,1837.1209999999974,0.0,0.0,0.003329999999999944,0.003329999999999944,True
2026-06-30T21:00:44.281220+00:00,#6741,Sweden,1782853243558,0.11667,0.11667,0.12,0.12,0.0,2081.0,0.0,243.87899999999968,0.0,0.0033299999999999996,0.0033299999999999996,True
2026-06-30T21:00:44.526929+00:00,#1890,france_champion_yes,1782853244111,0.2852,0.2852,0.30336,0.30336,0.0,0.0,0.0,0.0,0.0,0.01816000000000001,0.01816000000000001,False
2026-06-30T21:00:44.527116+00:00,#1891,france_champion_no,1782853244111,0.69664,0.69664,0.7148,0.7148,0.0,0.0,0.0,0.0,0.0,0.018159999999999954,0.018159999999999954,False
2026-06-30T21:00:44.527205+00:00,#2130,sweden_champion_yes,1782853244111,0.00063,0.00063,0.00225,0.00225,0.0,0.0,0.0,0.0,0.0,0.00162,0.00162,False
2026-06-30T21:00:44.527283+00:00,#2131,sweden_champion_no,1782853244111,0.99775,0.99775,0.99937,0.99937,0.0,0.0,0.0,0.0,0.0,0.0016199999999999548,0.0016199999999999548,False
2026-06-30T21:00:44.527365+00:00,#6740,France,1782853244111,0.88,0.88,0.88333,0.88333,0.0,0.0,0.0,0.0,0.0,0.003329999999999944,0.003329999999999944,False
2026-06-30T21:00:44.527468+00:00,#6741,Sweden,1782853244111,0.11667,0.11667,0.12,0.12,0.0,0.0,0.0,0.0,0.0,0.0033299999999999996,0.0033299999999999996,False
2026-06-30T21:00:45.026677+00:00,#1890,france_champion_yes,1782853244597,0.2852,0.2852,0.30336,0.30336,0.0,0.0,0.0,0.0,0.0,0.01816000000000001,0.01816000000000001,False
2026-06-30T21:00:45.026865+00:00,#1891,france_champion_no,1782853244597,0.69664,0.69664,0.7148,0.7148,0.0,0.0,0.0,0.0,0.0,0.018159999999999954,0.018159999999999954,False
2026-06-30T21:00:45.026955+00:00,#2130,sweden_champion_yes,1782853244597,0.00063,0.00063,0.00225,0.00225,0.0,0.0,0.0,0.0,0.0,0.00162,0.00162,False
2026-06-30T21:00:45.027033+00:00,#2131,sweden_champion_no,1782853244597,0.99775,0.99775,0.99937,0.99937,0.0,0.0,0.0,0.0,0.0,0.0016199999999999548,0.0016199999999999548,False
2026-06-30T21:00:45.027106+00:00,#6740,France,1782853244597,0.88,0.88,0.88333,0.88333,0.0,0.0,0.0,0.0,0.0,0.003329999999999944,0.003329999999999944,False
2026-06-30T21:00:45.027183+00:00,#6741,Sweden,1782853244597,0.11667,0.11667,0.12,0.12,0.0,0.0,0.0,0.0,0.0,0.0033299999999999996,0.0033299999999999996,False
2026-06-30T21:00:45.618635+00:00,#1890,france_champion_yes,1782853245116,0.2852,0.2852,0.30336,0.30336,0.0,0.0,0.0,0.0,0.0,0.01816000000000001,0.01816000000000001,False
2026-06-30T21:00:45.618839+00:00,#1891,france_champion_no,1782853245116,0.69664,0.69664,0.7148,0.7148,0.0,0.0,0.0,0.0,0.0,0.018159999999999954,0.018159999999999954,False
2026-06-30T21:00:45.618941+00:00,#2130,sweden_champion_yes,1782853245116,0.00063,0.00063,0.00225,0.00225,0.0,0.0,0.0,0.0,0.0,0.00162,0.00162,False
2026-06-30T21:00:45.619060+00:00,#2131,sweden_champion_no,1782853245116,0.99775,0.99775,0.99937,0.99937,0.0,0.0,0.0,0.0,0.0,0.0016199999999999548,0.0016199999999999548,False
2026-06-30T21:00:45.619171+00:00,#6740,France,1782853245116,0.88,0.88,0.88333,0.88333,0.0,0.0,-15.074999999998909,0.0,0.0,0.003329999999999944,0.003329999999999944,False
2026-06-30T21:00:45.619299+00:00,#6741,Sweden,1782853245116,0.11667,0.11667,0.12,0.12,0.0,0.0,0.0,15.075000000000045,0.0,0.0033299999999999996,0.0033299999999999996,False
2026-06-30T21:00:46.090669+00:00,#1890,france_champion_yes,1782853245644,0.2852,0.2852,0.30336,0.30336,0.0,0.0,0.0,0.0,0.0,0.01816000000000001,0.01816000000000001,False
2026-06-30T21:00:46.090905+00:00,#1891,france_champion_no,1782853245644,0.69664,0.69664,0.7148,0.7148,0.0,0.0,0.0,0.0,0.0,0.018159999999999954,0.018159999999999954,False
2026-06-30T21:00:46.091014+00:00,#2130,sweden_champion_yes,1782853245644,0.00063,0.00063,0.00225,0.00225,0.0,0.0,0.0,0.0,0.0,0.00162,0.00162,False
2026-06-30T21:00:46.091110+00:00,#2131,sweden_champion_no,1782853245644,0.99775,0.99775,0.99937,0.99937,0.0,0.0,0.0,0.0,0.0,0.0016199999999999548,0.0016199999999999548,False
2026-06-30T21:00:46.091196+00:00,#6740,France,1782853245644,0.88,0.88,0.88333,0.88333,0.0,0.0,0.0,0.0,0.0,0.003329999999999944,0.003329999999999944,False
2026-06-30T21:00:46.091281+00:00,#6741,Sweden,1782853245644,0.11667,0.11667,0.12,0.12,0.0,0.0,0.0,0.0,0.0,0.0033299999999999996,0.0033299999999999996,False
2026-06-30T21:00:46.577397+00:00,#1890,france_champion_yes,1782853246182,0.2852,0.2852,0.30336,0.30336,0.0,0.0,0.0,0.0,0.0,0.01816000000000001,0.01816000000000001,False
2026-06-30T21:00:46.577589+00:00,#1891,france_champion_no,1782853246182,0.69664,0.69664,0.7148,0.7148,0.0,0.0,0.0,0.0,0.0,0.018159999999999954,0.018159999999999954,False
2026-06-30T21:00:46.577683+00:00,#2130,sweden_champion_yes,1782853246182,0.00063,0.00063,0.00225,0.00225,0.0,0.0,0.0,0.0,0.0,0.00162,0.00162,False
2026-06-30T21:00:46.577767+00:00,#2131,sweden_champion_no,1782853246182,0.99775,0.99775,0.99937,0.99937,0.0,0.0,0.0,0.0,0.0,0.0016199999999999548,0.0016199999999999548,False
2026-06-30T21:00:46.577839+00:00,#6740,France,1782853246182,0.88,0.88,0.88333,0.88333,0.0,0.0,0.0,0.0,0.0,0.003329999999999944,0.003329999999999944,False
2026-06-30T21:00:46.577914+00:00,#6741,Sweden,1782853246182,0.11667,0.11667,0.12,0.12,0.0,0.0,0.0,0.0,0.0,0.0033299999999999996,0.0033299999999999996,False
2026-06-30T21:00:47.124503+00:00,#1890,france_champion_yes,1782853246720,0.2852,0.2852,0.30336,0.30336,0.0,50.0,0.0,15.168000000000575,0.0,0.01816000000000001,0.01816000000000001,False
2026-06-30T21:00:47.124721+00:00,#1891,france_champion_no,1782853246720,0.69664,0.69664,0.7148,0.7148,50.0,0.0,34.832000000000335,0.0,0.0,0.018159999999999954,0.018159999999999954,False
2026-06-30T21:00:47.124810+00:00,#2130,sweden_champion_yes,1782853246720,0.00063,0.00063,0.00225,0.00225,0.0,0.0,0.0,0.0,0.0,0.00162,0.00162,False
2026-06-30T21:00:47.124886+00:00,#2131,sweden_champion_no,1782853246720,0.99775,0.99775,0.99937,0.99937,0.0,0.0,0.0,0.0,0.0,0.0016199999999999548,0.0016199999999999548,False
2026-06-30T21:00:47.124960+00:00,#6740,France,1782853246720,0.88,0.88,0.88333,0.88333,0.0,0.0,0.0,0.0,0.0,0.003329999999999944,0.003329999999999944,False
2026-06-30T21:00:47.125046+00:00,#6741,Sweden,1782853246720,0.11667,0.11667,0.12,0.12,0.0,0.0,0.0,0.0,0.0,0.0033299999999999996,0.0033299999999999996,False
2026-06-30T21:00:47.697898+00:00,#1890,france_champion_yes,1782853247258,0.2852,0.2852,0.30336,0.30336,0.0,0.0,0.0,0.0,0.0,0.01816000000000001,0.01816000000000001,False
2026-06-30T21:00:47.698076+00:00,#1891,france_champion_no,1782853247258,0.69664,0.69664,0.7148,0.7148,0.0,0.0,0.0,0.0,0.0,0.018159999999999954,0.018159999999999954,False
2026-06-30T21:00:47.698163+00:00,#2130,sweden_champion_yes,1782853247258,0.00063,0.00063,0.00225,0.00225,0.0,0.0,0.0,0.0,0.0,0.00162,0.00162,False
2026-06-30T21:00:47.698245+00:00,#2131,sweden_champion_no,1782853247258,0.99775,0.99775,0.99937,0.99937,0.0,0.0,0.0,0.0,0.0,0.0016199999999999548,0.0016199999999999548,False
2026-06-30T21:00:47.698324+00:00,#6740,France,1782853247258,0.88,0.88,0.88333,0.88333,0.0,0.0,0.0,0.0,0.0,0.003329999999999944,0.003329999999999944,False
2026-06-30T21:00:47.698414+00:00,#6741,Sweden,1782853247258,0.11667,0.11667,0.12,0.12,0.0,0.0,0.0,0.0,0.0,0.0033299999999999996,0.0033299999999999996,False
2026-06-30T21:00:48.338831+00:00,#1890,france_champion_yes,1782853247817,0.2852,0.2852,0.30336,0.30336,0.0,0.0,0.0,0.0,0.0,0.01816000000000001,0.01816000000000001,False
2026-06-30T21:00:48.338961+00:00,#1891,france_champion_no,1782853247817,0.69664,0.69664,0.7148,0.7148,0.0,0.0,0.0,0.0,0.0,0.018159999999999954,0.018159999999999954,False
2026-06-30T21:00:48.339069+00:00,#2130,sweden_champion_yes,1782853247817,0.00063,0.00063,0.00225,0.00225,0.0,0.0,0.0,0.0,0.0,0.00162,0.00162,False
2026-06-30T21:00:48.339154+00:00,#2131,sweden_champion_no,1782853247817,0.99775,0.99775,0.99937,0.99937,0.0,0.0,0.0,0.0,0.0,0.0016199999999999548,0.0016199999999999548,False
2026-06-30T21:00:48.339236+00:00,#6740,France,1782853247817,0.88,0.88,0.88333,0.88333,0.0,0.0,0.0,0.0,0.0,0.003329999999999944,0.003329999999999944,False
2026-06-30T21:00:48.339321+00:00,#6741,Sweden,1782853247817,0.11667,0.11667,0.12,0.12,0.0,0.0,0.0,0.0,0.0,0.0033299999999999996,0.0033299999999999996,False
2026-06-30T21:00:48.772597+00:00,#1890,france_champion_yes,1782853248379,0.2852,0.2852,0.30336,0.30336,0.0,0.0,0.0,0.0,0.0,0.01816000000000001,0.01816000000000001,False
2026-06-30T21:00:48.772811+00:00,#1891,france_champion_no,1782853248379,0.69664,0.69664,0.7148,0.7148,0.0,0.0,0.0,0.0,0.0,0.018159999999999954,0.018159999999999954,False
2026-06-30T21:00:48.772904+00:00,#2130,sweden_champion_yes,1782853248379,0.00063,0.00063,0.00225,0.00225,0.0,0.0,0.0,0.0,0.0,0.00162,0.00162,False
2026-06-30T21:00:48.772979+00:00,#2131,sweden_champion_no,1782853248379,0.99775,0.99775,0.99937,0.99937,0.0,0.0,0.0,0.0,0.0,0.0016199999999999548,0.0016199999999999548,False
2026-06-30T21:00:48.773053+00:00,#6740,France,1782853248379,0.88,0.88,0.88333,0.88333,0.0,0.0,0.0,0.0,0.0,0.003329999999999944,0.003329999999999944,False
2026-06-30T21:00:48.773129+00:00,#6741,Sweden,1782853248379,0.11667,0.11667,0.12,0.12,0.0,0.0,0.0,0.0,0.0,0.0033299999999999996,0.0033299999999999996,False
2026-06-30T21:00:49.718391+00:00,#1890,france_champion_yes,1782853248937,0.2852,0.2852,0.30336,0.30336,0.0,0.0,0.0,0.0,0.0,0.01816000000000001,0.01816000000000001,False
2026-06-30T21:00:49.718502+00:00,#1891,france_champion_no,1782853248937,0.69664,0.69664,0.7148,0.7148,0.0,0.0,0.0,0.0,0.0,0.018159999999999954,0.018159999999999954,False
2026-06-30T21:00:49.718588+00:00,#2130,sweden_champion_yes,1782853248937,0.00063,0.00063,0.00225,0.00225,0.0,0.0,0.0,0.0,0.0,0.00162,0.00162,False
2026-06-30T21:00:49.718665+00:00,#2131,sweden_champion_no,1782853248937,0.99775,0.99775,0.99937,0.99937,0.0,0.0,0.0,0.0,0.0,0.0016199999999999548,0.0016199999999999548,False
2026-06-30T21:00:49.718736+00:00,#6740,France,1782853248937,0.88,0.88,0.88333,0.88333,0.0,0.0,0.0,0.0,0.0,0.003329999999999944,0.003329999999999944,False
2026-06-30T21:00:49.718810+00:00,#6741,Sweden,1782853248937,0.11667,0.11667,0.12,0.12,0.0,0.0,0.0,0.0,0.0,0.0033299999999999996,0.0033299999999999996,False
2026-06-30T21:00:49.884439+00:00,#1890,france_champion_yes,1782853249490,0.2852,0.2852,0.30336,0.30336,0.0,0.0,0.0,0.0,0.0,0.01816000000000001,0.01816000000000001,False
2026-06-30T21:00:49.884649+00:00,#1891,france_champion_no,1782853249490,0.69664,0.69664,0.7148,0.7148,0.0,0.0,0.0,0.0,0.0,0.018159999999999954,0.018159999999999954,False
2026-06-30T21:00:49.884738+00:00,#2130,sweden_champion_yes,1782853249490,0.00063,0.00063,0.00225,0.00225,0.0,0.0,0.0,0.0,0.0,0.00162,0.00162,False
2026-06-30T21:00:49.884813+00:00,#2131,sweden_champion_no,1782853249490,0.99775,0.99775,0.99937,0.99937,0.0,0.0,0.0,0.0,0.0,0.0016199999999999548,0.0016199999999999548,False
2026-06-30T21:00:49.884886+00:00,#6740,France,1782853249490,0.88,0.88,0.88333,0.88333,0.0,0.0,0.0,0.0,0.0,0.003329999999999944,0.003329999999999944,False
2026-06-30T21:00:49.884976+00:00,#6741,Sweden,1782853249490,0.11667,0.11667,0.12,0.12,0.0,0.0,0.0,0.0,0.0,0.0033299999999999996,0.0033299999999999996,False
2026-06-30T21:00:50.549736+00:00,#1890,france_champion_yes,1782853250094,0.2852,0.2852,0.30336,0.30336,0.0,0.0,0.0,0.0,0.0,0.01816000000000001,0.01816000000000001,False
2026-06-30T21:00:50.549926+00:00,#1891,france_champion_no,1782853250094,0.69664,0.69664,0.7148,0.7148,0.0,0.0,0.0,0.0,0.0,0.018159999999999954,0.018159999999999954,False
2026-06-30T21:00:50.550021+00:00,#2130,sweden_champion_yes,1782853250094,0.00063,0.00063,0.00225,0.00225,0.0,0.0,0.0,0.0,0.0,0.00162,0.00162,False
2026-06-30T21:00:50.550103+00:00,#2131,sweden_champion_no,1782853250094,0.99775,0.99775,0.99937,0.99937,0.0,0.0,0.0,0.0,0.0,0.0016199999999999548,0.0016199999999999548,False
2026-06-30T21:00:50.550176+00:00,#6740,France,1782853250094,0.88,0.88,0.88333,0.88333,0.0,0.0,0.0,0.0,0.0,0.003329999999999944,0.003329999999999944,False
2026-06-30T21:00:50.550252+00:00,#6741,Sweden,1782853250094,0.11667,0.11667,0.12,0.12,0.0,0.0,0.0,0.0,0.0,0.0033299999999999996,0.0033299999999999996,False
2026-06-30T21:00:51.059124+00:00,#1890,france_champion_yes,1782853250575,0.2852,0.2852,0.30336,0.30336,0.0,0.0,0.0,0.0,0.0,0.01816000000000001,0.01816000000000001,False
2026-06-30T21:00:51.059334+00:00,#1891,france_champion_no,1782853250575,0.69664,0.69664,0.7148,0.7148,0.0,0.0,0.0,0.0,0.0,0.018159999999999954,0.018159999999999954,False
2026-06-30T21:00:51.059437+00:00,#2130,sweden_champion_yes,1782853250575,0.00063,0.00063,0.00225,0.00225,0.0,0.0,0.0,0.0,0.0,0.00162,0.00162,False
2026-06-30T21:00:51.059517+00:00,#2131,sweden_champion_no,1782853250575,0.99775,0.99775,0.99937,0.99937,0.0,0.0,0.0,0.0,0.0,0.0016199999999999548,0.0016199999999999548,False
2026-06-30T21:00:51.059596+00:00,#6740,France,1782853250575,0.88,0.88,0.88333,0.88333,0.0,0.0,0.0,0.0,0.0,0.003329999999999944,0.003329999999999944,False
2026-06-30T21:00:51.059670+00:00,#6741,Sweden,1782853250575,0.11667,0.11667,0.12,0.12,0.0,0.0,0.0,0.0,0.0,0.0033299999999999996,0.0033299999999999996,False
2026-06-30T21:00:51.571442+00:00,#1890,france_champion_yes,1782853251114,0.2852,0.2852,0.30336,0.30336,0.0,0.0,0.0,0.0,0.0,0.01816000000000001,0.01816000000000001,False
2026-06-30T21:00:51.571665+00:00,#1891,france_champion_no,1782853251114,0.69664,0.69664,0.7148,0.7148,0.0,0.0,0.0,0.0,0.0,0.018159999999999954,0.018159999999999954,False
2026-06-30T21:00:51.571760+00:00,#2130,sweden_champion_yes,1782853251114,0.00063,0.00063,0.00225,0.00225,0.0,0.0,0.0,0.0,0.0,0.00162,0.00162,False
2026-06-30T21:00:51.571838+00:00,#2131,sweden_champion_no,1782853251114,0.99775,0.99775,0.99937,0.99937,0.0,0.0,0.0,0.0,0.0,0.0016199999999999548,0.0016199999999999548,False
2026-06-30T21:00:51.571911+00:00,#6740,France,1782853251114,0.88,0.88,0.88333,0.88333,0.0,0.0,0.0,0.0,0.0,0.003329999999999944,0.003329999999999944,False
2026-06-30T21:00:51.571989+00:00,#6741,Sweden,1782853251114,0.11667,0.11667,0.12,0.12,0.0,0.0,0.0,0.0,0.0,0.0033299999999999996,0.0033299999999999996,False
2026-06-30T21:00:52.060552+00:00,#1890,france_champion_yes,1782853251649,0.2852,0.2852,0.30336,0.30336,0.0,0.0,0.0,0.0,0.0,0.01816000000000001,0.01816000000000001,False
2026-06-30T21:00:52.060739+00:00,#1891,france_champion_no,1782853251649,0.69664,0.69664,0.7148,0.7148,0.0,0.0,0.0,0.0,0.0,0.018159999999999954,0.018159999999999954,False
2026-06-30T21:00:52.060828+00:00,#2130,sweden_champion_yes,1782853251649,0.00063,0.00063,0.00225,0.00225,0.0,0.0,0.0,0.0,0.0,0.00162,0.00162,False
2026-06-30T21:00:52.060903+00:00,#2131,sweden_champion_no,1782853251649,0.99775,0.99775,0.99937,0.99937,0.0,0.0,0.0,0.0,0.0,0.0016199999999999548,0.0016199999999999548,False
2026-06-30T21:00:52.060993+00:00,#6740,France,1782853251649,0.88,0.88,0.88333,0.88333,0.0,0.0,0.0,0.0,0.0,0.003329999999999944,0.003329999999999944,False
2026-06-30T21:00:52.061076+00:00,#6741,Sweden,1782853251649,0.11667,0.11667,0.12,0.12,0.0,0.0,0.0,0.0,0.0,0.0033299999999999996,0.0033299999999999996,False
2026-06-30T21:00:52.559374+00:00,#1890,france_champion_yes,1782853252186,0.2852,0.2852,0.30336,0.30336,0.0,0.0,0.0,0.0,0.0,0.01816000000000001,0.01816000000000001,False
2026-06-30T21:00:52.559623+00:00,#1891,france_champion_no,1782853252186,0.69664,0.69664,0.7148,0.7148,0.0,0.0,0.0,0.0,0.0,0.018159999999999954,0.018159999999999954,False
2026-06-30T21:00:52.559718+00:00,#2130,sweden_champion_yes,1782853252186,0.00063,0.00063,0.00225,0.00225,0.0,0.0,0.0,0.0,0.0,0.00162,0.00162,False
2026-06-30T21:00:52.559794+00:00,#2131,sweden_champion_no,1782853252186,0.99775,0.99775,0.99937,0.99937,0.0,0.0,0.0,0.0,0.0,0.0016199999999999548,0.0016199999999999548,False
2026-06-30T21:00:52.559871+00:00,#6740,France,1782853252186,0.88,0.88,0.88333,0.88333,0.0,0.0,0.0,0.0,0.0,0.003329999999999944,0.003329999999999944,False
2026-06-30T21:00:52.559952+00:00,#6741,Sweden,1782853252186,0.11667,0.11667,0.12,0.12,0.0,0.0,0.0,0.0,0.0,0.0033299999999999996,0.0033299999999999996,False
2026-06-30T21:00:53.091630+00:00,#1890,france_champion_yes,1782853252699,0.2852,0.2852,0.30336,0.30336,0.0,0.0,0.0,0.0,0.0,0.01816000000000001,0.01816000000000001,False
2026-06-30T21:00:53.091842+00:00,#1891,france_champion_no,1782853252699,0.69664,0.69664,0.7148,0.7148,0.0,0.0,0.0,0.0,0.0,0.018159999999999954,0.018159999999999954,False
2026-06-30T21:00:53.091931+00:00,#2130,sweden_champion_yes,1782853252699,0.00063,0.00063,0.00225,0.00225,0.0,0.0,0.0,0.0,0.0,0.00162,0.00162,False
2026-06-30T21:00:53.092007+00:00,#2131,sweden_champion_no,1782853252699,0.99775,0.99775,0.99937,0.99937,0.0,0.0,0.0,0.0,0.0,0.0016199999999999548,0.0016199999999999548,False
2026-06-30T21:00:53.092089+00:00,#6740,France,1782853252699,0.88,0.88,0.88333,0.88333,0.0,0.0,0.0,0.0,0.0,0.003329999999999944,0.003329999999999944,False
2026-06-30T21:00:53.092172+00:00,#6741,Sweden,1782853252699,0.11667,0.11667,0.12,0.12,0.0,0.0,0.0,0.0,0.0,0.0033299999999999996,0.0033299999999999996,False
2026-06-30T21:00:53.780332+00:00,#1890,france_champion_yes,1782853253266,0.2852,0.2852,0.30336,0.30336,0.0,0.0,0.0,0.0,0.0,0.01816000000000001,0.01816000000000001,False
2026-06-30T21:00:53.780543+00:00,#1891,france_champion_no,1782853253266,0.69664,0.69664,0.7148,0.7148,0.0,0.0,0.0,0.0,0.0,0.018159999999999954,0.018159999999999954,False
2026-06-30T21:00:53.780687+00:00,#2130,sweden_champion_yes,1782853253266,0.00063,0.00063,0.00225,0.00225,0.0,0.0,0.0,0.0,0.0,0.00162,0.00162,False
2026-06-30T21:00:53.780798+00:00,#2131,sweden_champion_no,1782853253266,0.99775,0.99775,0.99937,0.99937,0.0,0.0,0.0,0.0,0.0,0.0016199999999999548,0.0016199999999999548,False
2026-06-30T21:00:53.780897+00:00,#6740,France,1782853253266,0.88,0.88,0.88333,0.8817,0.0,88.0,0.0,76.54800000000068,-0.0008149999999998991,0.003329999999999944,0.0017000000000000348,False
2026-06-30T21:00:53.780987+00:00,#6741,Sweden,1782853253266,0.11667,0.1183,0.12,0.12,88.0,0.0,11.451999999999998,0.0,0.0008150000000000102,0.0033299999999999996,0.0016999999999999932,False
2026-06-30T21:00:54.390465+00:00,#1890,france_champion_yes,1782853253806,0.2852,0.2852,0.30336,0.30336,0.0,0.0,0.0,0.0,0.0,0.01816000000000001,0.01816000000000001,False
2026-06-30T21:00:54.390588+00:00,#1891,france_champion_no,1782853253806,0.69664,0.69664,0.7148,0.7148,0.0,0.0,0.0,0.0,0.0,0.018159999999999954,0.018159999999999954,False
2026-06-30T21:00:54.390674+00:00,#2130,sweden_champion_yes,1782853253806,0.00063,0.00063,0.00225,0.00225,0.0,0.0,0.0,0.0,0.0,0.00162,0.00162,False
2026-06-30T21:00:54.390773+00:00,#2131,sweden_champion_no,1782853253806,0.99775,0.99775,0.99937,0.99937,0.0,0.0,0.0,0.0,0.0,0.0016199999999999548,0.0016199999999999548,False
2026-06-30T21:00:54.390855+00:00,#6740,France,1782853253806,0.88,0.88,0.8817,0.8817,0.0,0.0,0.0,0.0,0.0,0.0017000000000000348,0.0017000000000000348,False
2026-06-30T21:00:54.390928+00:00,#6741,Sweden,1782853253806,0.1183,0.1183,0.12,0.12,0.0,0.0,0.0,0.0,0.0,0.0016999999999999932,0.0016999999999999932,False
2026-06-30T21:00:54.871980+00:00,#1890,france_champion_yes,1782853254363,0.2852,0.2852,0.30336,0.30336,0.0,0.0,0.0,0.0,0.0,0.01816000000000001,0.01816000000000001,False
2026-06-30T21:00:54.872192+00:00,#1891,france_champion_no,1782853254363,0.69664,0.69664,0.7148,0.7148,0.0,0.0,0.0,0.0,0.0,0.018159999999999954,0.018159999999999954,False
2026-06-30T21:00:54.872280+00:00,#2130,sweden_champion_yes,1782853254363,0.00063,0.00063,0.00225,0.00225,0.0,0.0,0.0,0.0,0.0,0.00162,0.00162,False
2026-06-30T21:00:54.872354+00:00,#2131,sweden_champion_no,1782853254363,0.99775,0.99775,0.99937,0.99937,0.0,0.0,0.0,0.0,0.0,0.0016199999999999548,0.0016199999999999548,False
2026-06-30T21:00:54.872454+00:00,#6740,France,1782853254363,0.88,0.88,0.8817,0.8817,0.0,0.0,0.0,0.0,0.0,0.0017000000000000348,0.0017000000000000348,False
2026-06-30T21:00:54.872541+00:00,#6741,Sweden,1782853254363,0.1183,0.1183,0.12,0.12,0.0,0.0,0.0,0.0,0.0,0.0016999999999999932,0.0016999999999999932,False
2026-06-30T21:00:57.084366+00:00,#1890,france_champion_yes,1782853254899,0.2852,0.2852,0.30336,0.30336,0.0,0.0,0.0,0.0,0.0,0.01816000000000001,0.01816000000000001,False
2026-06-30T21:00:57.084515+00:00,#1891,france_champion_no,1782853254899,0.69664,0.69664,0.7148,0.7148,0.0,0.0,0.0,0.0,0.0,0.018159999999999954,0.018159999999999954,False
2026-06-30T21:00:57.084600+00:00,#2130,sweden_champion_yes,1782853254899,0.00063,0.00063,0.00225,0.00225,0.0,0.0,0.0,0.0,0.0,0.00162,0.00162,False
2026-06-30T21:00:57.084678+00:00,#2131,sweden_champion_no,1782853254899,0.99775,0.99775,0.99937,0.99937,0.0,0.0,0.0,0.0,0.0,0.0016199999999999548,0.0016199999999999548,False
2026-06-30T21:00:57.084751+00:00,#6740,France,1782853254899,0.88,0.88,0.8817,0.8817,0.0,0.0,0.0,0.0,0.0,0.0017000000000000348,0.0017000000000000348,False
2026-06-30T21:00:57.084827+00:00,#6741,Sweden,1782853254899,0.1183,0.1183,0.12,0.12,0.0,0.0,0.0,0.0,0.0,0.0016999999999999932,0.0016999999999999932,False
2026-06-30T21:00:57.084969+00:00,#1890,france_champion_yes,1782853255455,0.2852,0.2852,0.30336,0.30336,0.0,0.0,0.0,0.0,0.0,0.01816000000000001,0.01816000000000001,False
2026-06-30T21:00:57.085042+00:00,#1891,france_champion_no,1782853255455,0.69664,0.69664,0.7148,0.7148,0.0,0.0,0.0,0.0,0.0,0.018159999999999954,0.018159999999999954,False
2026-06-30T21:00:57.085114+00:00,#2130,sweden_champion_yes,1782853255455,0.00063,0.00063,0.00225,0.00225,0.0,0.0,0.0,0.0,0.0,0.00162,0.00162,False
2026-06-30T21:00:57.085181+00:00,#2131,sweden_champion_no,1782853255455,0.99775,0.99775,0.99937,0.99937,0.0,0.0,0.0,0.0,0.0,0.0016199999999999548,0.0016199999999999548,False
2026-06-30T21:00:57.085250+00:00,#6740,France,1782853255455,0.88,0.88,0.8817,0.8817,0.0,0.0,0.0,0.0,0.0,0.0017000000000000348,0.0017000000000000348,False
2026-06-30T21:00:57.085322+00:00,#6741,Sweden,1782853255455,0.1183,0.1183,0.12,0.12,0.0,0.0,0.0,0.0,0.0,0.0016999999999999932,0.0016999999999999932,False
2026-06-30T21:00:57.085450+00:00,#1890,france_champion_yes,1782853255993,0.2852,0.2852,0.30336,0.30336,0.0,0.0,0.0,0.0,0.0,0.01816000000000001,0.01816000000000001,False
2026-06-30T21:00:57.085522+00:00,#1891,france_champion_no,1782853255993,0.69664,0.69664,0.7148,0.7148,0.0,0.0,0.0,0.0,0.0,0.018159999999999954,0.018159999999999954,False
2026-06-30T21:00:57.085594+00:00,#2130,sweden_champion_yes,1782853255993,0.00063,0.00063,0.00225,0.00225,0.0,0.0,0.0,0.0,0.0,0.00162,0.00162,False
2026-06-30T21:00:57.085664+00:00,#2131,sweden_champion_no,1782853255993,0.99775,0.99775,0.99937,0.99937,0.0,0.0,0.0,0.0,0.0,0.0016199999999999548,0.0016199999999999548,False
2026-06-30T21:00:57.085733+00:00,#6740,France,1782853255993,0.88,0.88,0.8817,0.8817,0.0,0.0,0.0,0.0,0.0,0.0017000000000000348,0.0017000000000000348,False
2026-06-30T21:00:57.085805+00:00,#6741,Sweden,1782853255993,0.1183,0.1183,0.12,0.12,0.0,0.0,0.0,0.0,0.0,0.0016999999999999932,0.0016999999999999932,False
2026-06-30T21:00:57.085915+00:00,#1890,france_champion_yes,1782853256549,0.2852,0.2852,0.30336,0.29437,0.0,-2721.0,0.0,-899.9252800000004,-0.004494999999999971,0.01816000000000001,0.009170000000000011,True
2026-06-30T21:00:57.086012+00:00,#1891,france_champion_no,1782853256549,0.69664,0.70563,0.7148,0.7148,-2721.0,0.0,-1821.0747200000005,0.0,0.004495000000000027,0.018159999999999954,0.009170000000000011,True
2026-06-30T21:00:57.086106+00:00,#2130,sweden_champion_yes,1782853256549,0.00063,0.00063,0.00225,0.00225,0.0,0.0,0.0,0.0,0.0,0.00162,0.00162,False
2026-06-30T21:00:57.086175+00:00,#2131,sweden_champion_no,1782853256549,0.99775,0.99775,0.99937,0.99937,0.0,0.0,0.0,0.0,0.0,0.0016199999999999548,0.0016199999999999548,False
2026-06-30T21:00:57.086243+00:00,#6740,France,1782853256549,0.88,0.88,0.8817,0.8817,0.0,0.0,0.0,0.0,0.0,0.0017000000000000348,0.0017000000000000348,False
2026-06-30T21:00:57.086359+00:00,#6741,Sweden,1782853256549,0.1183,0.1183,0.12,0.12,0.0,0.0,0.0,0.0,0.0,0.0016999999999999932,0.0016999999999999932,False
2026-06-30T21:00:57.559920+00:00,#1890,france_champion_yes,1782853257151,0.2852,0.2852,0.29437,0.29437,0.0,0.0,0.0,0.0,0.0,0.009170000000000011,0.009170000000000011,False
2026-06-30T21:00:57.560109+00:00,#1891,france_champion_no,1782853257151,0.70563,0.70563,0.7148,0.7148,0.0,0.0,0.0,0.0,0.0,0.009170000000000011,0.009170000000000011,False
2026-06-30T21:00:57.560216+00:00,#2130,sweden_champion_yes,1782853257151,0.00063,0.00063,0.00225,0.00225,0.0,0.0,0.0,0.0,0.0,0.00162,0.00162,False
2026-06-30T21:00:57.560310+00:00,#2131,sweden_champion_no,1782853257151,0.99775,0.99775,0.99937,0.99937,0.0,0.0,0.0,0.0,0.0,0.0016199999999999548,0.0016199999999999548,False
2026-06-30T21:00:57.560394+00:00,#6740,France,1782853257151,0.88,0.88,0.8817,0.8817,0.0,0.0,0.0,0.0,0.0,0.0017000000000000348,0.0017000000000000348,False
2026-06-30T21:00:57.560486+00:00,#6741,Sweden,1782853257151,0.1183,0.1183,0.12,0.12,0.0,0.0,0.0,0.0,0.0,0.0016999999999999932,0.0016999999999999932,False
2026-06-30T21:00:58.046766+00:00,#1890,france_champion_yes,1782853257641,0.2852,0.2852,0.29437,0.29437,0.0,0.0,0.0,0.0,0.0,0.009170000000000011,0.009170000000000011,False
2026-06-30T21:00:58.046953+00:00,#1891,france_champion_no,1782853257641,0.70563,0.70563,0.7148,0.7148,0.0,0.0,0.0,0.0,0.0,0.009170000000000011,0.009170000000000011,False
2026-06-30T21:00:58.047049+00:00,#2130,sweden_champion_yes,1782853257641,0.00063,0.00063,0.00225,0.00225,0.0,0.0,0.0,0.0,0.0,0.00162,0.00162,False
2026-06-30T21:00:58.047130+00:00,#2131,sweden_champion_no,1782853257641,0.99775,0.99775,0.99937,0.99937,0.0,0.0,0.0,0.0,0.0,0.0016199999999999548,0.0016199999999999548,False
2026-06-30T21:00:58.047202+00:00,#6740,France,1782853257641,0.88,0.88,0.8817,0.8817,0.0,0.0,0.0,0.0,0.0,0.0017000000000000348,0.0017000000000000348,False
2026-06-30T21:00:58.047280+00:00,#6741,Sweden,1782853257641,0.1183,0.1183,0.12,0.12,0.0,0.0,0.0,0.0,0.0,0.0016999999999999932,0.0016999999999999932,False
2026-06-30T21:00:58.585107+00:00,#1890,france_champion_yes,1782853258163,0.2852,0.2852,0.29437,0.29437,0.0,0.0,0.0,0.0,0.0,0.009170000000000011,0.009170000000000011,False
2026-06-30T21:00:58.585296+00:00,#1891,france_champion_no,1782853258163,0.70563,0.70563,0.7148,0.7148,0.0,0.0,0.0,0.0,0.0,0.009170000000000011,0.009170000000000011,False
2026-06-30T21:00:58.585391+00:00,#2130,sweden_champion_yes,1782853258163,0.00063,0.00063,0.00225,0.00225,0.0,0.0,0.0,0.0,0.0,0.00162,0.00162,False
2026-06-30T21:00:58.585480+00:00,#2131,sweden_champion_no,1782853258163,0.99775,0.99775,0.99937,0.99937,0.0,0.0,0.0,0.0,0.0,0.0016199999999999548,0.0016199999999999548,False
2026-06-30T21:00:58.585554+00:00,#6740,France,1782853258163,0.88,0.88,0.8817,0.8817,0.0,0.0,0.0,0.0,0.0,0.0017000000000000348,0.0017000000000000348,False
2026-06-30T21:00:58.585642+00:00,#6741,Sweden,1782853258163,0.1183,0.1183,0.12,0.12,0.0,0.0,0.0,0.0,0.0,0.0016999999999999932,0.0016999999999999932,False
2026-06-30T21:00:59.500325+00:00,#1890,france_champion_yes,1782853258719,0.2852,0.2852,0.29437,0.29437,0.0,0.0,0.0,0.0,0.0,0.009170000000000011,0.009170000000000011,False
2026-06-30T21:00:59.500550+00:00,#1891,france_champion_no,1782853258719,0.70563,0.70563,0.7148,0.7148,0.0,0.0,0.0,0.0,0.0,0.009170000000000011,0.009170000000000011,False
2026-06-30T21:00:59.500638+00:00,#2130,sweden_champion_yes,1782853258719,0.00063,0.00063,0.00225,0.00225,0.0,0.0,0.0,0.0,0.0,0.00162,0.00162,False
2026-06-30T21:00:59.500714+00:00,#2131,sweden_champion_no,1782853258719,0.99775,0.99775,0.99937,0.99937,0.0,0.0,0.0,0.0,0.0,0.0016199999999999548,0.0016199999999999548,False
2026-06-30T21:00:59.500818+00:00,#6740,France,1782853258719,0.88,0.88,0.8817,0.8817,0.0,0.0,0.0,0.0,0.0,0.0017000000000000348,0.0017000000000000348,False
2026-06-30T21:00:59.500894+00:00,#6741,Sweden,1782853258719,0.1183,0.1183,0.12,0.12,0.0,0.0,0.0,0.0,0.0,0.0016999999999999932,0.0016999999999999932,False
2026-06-30T21:00:59.732003+00:00,#1890,france_champion_yes,1782853259266,0.2852,0.2852,0.29437,0.29437,0.0,0.0,0.0,0.0,0.0,0.009170000000000011,0.009170000000000011,False
2026-06-30T21:00:59.732245+00:00,#1891,france_champion_no,1782853259266,0.70563,0.70563,0.7148,0.7148,0.0,0.0,0.0,0.0,0.0,0.009170000000000011,0.009170000000000011,False
2026-06-30T21:00:59.732355+00:00,#2130,sweden_champion_yes,1782853259266,0.00063,0.00063,0.00225,0.00225,0.0,0.0,0.0,0.0,0.0,0.00162,0.00162,False
2026-06-30T21:00:59.732467+00:00,#2131,sweden_champion_no,1782853259266,0.99775,0.99775,0.99937,0.99937,0.0,0.0,0.0,0.0,0.0,0.0016199999999999548,0.0016199999999999548,False
2026-06-30T21:00:59.732555+00:00,#6740,France,1782853259266,0.88,0.88,0.8817,0.8817,0.0,0.0,0.0,0.0,0.0,0.0017000000000000348,0.0017000000000000348,False
2026-06-30T21:00:59.732640+00:00,#6741,Sweden,1782853259266,0.1183,0.1183,0.12,0.12,0.0,0.0,0.0,0.0,0.0,0.0016999999999999932,0.0016999999999999932,False
2026-06-30T21:01:00.309465+00:00,#1890,france_champion_yes,1782853259820,0.2852,0.2852,0.29437,0.29437,0.0,0.0,0.0,0.0,0.0,0.009170000000000011,0.009170000000000011,False
2026-06-30T21:01:00.309646+00:00,#1891,france_champion_no,1782853259820,0.70563,0.70563,0.7148,0.7148,0.0,0.0,0.0,0.0,0.0,0.009170000000000011,0.009170000000000011,False
2026-06-30T21:01:00.309732+00:00,#2130,sweden_champion_yes,1782853259820,0.00063,0.00063,0.00225,0.00225,0.0,0.0,0.0,0.0,0.0,0.00162,0.00162,False
2026-06-30T21:01:00.309807+00:00,#2131,sweden_champion_no,1782853259820,0.99775,0.99775,0.99937,0.99937,0.0,0.0,0.0,0.0,0.0,0.0016199999999999548,0.0016199999999999548,False
2026-06-30T21:01:00.309877+00:00,#6740,France,1782853259820,0.88,0.88,0.8817,0.8817,0.0,0.0,0.0,0.0,0.0,0.0017000000000000348,0.0017000000000000348,False
2026-06-30T21:01:00.309958+00:00,#6741,Sweden,1782853259820,0.1183,0.1183,0.12,0.12,0.0,0.0,0.0,0.0,0.0,0.0016999999999999932,0.0016999999999999932,False
2026-06-30T21:01:00.762867+00:00,#1890,france_champion_yes,1782853260379,0.2852,0.2852,0.29437,0.29437,0.0,0.0,0.0,0.0,0.0,0.009170000000000011,0.009170000000000011,False
2026-06-30T21:01:00.763128+00:00,#1891,france_champion_no,1782853260379,0.70563,0.70563,0.7148,0.7148,0.0,0.0,0.0,0.0,0.0,0.009170000000000011,0.009170000000000011,False
2026-06-30T21:01:00.763227+00:00,#2130,sweden_champion_yes,1782853260379,0.00063,0.00063,0.00225,0.00225,0.0,0.0,0.0,0.0,0.0,0.00162,0.00162,False
2026-06-30T21:01:00.763311+00:00,#2131,sweden_champion_no,1782853260379,0.99775,0.99775,0.99937,0.99937,0.0,0.0,0.0,0.0,0.0,0.0016199999999999548,0.0016199999999999548,False
2026-06-30T21:01:00.763392+00:00,#6740,France,1782853260379,0.88,0.88,0.8817,0.8817,0.0,0.0,0.0,0.0,0.0,0.0017000000000000348,0.0017000000000000348,False
2026-06-30T21:01:00.763491+00:00,#6741,Sweden,1782853260379,0.1183,0.1183,0.12,0.12,0.0,0.0,0.0,0.0,0.0,0.0016999999999999932,0.0016999999999999932,False
2026-06-30T21:01:01.417511+00:00,#1890,france_champion_yes,1782853260944,0.2852,0.2852,0.29437,0.29437,0.0,-50.0,0.0,-15.16800000000012,0.0,0.009170000000000011,0.009170000000000011,False
2026-06-30T21:01:01.417708+00:00,#1891,france_champion_no,1782853260944,0.70563,0.70563,0.7148,0.7148,-50.0,0.0,-34.832000000000335,0.0,0.0,0.009170000000000011,0.009170000000000011,False
2026-06-30T21:01:01.417805+00:00,#2130,sweden_champion_yes,1782853260944,0.00063,0.00063,0.00225,0.00225,0.0,0.0,0.0,0.0,0.0,0.00162,0.00162,False
2026-06-30T21:01:01.417889+00:00,#2131,sweden_champion_no,1782853260944,0.99775,0.99775,0.99937,0.99937,0.0,0.0,0.0,0.0,0.0,0.0016199999999999548,0.0016199999999999548,False
2026-06-30T21:01:01.417963+00:00,#6740,France,1782853260944,0.88,0.88,0.8817,0.8817,0.0,0.0,0.0,0.0,0.0,0.0017000000000000348,0.0017000000000000348,False
2026-06-30T21:01:01.418037+00:00,#6741,Sweden,1782853260944,0.1183,0.1183,0.12,0.12,0.0,0.0,0.0,0.0,0.0,0.0016999999999999932,0.0016999999999999932,False
2026-06-30T21:01:01.972163+00:00,#1890,france_champion_yes,1782853261480,0.2852,0.2852,0.29437,0.29437,0.0,0.0,0.0,0.0,0.0,0.009170000000000011,0.009170000000000011,False
2026-06-30T21:01:01.972427+00:00,#1891,france_champion_no,1782853261480,0.70563,0.70563,0.7148,0.7148,0.0,0.0,0.0,0.0,0.0,0.009170000000000011,0.009170000000000011,False
2026-06-30T21:01:01.972537+00:00,#2130,sweden_champion_yes,1782853261480,0.00063,0.00063,0.00225,0.00225,0.0,0.0,0.0,0.0,0.0,0.00162,0.00162,False
2026-06-30T21:01:01.972615+00:00,#2131,sweden_champion_no,1782853261480,0.99775,0.99775,0.99937,0.99937,0.0,0.0,0.0,0.0,0.0,0.0016199999999999548,0.0016199999999999548,False
2026-06-30T21:01:01.972721+00:00,#6740,France,1782853261480,0.88,0.88,0.8817,0.8817,0.0,-56.0,0.0,-49.375200000000405,0.0,0.0017000000000000348,0.0017000000000000348,False
2026-06-30T21:01:01.972800+00:00,#6741,Sweden,1782853261480,0.1183,0.1183,0.12,0.12,-56.0,0.0,-6.624799999999823,0.0,0.0,0.0016999999999999932,0.0016999999999999932,False
2026-06-30T21:01:02.507128+00:00,#1890,france_champion_yes,1782853262068,0.2852,0.2852,0.29437,0.29437,0.0,0.0,0.0,0.0,0.0,0.009170000000000011,0.009170000000000011,False
2026-06-30T21:01:02.507321+00:00,#1891,france_champion_no,1782853262068,0.70563,0.70563,0.7148,0.7148,0.0,0.0,0.0,0.0,0.0,0.009170000000000011,0.009170000000000011,False
2026-06-30T21:01:02.507419+00:00,#2130,sweden_champion_yes,1782853262068,0.00063,0.00063,0.00225,0.00225,0.0,0.0,0.0,0.0,0.0,0.00162,0.00162,False
2026-06-30T21:01:02.507495+00:00,#2131,sweden_champion_no,1782853262068,0.99775,0.99775,0.99937,0.99937,0.0,0.0,0.0,0.0,0.0,0.0016199999999999548,0.0016199999999999548,False
2026-06-30T21:01:02.507568+00:00,#6740,France,1782853262068,0.88,0.88,0.8817,0.8817,0.0,0.0,0.0,0.0,0.0,0.0017000000000000348,0.0017000000000000348,False
2026-06-30T21:01:02.507643+00:00,#6741,Sweden,1782853262068,0.1183,0.1183,0.12,0.12,0.0,0.0,0.0,0.0,0.0,0.0016999999999999932,0.0016999999999999932,False
2026-06-30T21:01:02.964962+00:00,#1890,france_champion_yes,1782853262567,0.2852,0.2852,0.29437,0.29437,0.0,0.0,0.0,0.0,0.0,0.009170000000000011,0.009170000000000011,False
2026-06-30T21:01:02.965187+00:00,#1891,france_champion_no,1782853262567,0.70563,0.70563,0.7148,0.7148,0.0,0.0,0.0,0.0,0.0,0.009170000000000011,0.009170000000000011,False
2026-06-30T21:01:02.965276+00:00,#2130,sweden_champion_yes,1782853262567,0.00063,0.00063,0.00225,0.00225,0.0,0.0,0.0,0.0,0.0,0.00162,0.00162,False
2026-06-30T21:01:02.965352+00:00,#2131,sweden_champion_no,1782853262567,0.99775,0.99775,0.99937,0.99937,0.0,0.0,0.0,0.0,0.0,0.0016199999999999548,0.0016199999999999548,False
2026-06-30T21:01:02.965439+00:00,#6740,France,1782853262567,0.88,0.88,0.8817,0.8817,0.0,0.0,0.0,0.0,0.0,0.0017000000000000348,0.0017000000000000348,False
2026-06-30T21:01:02.965517+00:00,#6741,Sweden,1782853262567,0.1183,0.1183,0.12,0.12,0.0,0.0,0.0,0.0,0.0,0.0016999999999999932,0.0016999999999999932,False
2026-06-30T21:01:03.558726+00:00,#1890,france_champion_yes,1782853263104,0.2852,0.2852,0.29437,0.30336,0.0,2721.0,0.0,899.9252799999999,0.004494999999999971,0.009170000000000011,0.01816000000000001,True
2026-06-30T21:01:03.558970+00:00,#1891,france_champion_no,1782853263104,0.70563,0.69664,0.7148,0.7148,2721.0,0.0,1821.0747200000005,0.0,-0.004495000000000027,0.009170000000000011,0.018159999999999954,True
2026-06-30T21:01:03.559088+00:00,#2130,sweden_champion_yes,1782853263104,0.00063,0.00063,0.00225,0.00225,0.0,0.0,0.0,0.0,0.0,0.00162,0.00162,False
2026-06-30T21:01:03.559173+00:00,#2131,sweden_champion_no,1782853263104,0.99775,0.99775,0.99937,0.99937,0.0,0.0,0.0,0.0,0.0,0.0016199999999999548,0.0016199999999999548,False
2026-06-30T21:01:03.559250+00:00,#6740,France,1782853263104,0.88,0.88,0.8817,0.8817,0.0,0.0,-0.6000000000003638,0.0,0.0,0.0017000000000000348,0.0017000000000000348,False
2026-06-30T21:01:03.559329+00:00,#6741,Sweden,1782853263104,0.1183,0.1183,0.12,0.12,0.0,0.0,0.0,0.6000000000001364,0.0,0.0016999999999999932,0.0016999999999999932,False
2026-06-30T21:01:04.797694+00:00,#1890,france_champion_yes,1782853263725,0.2852,0.2852,0.30336,0.30336,0.0,0.0,0.0,0.0,0.0,0.01816000000000001,0.01816000000000001,False
2026-06-30T21:01:04.797813+00:00,#1891,france_champion_no,1782853263725,0.69664,0.69664,0.7148,0.7148,0.0,0.0,0.0,0.0,0.0,0.018159999999999954,0.018159999999999954,False
2026-06-30T21:01:04.797901+00:00,#2130,sweden_champion_yes,1782853263725,0.00063,0.00063,0.00225,0.00225,0.0,0.0,0.0,0.0,0.0,0.00162,0.00162,False
2026-06-30T21:01:04.798043+00:00,#2131,sweden_champion_no,1782853263725,0.99775,0.99775,0.99937,0.99937,0.0,0.0,0.0,0.0,0.0,0.0016199999999999548,0.0016199999999999548,False
2026-06-30T21:01:04.798126+00:00,#6740,France,1782853263725,0.88,0.88,0.8817,0.8817,0.0,0.0,0.0,0.0,0.0,0.0017000000000000348,0.0017000000000000348,False
2026-06-30T21:01:04.798206+00:00,#6741,Sweden,1782853263725,0.1183,0.1183,0.12,0.12,0.0,0.0,0.0,0.0,0.0,0.0016999999999999932,0.0016999999999999932,False
2026-06-30T21:01:04.798282+00:00,#1890,france_champion_yes,1782853264186,0.2852,0.2852,0.30336,0.30336,0.0,0.0,0.0,0.0,0.0,0.01816000000000001,0.01816000000000001,False
2026-06-30T21:01:04.798358+00:00,#1891,france_champion_no,1782853264186,0.69664,0.69664,0.7148,0.7148,0.0,0.0,0.0,0.0,0.0,0.018159999999999954,0.018159999999999954,False
2026-06-30T21:01:04.798439+00:00,#2130,sweden_champion_yes,1782853264186,0.00063,0.00063,0.00225,0.00225,0.0,0.0,0.0,0.0,0.0,0.00162,0.00162,False
2026-06-30T21:01:04.798509+00:00,#2131,sweden_champion_no,1782853264186,0.99775,0.99775,0.99937,0.99937,0.0,0.0,0.0,0.0,0.0,0.0016199999999999548,0.0016199999999999548,False
2026-06-30T21:01:04.798579+00:00,#6740,France,1782853264186,0.88,0.88,0.8817,0.8817,758.0,0.0,658.7260800000004,0.0,0.0,0.0017000000000000348,0.0017000000000000348,False
2026-06-30T21:01:04.798652+00:00,#6741,Sweden,1782853264186,0.1183,0.1183,0.12,0.12,0.0,758.0,0.0,99.27392000000009,0.0,0.0016999999999999932,0.0016999999999999932,False
2026-06-30T21:01:05.149824+00:00,#1890,france_champion_yes,1782853264734,0.2852,0.2852,0.30336,0.30336,0.0,0.0,0.0,0.0,0.0,0.01816000000000001,0.01816000000000001,False
2026-06-30T21:01:05.150015+00:00,#1891,france_champion_no,1782853264734,0.69664,0.69664,0.7148,0.7148,0.0,0.0,0.0,0.0,0.0,0.018159999999999954,0.018159999999999954,False
2026-06-30T21:01:05.150102+00:00,#2130,sweden_champion_yes,1782853264734,0.00063,0.00063,0.00225,0.00225,0.0,0.0,0.0,0.0,0.0,0.00162,0.00162,False
2026-06-30T21:01:05.150184+00:00,#2131,sweden_champion_no,1782853264734,0.99775,0.99775,0.99937,0.99937,0.0,0.0,0.0,0.0,0.0,0.0016199999999999548,0.0016199999999999548,False
2026-06-30T21:01:05.150264+00:00,#6740,France,1782853264734,0.88,0.88,0.8817,0.8817,0.0,0.0,0.0,0.0,0.0,0.0017000000000000348,0.0017000000000000348,False
2026-06-30T21:01:05.150339+00:00,#6741,Sweden,1782853264734,0.1183,0.1183,0.12,0.12,0.0,0.0,0.0,0.0,0.0,0.0016999999999999932,0.0016999999999999932,False
2026-06-30T21:01:05.790605+00:00,#1890,france_champion_yes,1782853265270,0.2852,0.2852,0.30336,0.30336,0.0,0.0,0.0,0.0,0.0,0.01816000000000001,0.01816000000000001,False
2026-06-30T21:01:05.790716+00:00,#1891,france_champion_no,1782853265270,0.69664,0.69664,0.7148,0.7148,0.0,0.0,0.0,0.0,0.0,0.018159999999999954,0.018159999999999954,False
2026-06-30T21:01:05.790804+00:00,#2130,sweden_champion_yes,1782853265270,0.00063,0.00063,0.00225,0.00225,0.0,0.0,0.0,0.0,0.0,0.00162,0.00162,False
2026-06-30T21:01:05.790877+00:00,#2131,sweden_champion_no,1782853265270,0.99775,0.99775,0.99937,0.99937,0.0,0.0,0.0,0.0,0.0,0.0016199999999999548,0.0016199999999999548,False
2026-06-30T21:01:05.790950+00:00,#6740,France,1782853265270,0.88,0.88,0.8817,0.8817,0.0,0.0,0.0,0.0,0.0,0.0017000000000000348,0.0017000000000000348,False
2026-06-30T21:01:05.791024+00:00,#6741,Sweden,1782853265270,0.1183,0.1183,0.12,0.12,0.0,0.0,0.0,0.0,0.0,0.0016999999999999932,0.0016999999999999932,False
2026-06-30T21:01:06.230323+00:00,#1890,france_champion_yes,1782853265819,0.2852,0.2852,0.30336,0.30336,0.0,0.0,0.0,0.0,0.0,0.01816000000000001,0.01816000000000001,False
2026-06-30T21:01:06.230530+00:00,#1891,france_champion_no,1782853265819,0.69664,0.69664,0.7148,0.7148,0.0,0.0,0.0,0.0,0.0,0.018159999999999954,0.018159999999999954,False
2026-06-30T21:01:06.230629+00:00,#2130,sweden_champion_yes,1782853265819,0.00063,0.00063,0.00225,0.00225,0.0,0.0,0.0,0.0,0.0,0.00162,0.00162,False
2026-06-30T21:01:06.230721+00:00,#2131,sweden_champion_no,1782853265819,0.99775,0.99775,0.99937,0.99937,0.0,0.0,0.0,0.0,0.0,0.0016199999999999548,0.0016199999999999548,False
2026-06-30T21:01:06.230813+00:00,#6740,France,1782853265819,0.88,0.88,0.8817,0.8817,0.0,0.0,0.0,0.0,0.0,0.0017000000000000348,0.0017000000000000348,False
2026-06-30T21:01:06.230899+00:00,#6741,Sweden,1782853265819,0.1183,0.1183,0.12,0.12,0.0,0.0,0.0,0.0,0.0,0.0016999999999999932,0.0016999999999999932,False
2026-06-30T21:01:06.831058+00:00,#1890,france_champion_yes,1782853266356,0.2852,0.2852,0.30336,0.30336,0.0,0.0,0.0,0.0,0.0,0.01816000000000001,0.01816000000000001,False
2026-06-30T21:01:06.831276+00:00,#1891,france_champion_no,1782853266356,0.69664,0.69664,0.7148,0.7148,0.0,0.0,0.0,0.0,0.0,0.018159999999999954,0.018159999999999954,False
2026-06-30T21:01:06.831382+00:00,#2130,sweden_champion_yes,1782853266356,0.00063,0.00063,0.00225,0.00225,0.0,0.0,0.0,0.0,0.0,0.00162,0.00162,False
2026-06-30T21:01:06.831487+00:00,#2131,sweden_champion_no,1782853266356,0.99775,0.99775,0.99937,0.99937,0.0,0.0,0.0,0.0,0.0,0.0016199999999999548,0.0016199999999999548,False
2026-06-30T21:01:06.831578+00:00,#6740,France,1782853266356,0.88,0.88,0.8817,0.8817,0.0,0.0,0.0,0.0,0.0,0.0017000000000000348,0.0017000000000000348,False
2026-06-30T21:01:06.831670+00:00,#6741,Sweden,1782853266356,0.1183,0.1183,0.12,0.12,0.0,0.0,0.0,0.0,0.0,0.0016999999999999932,0.0016999999999999932,False
2026-06-30T21:01:07.346366+00:00,#1890,france_champion_yes,1782853266895,0.2852,0.2852,0.30336,0.30336,0.0,0.0,0.0,0.0,0.0,0.01816000000000001,0.01816000000000001,False
2026-06-30T21:01:07.346574+00:00,#1891,france_champion_no,1782853266895,0.69664,0.69664,0.7148,0.7148,0.0,0.0,0.0,0.0,0.0,0.018159999999999954,0.018159999999999954,False
2026-06-30T21:01:07.346669+00:00,#2130,sweden_champion_yes,1782853266895,0.00063,0.00063,0.00225,0.00225,0.0,0.0,0.0,0.0,0.0,0.00162,0.00162,False
2026-06-30T21:01:07.346753+00:00,#2131,sweden_champion_no,1782853266895,0.99775,0.99775,0.99937,0.99937,0.0,0.0,0.0,0.0,0.0,0.0016199999999999548,0.0016199999999999548,False
2026-06-30T21:01:07.346834+00:00,#6740,France,1782853266895,0.88,0.88,0.8817,0.8817,0.0,0.0,0.0,0.0,0.0,0.0017000000000000348,0.0017000000000000348,False
2026-06-30T21:01:07.346917+00:00,#6741,Sweden,1782853266895,0.1183,0.1183,0.12,0.12,0.0,0.0,0.0,0.0,0.0,0.0016999999999999932,0.0016999999999999932,False
2026-06-30T21:01:07.854969+00:00,#1890,france_champion_yes,1782853267445,0.2852,0.2852,0.30336,0.30336,630.0,0.0,176.48512999999997,0.0,0.0,0.01816000000000001,0.01816000000000001,False
2026-06-30T21:01:07.855190+00:00,#1891,france_champion_no,1782853267445,0.69664,0.69664,0.7148,0.7148,0.0,630.0,0.0,453.5148700000001,0.0,0.018159999999999954,0.018159999999999954,False
2026-06-30T21:01:07.855276+00:00,#2130,sweden_champion_yes,1782853267445,0.00063,0.00063,0.00225,0.00225,0.0,0.0,0.0,0.0,0.0,0.00162,0.00162,False
2026-06-30T21:01:07.855351+00:00,#2131,sweden_champion_no,1782853267445,0.99775,0.99775,0.99937,0.99937,0.0,0.0,0.0,0.0,0.0,0.0016199999999999548,0.0016199999999999548,False
2026-06-30T21:01:07.855457+00:00,#6740,France,1782853267445,0.88,0.88,0.8817,0.8817,0.0,0.0,0.0,0.0,0.0,0.0017000000000000348,0.0017000000000000348,False
2026-06-30T21:01:07.855547+00:00,#6741,Sweden,1782853267445,0.1183,0.1183,0.12,0.12,0.0,0.0,0.0,0.0,0.0,0.0016999999999999932,0.0016999999999999932,False
2026-06-30T21:01:09.322435+00:00,#1890,france_champion_yes,1782853267986,0.2852,0.2852,0.30336,0.30336,0.0,0.0,0.0,0.0,0.0,0.01816000000000001,0.01816000000000001,False
2026-06-30T21:01:09.322578+00:00,#1891,france_champion_no,1782853267986,0.69664,0.69664,0.7148,0.7148,0.0,0.0,0.0,0.0,0.0,0.018159999999999954,0.018159999999999954,False
2026-06-30T21:01:09.322669+00:00,#2130,sweden_champion_yes,1782853267986,0.00063,0.00063,0.00225,0.00225,0.0,0.0,0.0,0.0,0.0,0.00162,0.00162,False
2026-06-30T21:01:09.322747+00:00,#2131,sweden_champion_no,1782853267986,0.99775,0.99775,0.99937,0.99937,0.0,0.0,0.0,0.0,0.0,0.0016199999999999548,0.0016199999999999548,False
2026-06-30T21:01:09.322823+00:00,#6740,France,1782853267986,0.88,0.88,0.8817,0.8817,0.0,0.0,0.0,0.0,0.0,0.0017000000000000348,0.0017000000000000348,False
2026-06-30T21:01:09.322901+00:00,#6741,Sweden,1782853267986,0.1183,0.1183,0.12,0.12,0.0,0.0,0.0,0.0,0.0,0.0016999999999999932,0.0016999999999999932,False
2026-06-30T21:01:09.323073+00:00,#1890,france_champion_yes,1782853268527,0.2852,0.2852,0.30336,0.30336,0.0,50.0,0.0,15.168000000000575,0.0,0.01816000000000001,0.01816000000000001,False
2026-06-30T21:01:09.323145+00:00,#1891,france_champion_no,1782853268527,0.69664,0.69664,0.7148,0.7148,50.0,0.0,34.832000000000335,0.0,0.0,0.018159999999999954,0.018159999999999954,False
2026-06-30T21:01:09.323224+00:00,#2130,sweden_champion_yes,1782853268527,0.00063,0.00063,0.00225,0.00225,0.0,0.0,0.0,0.0,0.0,0.00162,0.00162,False
2026-06-30T21:01:09.323295+00:00,#2131,sweden_champion_no,1782853268527,0.99775,0.99775,0.99937,0.99937,0.0,0.0,0.0,0.0,0.0,0.0016199999999999548,0.0016199999999999548,False
2026-06-30T21:01:09.323365+00:00,#6740,France,1782853268527,0.88,0.88,0.8817,0.8817,0.0,0.0,0.0,0.0,0.0,0.0017000000000000348,0.0017000000000000348,False
2026-06-30T21:01:09.323452+00:00,#6741,Sweden,1782853268527,0.1183,0.1183,0.12,0.12,0.0,0.0,0.0,0.0,0.0,0.0016999999999999932,0.0016999999999999932,False
2026-06-30T21:01:09.488863+00:00,#1890,france_champion_yes,1782853269059,0.2852,0.2852,0.30336,0.30336,0.0,0.0,0.0,0.0,0.0,0.01816000000000001,0.01816000000000001,False
2026-06-30T21:01:09.489067+00:00,#1891,france_champion_no,1782853269059,0.69664,0.69664,0.7148,0.7148,0.0,0.0,0.0,0.0,0.0,0.018159999999999954,0.018159999999999954,False
2026-06-30T21:01:09.489157+00:00,#2130,sweden_champion_yes,1782853269059,0.00063,0.00063,0.00225,0.00225,0.0,0.0,0.0,0.0,0.0,0.00162,0.00162,False
2026-06-30T21:01:09.489233+00:00,#2131,sweden_champion_no,1782853269059,0.99775,0.99775,0.99937,0.99937,0.0,0.0,0.0,0.0,0.0,0.0016199999999999548,0.0016199999999999548,False
2026-06-30T21:01:09.489306+00:00,#6740,France,1782853269059,0.88,0.88,0.8817,0.8817,0.0,0.0,0.0,0.0,0.0,0.0017000000000000348,0.0017000000000000348,False
2026-06-30T21:01:09.489380+00:00,#6741,Sweden,1782853269059,0.1183,0.1183,0.12,0.12,0.0,0.0,0.0,0.0,0.0,0.0016999999999999932,0.0016999999999999932,False
2026-06-30T21:01:09.961789+00:00,#1890,france_champion_yes,1782853269563,0.2852,0.2852,0.30336,0.30336,0.0,0.0,0.0,0.0,0.0,0.01816000000000001,0.01816000000000001,False
2026-06-30T21:01:09.962005+00:00,#1891,france_champion_no,1782853269563,0.69664,0.69664,0.7148,0.7148,0.0,0.0,0.0,0.0,0.0,0.018159999999999954,0.018159999999999954,False
2026-06-30T21:01:09.962103+00:00,#2130,sweden_champion_yes,1782853269563,0.00063,0.00063,0.00225,0.00225,0.0,0.0,0.0,0.0,0.0,0.00162,0.00162,False
2026-06-30T21:01:09.962189+00:00,#2131,sweden_champion_no,1782853269563,0.99775,0.99775,0.99937,0.99937,0.0,0.0,0.0,0.0,0.0,0.0016199999999999548,0.0016199999999999548,False
2026-06-30T21:01:09.962263+00:00,#6740,France,1782853269563,0.88,0.88,0.8817,0.8817,0.0,0.0,0.0,0.0,0.0,0.0017000000000000348,0.0017000000000000348,False
2026-06-30T21:01:09.962339+00:00,#6741,Sweden,1782853269563,0.1183,0.1183,0.12,0.12,0.0,0.0,0.0,0.0,0.0,0.0016999999999999932,0.0016999999999999932,False
2026-06-30T21:01:10.575090+00:00,#1890,france_champion_yes,1782853270099,0.2852,0.2852,0.30336,0.30336,0.0,0.0,0.0,0.0,0.0,0.01816000000000001,0.01816000000000001,False
2026-06-30T21:01:10.575432+00:00,#1891,france_champion_no,1782853270099,0.69664,0.69664,0.7148,0.7148,0.0,0.0,0.0,0.0,0.0,0.018159999999999954,0.018159999999999954,False
2026-06-30T21:01:10.575610+00:00,#2130,sweden_champion_yes,1782853270099,0.00063,0.00063,0.00225,0.00225,-14642.0,0.0,-9.078040000000001,0.0,0.0,0.00162,0.00162,True
2026-06-30T21:01:10.575746+00:00,#2131,sweden_champion_no,1782853270099,0.99775,0.99775,0.99937,0.99937,0.0,-14642.0,0.0,-14632.921960000007,0.0,0.0016199999999999548,0.0016199999999999548,True
2026-06-30T21:01:10.575884+00:00,#6740,France,1782853270099,0.88,0.88,0.8817,0.8817,0.0,0.0,0.0,0.0,0.0,0.0017000000000000348,0.0017000000000000348,False
2026-06-30T21:01:10.576024+00:00,#6741,Sweden,1782853270099,0.1183,0.1183,0.12,0.12,0.0,0.0,0.0,0.0,0.0,0.0016999999999999932,0.0016999999999999932,False
2026-06-30T21:01:11.249326+00:00,#1890,france_champion_yes,1782853270643,0.2852,0.2852,0.30336,0.30336,0.0,0.0,0.0,0.0,0.0,0.01816000000000001,0.01816000000000001,False
2026-06-30T21:01:11.249575+00:00,#1891,france_champion_no,1782853270643,0.69664,0.69664,0.7148,0.7148,0.0,0.0,0.0,0.0,0.0,0.018159999999999954,0.018159999999999954,False
2026-06-30T21:01:11.249716+00:00,#2130,sweden_champion_yes,1782853270643,0.00063,0.00063,0.00225,0.00225,0.0,0.0,0.0,0.0,0.0,0.00162,0.00162,False
2026-06-30T21:01:11.249825+00:00,#2131,sweden_champion_no,1782853270643,0.99775,0.99775,0.99937,0.99937,0.0,0.0,0.0,0.0,0.0,0.0016199999999999548,0.0016199999999999548,False
2026-06-30T21:01:11.249956+00:00,#6740,France,1782853270643,0.88,0.88,0.8817,0.8817,0.0,0.0,0.0,0.0,0.0,0.0017000000000000348,0.0017000000000000348,False
2026-06-30T21:01:11.250046+00:00,#6741,Sweden,1782853270643,0.1183,0.1183,0.12,0.12,0.0,0.0,0.0,0.0,0.0,0.0016999999999999932,0.0016999999999999932,False
2026-06-30T21:01:11.594758+00:00,#1890,france_champion_yes,1782853271157,0.2852,0.2852,0.30336,0.30336,0.0,0.0,0.0,0.0,0.0,0.01816000000000001,0.01816000000000001,False
2026-06-30T21:01:11.594948+00:00,#1891,france_champion_no,1782853271157,0.69664,0.69664,0.7148,0.7148,0.0,0.0,0.0,0.0,0.0,0.018159999999999954,0.018159999999999954,False
2026-06-30T21:01:11.595045+00:00,#2130,sweden_champion_yes,1782853271157,0.00063,0.00063,0.00225,0.00225,0.0,0.0,0.0,0.0,0.0,0.00162,0.00162,False
2026-06-30T21:01:11.595126+00:00,#2131,sweden_champion_no,1782853271157,0.99775,0.99775,0.99937,0.99937,0.0,0.0,0.0,0.0,0.0,0.0016199999999999548,0.0016199999999999548,False
2026-06-30T21:01:11.595199+00:00,#6740,France,1782853271157,0.88,0.88,0.8817,0.8817,0.0,0.0,0.0,0.0,0.0,0.0017000000000000348,0.0017000000000000348,False
2026-06-30T21:01:11.595279+00:00,#6741,Sweden,1782853271157,0.1183,0.1183,0.12,0.12,0.0,0.0,0.0,0.0,0.0,0.0016999999999999932,0.0016999999999999932,False
2026-06-30T21:01:14.292044+00:00,#1890,france_champion_yes,1782853271715,0.2852,0.2852,0.30336,0.30336,0.0,0.0,0.0,0.0,0.0,0.01816000000000001,0.01816000000000001,False
2026-06-30T21:01:14.292162+00:00,#1891,france_champion_no,1782853271715,0.69664,0.69664,0.7148,0.7148,0.0,0.0,0.0,0.0,0.0,0.018159999999999954,0.018159999999999954,False
2026-06-30T21:01:14.292247+00:00,#2130,sweden_champion_yes,1782853271715,0.00063,0.00063,0.00225,0.00225,0.0,0.0,0.0,0.0,0.0,0.00162,0.00162,False
2026-06-30T21:01:14.292320+00:00,#2131,sweden_champion_no,1782853271715,0.99775,0.99775,0.99937,0.99937,0.0,0.0,0.0,0.0,0.0,0.0016199999999999548,0.0016199999999999548,False
2026-06-30T21:01:14.292390+00:00,#6740,France,1782853271715,0.88,0.88,0.8817,0.8817,0.0,0.0,0.0,0.0,0.0,0.0017000000000000348,0.0017000000000000348,False
2026-06-30T21:01:14.292487+00:00,#6741,Sweden,1782853271715,0.1183,0.1183,0.12,0.12,0.0,0.0,0.0,0.0,0.0,0.0016999999999999932,0.0016999999999999932,False
2026-06-30T21:01:14.292576+00:00,#1890,france_champion_yes,1782853272255,0.2852,0.2852,0.30336,0.30336,0.0,0.0,0.0,0.0,0.0,0.01816000000000001,0.01816000000000001,False
2026-06-30T21:01:14.292653+00:00,#1891,france_champion_no,1782853272255,0.69664,0.69664,0.7148,0.7148,0.0,0.0,0.0,0.0,0.0,0.018159999999999954,0.018159999999999954,False
2026-06-30T21:01:14.292728+00:00,#2130,sweden_champion_yes,1782853272255,0.00063,0.00063,0.00225,0.00225,0.0,0.0,0.0,0.0,0.0,0.00162,0.00162,False
2026-06-30T21:01:14.292794+00:00,#2131,sweden_champion_no,1782853272255,0.99775,0.99775,0.99937,0.99937,0.0,0.0,0.0,0.0,0.0,0.0016199999999999548,0.0016199999999999548,False
2026-06-30T21:01:14.292860+00:00,#6740,France,1782853272255,0.88,0.88,0.8817,0.8817,0.0,0.0,0.0,0.0,0.0,0.0017000000000000348,0.0017000000000000348,False
2026-06-30T21:01:14.292932+00:00,#6741,Sweden,1782853272255,0.1183,0.1183,0.12,0.12,0.0,0.0,0.0,0.0,0.0,0.0016999999999999932,0.0016999999999999932,False
2026-06-30T21:01:14.293058+00:00,#1890,france_champion_yes,1782853272950,0.2852,0.2852,0.30336,0.30336,0.0,0.0,0.0,0.0,0.0,0.01816000000000001,0.01816000000000001,False
2026-06-30T21:01:14.293133+00:00,#1891,france_champion_no,1782853272950,0.69664,0.69664,0.7148,0.7148,0.0,0.0,0.0,0.0,0.0,0.018159999999999954,0.018159999999999954,False
2026-06-30T21:01:14.293209+00:00,#2130,sweden_champion_yes,1782853272950,0.00063,0.00063,0.00225,0.00225,0.0,0.0,0.0,0.0,0.0,0.00162,0.00162,False
2026-06-30T21:01:14.293278+00:00,#2131,sweden_champion_no,1782853272950,0.99775,0.99775,0.99937,0.99937,0.0,0.0,0.0,0.0,0.0,0.0016199999999999548,0.0016199999999999548,False
2026-06-30T21:01:14.293345+00:00,#6740,France,1782853272950,0.88,0.88,0.8817,0.8817,0.0,-139.0,0.0,-124.35499999999956,0.0,0.0017000000000000348,0.0017000000000000348,False
2026-06-30T21:01:14.293424+00:00,#6741,Sweden,1782853272950,0.1183,0.1183,0.12,0.12,-139.0,0.0,-14.644999999999982,0.0,0.0,0.0016999999999999932,0.0016999999999999932,False
2026-06-30T21:01:14.293509+00:00,#1890,france_champion_yes,1782853273421,0.2852,0.2852,0.30336,0.30336,0.0,0.0,0.0,0.0,0.0,0.01816000000000001,0.01816000000000001,False
2026-06-30T21:01:14.293584+00:00,#1891,france_champion_no,1782853273421,0.69664,0.69664,0.7148,0.7148,0.0,0.0,0.0,0.0,0.0,0.018159999999999954,0.018159999999999954,False
2026-06-30T21:01:14.293656+00:00,#2130,sweden_champion_yes,1782853273421,0.00063,0.00063,0.00225,0.00225,0.0,0.0,0.0,0.0,0.0,0.00162,0.00162,False
2026-06-30T21:01:14.293726+00:00,#2131,sweden_champion_no,1782853273421,0.99775,0.99775,0.99937,0.99937,0.0,0.0,0.0,0.0,0.0,0.0016199999999999548,0.0016199999999999548,False
2026-06-30T21:01:14.293799+00:00,#6740,France,1782853273421,0.88,0.88,0.8817,0.8817,0.0,0.0,0.0,0.0,0.0,0.0017000000000000348,0.0017000000000000348,False
2026-06-30T21:01:14.293882+00:00,#6741,Sweden,1782853273421,0.1183,0.1183,0.12,0.12,0.0,0.0,0.0,0.0,0.0,0.0016999999999999932,0.0016999999999999932,False
2026-06-30T21:01:14.528234+00:00,#1890,france_champion_yes,1782853273960,0.2852,0.2852,0.30336,0.30336,0.0,0.0,0.0,0.0,0.0,0.01816000000000001,0.01816000000000001,False
2026-06-30T21:01:14.528355+00:00,#1891,france_champion_no,1782853273960,0.69664,0.69664,0.7148,0.7148,0.0,0.0,0.0,0.0,0.0,0.018159999999999954,0.018159999999999954,False
2026-06-30T21:01:14.528453+00:00,#2130,sweden_champion_yes,1782853273960,0.00063,0.00063,0.00225,0.00225,0.0,0.0,0.0,0.0,0.0,0.00162,0.00162,False
2026-06-30T21:01:14.528526+00:00,#2131,sweden_champion_no,1782853273960,0.99775,0.99775,0.99937,0.99937,0.0,0.0,0.0,0.0,0.0,0.0016199999999999548,0.0016199999999999548,False
2026-06-30T21:01:14.528595+00:00,#6740,France,1782853273960,0.88,0.88,0.8817,0.8817,0.0,0.0,0.0,0.0,0.0,0.0017000000000000348,0.0017000000000000348,False
2026-06-30T21:01:14.528668+00:00,#6741,Sweden,1782853273960,0.1183,0.1183,0.12,0.12,0.0,0.0,0.0,0.0,0.0,0.0016999999999999932,0.0016999999999999932,False
2026-06-30T21:01:14.997509+00:00,#1890,france_champion_yes,1782853274492,0.2852,0.2852,0.30336,0.30336,0.0,0.0,0.0,0.0,0.0,0.01816000000000001,0.01816000000000001,False
2026-06-30T21:01:14.997623+00:00,#1891,france_champion_no,1782853274492,0.69664,0.69664,0.7148,0.7148,0.0,0.0,0.0,0.0,0.0,0.018159999999999954,0.018159999999999954,False
2026-06-30T21:01:14.997725+00:00,#2130,sweden_champion_yes,1782853274492,0.00063,0.00063,0.00225,0.00225,0.0,0.0,0.0,0.0,0.0,0.00162,0.00162,False
2026-06-30T21:01:14.997814+00:00,#2131,sweden_champion_no,1782853274492,0.99775,0.99775,0.99937,0.99937,0.0,0.0,0.0,0.0,0.0,0.0016199999999999548,0.0016199999999999548,False
2026-06-30T21:01:14.997890+00:00,#6740,France,1782853274492,0.88,0.88,0.8817,0.8817,0.0,0.0,0.0,0.0,0.0,0.0017000000000000348,0.0017000000000000348,False
2026-06-30T21:01:14.997978+00:00,#6741,Sweden,1782853274492,0.1183,0.1183,0.12,0.12,0.0,0.0,0.0,0.0,0.0,0.0016999999999999932,0.0016999999999999932,False
2026-06-30T21:01:15.579041+00:00,#1890,france_champion_yes,1782853275095,0.2852,0.2852,0.30336,0.30336,0.0,0.0,0.0,0.0,0.0,0.01816000000000001,0.01816000000000001,False
2026-06-30T21:01:15.579243+00:00,#1891,france_champion_no,1782853275095,0.69664,0.69664,0.7148,0.7148,0.0,0.0,0.0,0.0,0.0,0.018159999999999954,0.018159999999999954,False
2026-06-30T21:01:15.579349+00:00,#2130,sweden_champion_yes,1782853275095,0.00063,0.00063,0.00225,0.00225,0.0,0.0,0.0,0.0,0.0,0.00162,0.00162,False
2026-06-30T21:01:15.579442+00:00,#2131,sweden_champion_no,1782853275095,0.99775,0.99775,0.99937,0.99937,0.0,0.0,0.0,0.0,0.0,0.0016199999999999548,0.0016199999999999548,False
2026-06-30T21:01:15.579519+00:00,#6740,France,1782853275095,0.88,0.88,0.8817,0.8817,0.0,0.0,0.0,0.0,0.0,0.0017000000000000348,0.0017000000000000348,False
2026-06-30T21:01:15.579607+00:00,#6741,Sweden,1782853275095,0.1183,0.1183,0.12,0.12,0.0,0.0,0.0,0.0,0.0,0.0016999999999999932,0.0016999999999999932,False
2026-06-30T21:01:15.958756+00:00,#1890,france_champion_yes,1782853275536,0.2852,0.2852,0.30336,0.30336,0.0,0.0,0.0,0.0,0.0,0.01816000000000001,0.01816000000000001,False
2026-06-30T21:01:15.958870+00:00,#1891,france_champion_no,1782853275536,0.69664,0.69664,0.7148,0.7148,0.0,0.0,0.0,0.0,0.0,0.018159999999999954,0.018159999999999954,False
2026-06-30T21:01:15.958960+00:00,#2130,sweden_champion_yes,1782853275536,0.00063,0.00063,0.00225,0.00225,0.0,0.0,0.0,0.0,0.0,0.00162,0.00162,False
2026-06-30T21:01:15.959039+00:00,#2131,sweden_champion_no,1782853275536,0.99775,0.99775,0.99937,0.99937,0.0,0.0,0.0,0.0,0.0,0.0016199999999999548,0.0016199999999999548,False
2026-06-30T21:01:15.959110+00:00,#6740,France,1782853275536,0.88,0.88,0.8817,0.8817,0.0,0.0,0.0,0.0,0.0,0.0017000000000000348,0.0017000000000000348,False
2026-06-30T21:01:15.959186+00:00,#6741,Sweden,1782853275536,0.1183,0.1183,0.12,0.12,0.0,0.0,0.0,0.0,0.0,0.0016999999999999932,0.0016999999999999932,False
2026-06-30T21:01:16.539499+00:00,#1890,france_champion_yes,1782853276074,0.2852,0.2852,0.30336,0.30336,0.0,0.0,0.0,0.0,0.0,0.01816000000000001,0.01816000000000001,False
2026-06-30T21:01:16.539678+00:00,#1891,france_champion_no,1782853276074,0.69664,0.69664,0.7148,0.7148,0.0,0.0,0.0,0.0,0.0,0.018159999999999954,0.018159999999999954,False
2026-06-30T21:01:16.539773+00:00,#2130,sweden_champion_yes,1782853276074,0.00063,0.00063,0.00225,0.00225,0.0,0.0,0.0,0.0,0.0,0.00162,0.00162,False
2026-06-30T21:01:16.539853+00:00,#2131,sweden_champion_no,1782853276074,0.99775,0.99775,0.99937,0.99937,0.0,0.0,0.0,0.0,0.0,0.0016199999999999548,0.0016199999999999548,False
2026-06-30T21:01:16.539928+00:00,#6740,France,1782853276074,0.88,0.88,0.8817,0.8817,0.0,0.0,0.0,0.0,0.0,0.0017000000000000348,0.0017000000000000348,False
2026-06-30T21:01:16.540005+00:00,#6741,Sweden,1782853276074,0.1183,0.1183,0.12,0.12,0.0,0.0,0.0,0.0,0.0,0.0016999999999999932,0.0016999999999999932,False
2026-06-30T21:01:17.028089+00:00,#1890,france_champion_yes,1782853276612,0.2852,0.2852,0.30336,0.30336,0.0,0.0,0.0,0.0,0.0,0.01816000000000001,0.01816000000000001,False
2026-06-30T21:01:17.028299+00:00,#1891,france_champion_no,1782853276612,0.69664,0.69664,0.7148,0.7148,0.0,0.0,0.0,0.0,0.0,0.018159999999999954,0.018159999999999954,False
2026-06-30T21:01:17.028389+00:00,#2130,sweden_champion_yes,1782853276612,0.00063,0.00063,0.00225,0.00225,0.0,0.0,0.0,0.0,0.0,0.00162,0.00162,False
2026-06-30T21:01:17.028485+00:00,#2131,sweden_champion_no,1782853276612,0.99775,0.99775,0.99937,0.99937,0.0,0.0,0.0,0.0,0.0,0.0016199999999999548,0.0016199999999999548,False
2026-06-30T21:01:17.028563+00:00,#6740,France,1782853276612,0.88,0.88,0.8817,0.8817,0.0,0.0,0.0,0.0,0.0,0.0017000000000000348,0.0017000000000000348,False
2026-06-30T21:01:17.028659+00:00,#6741,Sweden,1782853276612,0.1183,0.1183,0.12,0.12,0.0,0.0,0.0,0.0,0.0,0.0016999999999999932,0.0016999999999999932,False
2026-06-30T21:01:17.610695+00:00,#1890,france_champion_yes,1782853277148,0.2852,0.2852,0.30336,0.29437,0.0,-2721.0,0.0,-899.9252800000004,-0.004494999999999971,0.01816000000000001,0.009170000000000011,True
2026-06-30T21:01:17.610961+00:00,#1891,france_champion_no,1782853277148,0.69664,0.70563,0.7148,0.7148,-2721.0,0.0,-1821.0747200000005,0.0,0.004495000000000027,0.018159999999999954,0.009170000000000011,True
2026-06-30T21:01:17.611086+00:00,#2130,sweden_champion_yes,1782853277148,0.00063,0.00063,0.00225,0.00225,0.0,0.0,0.0,0.0,0.0,0.00162,0.00162,False
2026-06-30T21:01:17.611174+00:00,#2131,sweden_champion_no,1782853277148,0.99775,0.99775,0.99937,0.99937,0.0,0.0,0.0,0.0,0.0,0.0016199999999999548,0.0016199999999999548,False
2026-06-30T21:01:17.611264+00:00,#6740,France,1782853277148,0.88,0.88,0.8817,0.8817,0.0,0.0,0.0,0.0,0.0,0.0017000000000000348,0.0017000000000000348,False
2026-06-30T21:01:17.611349+00:00,#6741,Sweden,1782853277148,0.1183,0.1183,0.12,0.12,0.0,0.0,0.0,0.0,0.0,0.0016999999999999932,0.0016999999999999932,False
2026-06-30T21:01:18.092759+00:00,#1890,france_champion_yes,1782853277698,0.2852,0.2852,0.29437,0.29437,0.0,0.0,0.0,0.0,0.0,0.009170000000000011,0.009170000000000011,False
2026-06-30T21:01:18.092987+00:00,#1891,france_champion_no,1782853277698,0.70563,0.70563,0.7148,0.7148,0.0,0.0,0.0,0.0,0.0,0.009170000000000011,0.009170000000000011,False
2026-06-30T21:01:18.093092+00:00,#2130,sweden_champion_yes,1782853277698,0.00063,0.00063,0.00225,0.00225,0.0,0.0,0.0,0.0,0.0,0.00162,0.00162,False
2026-06-30T21:01:18.093168+00:00,#2131,sweden_champion_no,1782853277698,0.99775,0.99775,0.99937,0.99937,0.0,0.0,0.0,0.0,0.0,0.0016199999999999548,0.0016199999999999548,False
2026-06-30T21:01:18.093240+00:00,#6740,France,1782853277698,0.88,0.88,0.8817,0.8817,6654.0,0.0,5824.155000000001,0.0,0.0,0.0017000000000000348,0.0017000000000000348,True
2026-06-30T21:01:18.093336+00:00,#6741,Sweden,1782853277698,0.1183,0.1183,0.12,0.12,0.0,6654.0,0.0,829.8450000000005,0.0,0.0016999999999999932,0.0016999999999999932,True
2026-06-30T21:01:18.659868+00:00,#1890,france_champion_yes,1782853278233,0.2852,0.2852,0.29437,0.29437,0.0,0.0,0.0,0.0,0.0,0.009170000000000011,0.009170000000000011,False
2026-06-30T21:01:18.660049+00:00,#1891,france_champion_no,1782853278233,0.70563,0.70563,0.7148,0.7148,0.0,0.0,0.0,0.0,0.0,0.009170000000000011,0.009170000000000011,False
2026-06-30T21:01:18.660136+00:00,#2130,sweden_champion_yes,1782853278233,0.00063,0.00063,0.00225,0.00225,0.0,0.0,0.0,0.0,0.0,0.00162,0.00162,False
2026-06-30T21:01:18.660209+00:00,#2131,sweden_champion_no,1782853278233,0.99775,0.99775,0.99937,0.99937,0.0,0.0,0.0,0.0,0.0,0.0016199999999999548,0.0016199999999999548,False
2026-06-30T21:01:18.660288+00:00,#6740,France,1782853278233,0.88,0.88,0.8817,0.8817,-6654.0,0.0,-5835.18,0.0,0.0,0.0017000000000000348,0.0017000000000000348,True
2026-06-30T21:01:18.660395+00:00,#6741,Sweden,1782853278233,0.1183,0.1183,0.12,0.12,0.0,-6654.0,0.0,-818.8200000000006,0.0,0.0016999999999999932,0.0016999999999999932,True
2026-06-30T21:01:19.735682+00:00,#1890,france_champion_yes,1782853278854,0.2852,0.2852,0.29437,0.29437,0.0,0.0,0.0,0.0,0.0,0.009170000000000011,0.009170000000000011,False
2026-06-30T21:01:19.735845+00:00,#1891,france_champion_no,1782853278854,0.70563,0.70563,0.7148,0.7148,0.0,0.0,0.0,0.0,0.0,0.009170000000000011,0.009170000000000011,False
2026-06-30T21:01:19.735933+00:00,#2130,sweden_champion_yes,1782853278854,0.00063,0.00063,0.00225,0.00225,0.0,0.0,0.0,0.0,0.0,0.00162,0.00162,False
2026-06-30T21:01:19.736089+00:00,#2131,sweden_champion_no,1782853278854,0.99775,0.99775,0.99937,0.99937,0.0,0.0,0.0,0.0,0.0,0.0016199999999999548,0.0016199999999999548,False
2026-06-30T21:01:19.736175+00:00,#6740,France,1782853278854,0.88,0.88,0.8817,0.8817,0.0,0.0,16.350000000000364,0.0,0.0,0.0017000000000000348,0.0017000000000000348,False
2026-06-30T21:01:19.736255+00:00,#6741,Sweden,1782853278854,0.1183,0.1183,0.12,0.12,0.0,0.0,0.0,-16.34999999999991,0.0,0.0016999999999999932,0.0016999999999999932,False
2026-06-30T21:01:19.736338+00:00,#1890,france_champion_yes,1782853279274,0.2852,0.2852,0.29437,0.29437,0.0,0.0,0.0,0.0,0.0,0.009170000000000011,0.009170000000000011,False
2026-06-30T21:01:19.736424+00:00,#1891,france_champion_no,1782853279274,0.70563,0.70563,0.7148,0.7148,0.0,0.0,0.0,0.0,0.0,0.009170000000000011,0.009170000000000011,False
2026-06-30T21:01:19.736504+00:00,#2130,sweden_champion_yes,1782853279274,0.00063,0.00063,0.00225,0.00225,0.0,0.0,0.0,0.0,0.0,0.00162,0.00162,False
2026-06-30T21:01:19.736577+00:00,#2131,sweden_champion_no,1782853279274,0.99775,0.99775,0.99937,0.99937,0.0,0.0,0.0,0.0,0.0,0.0016199999999999548,0.0016199999999999548,False
2026-06-30T21:01:19.736645+00:00,#6740,France,1782853279274,0.88,0.88,0.8817,0.8817,0.0,0.0,0.0,0.0,0.0,0.0017000000000000348,0.0017000000000000348,False
2026-06-30T21:01:19.736755+00:00,#6741,Sweden,1782853279274,0.1183,0.1183,0.12,0.12,0.0,0.0,0.0,0.0,0.0,0.0016999999999999932,0.0016999999999999932,False
2026-06-30T21:01:20.216686+00:00,#1890,france_champion_yes,1782853279832,0.2852,0.2852,0.29437,0.29437,0.0,0.0,0.0,0.0,0.0,0.009170000000000011,0.009170000000000011,False
2026-06-30T21:01:20.216890+00:00,#1891,france_champion_no,1782853279832,0.70563,0.70563,0.7148,0.7148,0.0,0.0,0.0,0.0,0.0,0.009170000000000011,0.009170000000000011,False
2026-06-30T21:01:20.216989+00:00,#2130,sweden_champion_yes,1782853279832,0.00063,0.00063,0.00225,0.00225,0.0,0.0,0.0,0.0,0.0,0.00162,0.00162,False
2026-06-30T21:01:20.217065+00:00,#2131,sweden_champion_no,1782853279832,0.99775,0.99775,0.99937,0.99937,0.0,0.0,0.0,0.0,0.0,0.0016199999999999548,0.0016199999999999548,False
2026-06-30T21:01:20.217136+00:00,#6740,France,1782853279832,0.88,0.88,0.8817,0.8817,0.0,0.0,-14.925000000001091,0.0,0.0,0.0017000000000000348,0.0017000000000000348,False
2026-06-30T21:01:20.217219+00:00,#6741,Sweden,1782853279832,0.1183,0.1183,0.12,0.12,0.0,0.0,0.0,14.924999999999955,0.0,0.0016999999999999932,0.0016999999999999932,False
2026-06-30T21:01:20.809547+00:00,#1890,france_champion_yes,1782853280392,0.2852,0.2852,0.29437,0.29437,0.0,0.0,0.0,0.0,0.0,0.009170000000000011,0.009170000000000011,False
2026-06-30T21:01:20.809824+00:00,#1891,france_champion_no,1782853280392,0.70563,0.70563,0.7148,0.7148,0.0,0.0,0.0,0.0,0.0,0.009170000000000011,0.009170000000000011,False
2026-06-30T21:01:20.809969+00:00,#2130,sweden_champion_yes,1782853280392,0.00063,0.00063,0.00225,0.00225,0.0,0.0,0.0,0.0,0.0,0.00162,0.00162,False
2026-06-30T21:01:20.810093+00:00,#2131,sweden_champion_no,1782853280392,0.99775,0.99775,0.99937,0.99937,0.0,0.0,0.0,0.0,0.0,0.0016199999999999548,0.0016199999999999548,False
2026-06-30T21:01:20.810224+00:00,#6740,France,1782853280392,0.88,0.88,0.8817,0.8817,0.0,0.0,0.0,0.0,0.0,0.0017000000000000348,0.0017000000000000348,False
2026-06-30T21:01:20.810362+00:00,#6741,Sweden,1782853280392,0.1183,0.1183,0.12,0.12,0.0,0.0,0.0,0.0,0.0,0.0016999999999999932,0.0016999999999999932,False
2026-06-30T21:01:21.347383+00:00,#1890,france_champion_yes,1782853280914,0.2852,0.2852,0.29437,0.29437,0.0,0.0,0.0,0.0,0.0,0.009170000000000011,0.009170000000000011,False
2026-06-30T21:01:21.347615+00:00,#1891,france_champion_no,1782853280914,0.70563,0.70563,0.7148,0.7148,0.0,0.0,0.0,0.0,0.0,0.009170000000000011,0.009170000000000011,False
2026-06-30T21:01:21.347741+00:00,#2130,sweden_champion_yes,1782853280914,0.00063,0.00063,0.00225,0.00225,0.0,0.0,0.0,0.0,0.0,0.00162,0.00162,False
2026-06-30T21:01:21.347845+00:00,#2131,sweden_champion_no,1782853280914,0.99775,0.99775,0.99937,0.99937,0.0,0.0,0.0,0.0,0.0,0.0016199999999999548,0.0016199999999999548,False
2026-06-30T21:01:21.347977+00:00,#6740,France,1782853280914,0.88,0.88,0.8817,0.8817,0.0,0.0,-15.675000000001091,0.0,0.0,0.0017000000000000348,0.0017000000000000348,False
2026-06-30T21:01:21.348082+00:00,#6741,Sweden,1782853280914,0.1183,0.1183,0.12,0.12,0.0,0.0,0.0,15.674999999999955,0.0,0.0016999999999999932,0.0016999999999999932,False
2026-06-30T21:01:21.967201+00:00,#1890,france_champion_yes,1782853281498,0.2852,0.2852,0.29437,0.29437,0.0,0.0,0.0,0.0,0.0,0.009170000000000011,0.009170000000000011,False
2026-06-30T21:01:21.967407+00:00,#1891,france_champion_no,1782853281498,0.70563,0.70563,0.7148,0.7148,0.0,0.0,0.0,0.0,0.0,0.009170000000000011,0.009170000000000011,False
2026-06-30T21:01:21.967505+00:00,#2130,sweden_champion_yes,1782853281498,0.00063,0.00063,0.00225,0.00225,0.0,0.0,0.0,0.0,0.0,0.00162,0.00162,False
2026-06-30T21:01:21.967591+00:00,#2131,sweden_champion_no,1782853281498,0.99775,0.99775,0.99937,0.99937,0.0,0.0,0.0,0.0,0.0,0.0016199999999999548,0.0016199999999999548,False
2026-06-30T21:01:21.967681+00:00,#6740,France,1782853281498,0.88,0.88,0.8817,0.8817,-7475.0,-863.0,-6524.252499999998,-762.630000000001,0.0,0.0017000000000000348,0.0017000000000000348,True
2026-06-30T21:01:21.967786+00:00,#6741,Sweden,1782853281498,0.1183,0.1183,0.12,0.12,-863.0,-7475.0,-100.37000000000012,-950.7475,0.0,0.0016999999999999932,0.0016999999999999932,True
2026-06-30T21:01:22.539768+00:00,#1890,france_champion_yes,1782853282104,0.2852,0.2852,0.29437,0.29437,0.0,0.0,0.0,0.0,0.0,0.009170000000000011,0.009170000000000011,False
2026-06-30T21:01:22.539955+00:00,#1891,france_champion_no,1782853282104,0.70563,0.70563,0.7148,0.7148,0.0,0.0,0.0,0.0,0.0,0.009170000000000011,0.009170000000000011,False
2026-06-30T21:01:22.540051+00:00,#2130,sweden_champion_yes,1782853282104,0.00063,0.00063,0.00225,0.00225,0.0,0.0,0.0,0.0,0.0,0.00162,0.00162,False
2026-06-30T21:01:22.540126+00:00,#2131,sweden_champion_no,1782853282104,0.99775,0.99775,0.99937,0.99937,0.0,0.0,0.0,0.0,0.0,0.0016199999999999548,0.0016199999999999548,False
2026-06-30T21:01:22.540199+00:00,#6740,France,1782853282104,0.88,0.88,0.8817,0.8817,7475.0,0.0,6529.5025,0.0,0.0,0.0017000000000000348,0.0017000000000000348,True
2026-06-30T21:01:22.540295+00:00,#6741,Sweden,1782853282104,0.1183,0.1183,0.12,0.12,0.0,7475.0,0.0,945.4975,0.0,0.0016999999999999932,0.0016999999999999932,True
2026-06-30T21:01:22.927865+00:00,#1890,france_champion_yes,1782853282536,0.2852,0.2852,0.29437,0.29437,0.0,-50.0,0.0,-15.16800000000012,0.0,0.009170000000000011,0.009170000000000011,False
2026-06-30T21:01:22.928084+00:00,#1891,france_champion_no,1782853282536,0.70563,0.70563,0.7148,0.7148,-50.0,0.0,-34.832000000000335,0.0,0.0,0.009170000000000011,0.009170000000000011,False
2026-06-30T21:01:22.928180+00:00,#2130,sweden_champion_yes,1782853282536,0.00063,0.00063,0.00225,0.00225,0.0,0.0,0.0,0.0,0.0,0.00162,0.00162,False
2026-06-30T21:01:22.928265+00:00,#2131,sweden_champion_no,1782853282536,0.99775,0.99775,0.99937,0.99937,0.0,0.0,0.0,0.0,0.0,0.0016199999999999548,0.0016199999999999548,False
2026-06-30T21:01:22.928340+00:00,#6740,France,1782853282536,0.88,0.88,0.8817,0.8817,0.0,0.0,0.0,0.0,0.0,0.0017000000000000348,0.0017000000000000348,False
2026-06-30T21:01:22.928433+00:00,#6741,Sweden,1782853282536,0.1183,0.1183,0.12,0.12,0.0,0.0,0.0,0.0,0.0,0.0016999999999999932,0.0016999999999999932,False
2026-06-30T21:01:23.540113+00:00,#1890,france_champion_yes,1782853283082,0.2852,0.2852,0.29437,0.29437,0.0,0.0,0.0,0.0,0.0,0.009170000000000011,0.009170000000000011,False
2026-06-30T21:01:23.540384+00:00,#1891,france_champion_no,1782853283082,0.70563,0.70563,0.7148,0.7148,0.0,0.0,0.0,0.0,0.0,0.009170000000000011,0.009170000000000011,False
2026-06-30T21:01:23.540552+00:00,#2130,sweden_champion_yes,1782853283082,0.00063,0.00063,0.00225,0.00225,0.0,0.0,0.0,0.0,0.0,0.00162,0.00162,False
2026-06-30T21:01:23.540679+00:00,#2131,sweden_champion_no,1782853283082,0.99775,0.99775,0.99937,0.99937,0.0,0.0,0.0,0.0,0.0,0.0016199999999999548,0.0016199999999999548,False
2026-06-30T21:01:23.540794+00:00,#6740,France,1782853283082,0.88,0.88,0.8817,0.8817,0.0,0.0,-1.0500000000010914,0.0,0.0,0.0017000000000000348,0.0017000000000000348,False
2026-06-30T21:01:23.540916+00:00,#6741,Sweden,1782853283082,0.1183,0.1183,0.12,0.12,0.0,0.0,0.0,1.050000000000182,0.0,0.0016999999999999932,0.0016999999999999932,False
2026-06-30T21:01:24.063552+00:00,#1890,france_champion_yes,1782853283628,0.2852,0.2852,0.29437,0.29437,0.0,0.0,0.0,0.0,0.0,0.009170000000000011,0.009170000000000011,False
2026-06-30T21:01:24.063741+00:00,#1891,france_champion_no,1782853283628,0.70563,0.70563,0.7148,0.7148,0.0,0.0,0.0,0.0,0.0,0.009170000000000011,0.009170000000000011,False
2026-06-30T21:01:24.063829+00:00,#2130,sweden_champion_yes,1782853283628,0.00063,0.00063,0.00225,0.00225,0.0,0.0,0.0,0.0,0.0,0.00162,0.00162,False
2026-06-30T21:01:24.063909+00:00,#2131,sweden_champion_no,1782853283628,0.99775,0.99775,0.99937,0.99937,0.0,0.0,0.0,0.0,0.0,0.0016199999999999548,0.0016199999999999548,False
2026-06-30T21:01:24.063988+00:00,#6740,France,1782853283628,0.88,0.88,0.8817,0.8817,0.0,0.0,0.0,0.0,0.0,0.0017000000000000348,0.0017000000000000348,False
2026-06-30T21:01:24.064064+00:00,#6741,Sweden,1782853283628,0.1183,0.1183,0.12,0.12,0.0,0.0,0.0,0.0,0.0,0.0016999999999999932,0.0016999999999999932,False
2026-06-30T21:01:24.594216+00:00,#1890,france_champion_yes,1782853284169,0.2852,0.2852,0.29437,0.29437,0.0,0.0,0.0,0.0,0.0,0.009170000000000011,0.009170000000000011,False
2026-06-30T21:01:24.594310+00:00,#1891,france_champion_no,1782853284169,0.70563,0.70563,0.7148,0.7148,0.0,0.0,0.0,0.0,0.0,0.009170000000000011,0.009170000000000011,False
2026-06-30T21:01:24.594394+00:00,#2130,sweden_champion_yes,1782853284169,0.00063,0.00063,0.00225,0.00225,0.0,0.0,0.0,0.0,0.0,0.00162,0.00162,False
2026-06-30T21:01:24.594499+00:00,#2131,sweden_champion_no,1782853284169,0.99775,0.99775,0.99937,0.99937,0.0,0.0,0.0,0.0,0.0,0.0016199999999999548,0.0016199999999999548,False
2026-06-30T21:01:24.594570+00:00,#6740,France,1782853284169,0.88,0.88,0.8817,0.8817,0.0,0.0,0.0,0.0,0.0,0.0017000000000000348,0.0017000000000000348,False
2026-06-30T21:01:24.594643+00:00,#6741,Sweden,1782853284169,0.1183,0.1183,0.12,0.12,0.0,0.0,0.0,0.0,0.0,0.0016999999999999932,0.0016999999999999932,False
2026-06-30T21:01:25.127878+00:00,#1890,france_champion_yes,1782853284737,0.2852,0.2852,0.29437,0.30336,0.0,2721.0,0.0,899.9252799999999,0.004494999999999971,0.009170000000000011,0.01816000000000001,True
2026-06-30T21:01:25.128112+00:00,#1891,france_champion_no,1782853284737,0.70563,0.69664,0.7148,0.7148,2721.0,0.0,1821.0747200000005,0.0,-0.004495000000000027,0.009170000000000011,0.018159999999999954,True
2026-06-30T21:01:25.128216+00:00,#2130,sweden_champion_yes,1782853284737,0.00063,0.00063,0.00225,0.00225,0.0,0.0,0.0,0.0,0.0,0.00162,0.00162,False
2026-06-30T21:01:25.128303+00:00,#2131,sweden_champion_no,1782853284737,0.99775,0.99775,0.99937,0.99937,0.0,0.0,0.0,0.0,0.0,0.0016199999999999548,0.0016199999999999548,False
2026-06-30T21:01:25.128380+00:00,#6740,France,1782853284737,0.88,0.88,0.8817,0.8817,0.0,0.0,0.0,0.0,0.0,0.0017000000000000348,0.0017000000000000348,False
2026-06-30T21:01:25.128486+00:00,#6741,Sweden,1782853284737,0.1183,0.1183,0.12,0.12,0.0,0.0,0.0,0.0,0.0,0.0016999999999999932,0.0016999999999999932,False
2026-06-30T21:01:25.764463+00:00,#1890,france_champion_yes,1782853285264,0.2852,0.2852,0.30336,0.30336,0.0,0.0,0.0,0.0,0.0,0.01816000000000001,0.01816000000000001,False
2026-06-30T21:01:25.764668+00:00,#1891,france_champion_no,1782853285264,0.69664,0.69664,0.7148,0.7148,0.0,0.0,0.0,0.0,0.0,0.018159999999999954,0.018159999999999954,False
2026-06-30T21:01:25.764770+00:00,#2130,sweden_champion_yes,1782853285264,0.00063,0.00063,0.00225,0.00225,0.0,0.0,0.0,0.0,0.0,0.00162,0.00162,False
2026-06-30T21:01:25.764855+00:00,#2131,sweden_champion_no,1782853285264,0.99775,0.99775,0.99937,0.99937,0.0,0.0,0.0,0.0,0.0,0.0016199999999999548,0.0016199999999999548,False
2026-06-30T21:01:25.764934+00:00,#6740,France,1782853285264,0.88,0.88,0.8817,0.8817,0.0,0.0,0.0,0.0,0.0,0.0017000000000000348,0.0017000000000000348,False
2026-06-30T21:01:25.765015+00:00,#6741,Sweden,1782853285264,0.1183,0.1183,0.12,0.12,0.0,0.0,0.0,0.0,0.0,0.0016999999999999932,0.0016999999999999932,False
2026-06-30T21:01:26.282983+00:00,#1890,france_champion_yes,1782853285825,0.2852,0.2852,0.30336,0.30336,0.0,0.0,0.0,0.0,0.0,0.01816000000000001,0.01816000000000001,False
2026-06-30T21:01:26.283102+00:00,#1891,france_champion_no,1782853285825,0.69664,0.69664,0.7148,0.7148,0.0,0.0,0.0,0.0,0.0,0.018159999999999954,0.018159999999999954,False
2026-06-30T21:01:26.283212+00:00,#2130,sweden_champion_yes,1782853285825,0.00063,0.00063,0.00225,0.00225,0.0,0.0,0.0,0.0,0.0,0.00162,0.00162,False
2026-06-30T21:01:26.283300+00:00,#2131,sweden_champion_no,1782853285825,0.99775,0.99775,0.99937,0.99937,0.0,0.0,0.0,0.0,0.0,0.0016199999999999548,0.0016199999999999548,False
2026-06-30T21:01:26.283384+00:00,#6740,France,1782853285825,0.88,0.88,0.8817,0.8817,-275.0,0.0,-239.70849999999882,0.0,0.0,0.0017000000000000348,0.0017000000000000348,False
2026-06-30T21:01:26.283490+00:00,#6741,Sweden,1782853285825,0.1183,0.1183,0.12,0.12,0.0,-275.0,0.0,-35.291499999999814,0.0,0.0016999999999999932,0.0016999999999999932,False
2026-06-30T21:01:26.732123+00:00,#1890,france_champion_yes,1782853286361,0.2852,0.2852,0.30336,0.30336,0.0,0.0,0.0,0.0,0.0,0.01816000000000001,0.01816000000000001,False
2026-06-30T21:01:26.732314+00:00,#1891,france_champion_no,1782853286361,0.69664,0.69664,0.7148,0.7148,0.0,0.0,0.0,0.0,0.0,0.018159999999999954,0.018159999999999954,False
2026-06-30T21:01:26.732419+00:00,#2130,sweden_champion_yes,1782853286361,0.00063,0.00063,0.00225,0.00225,0.0,0.0,0.0,0.0,0.0,0.00162,0.00162,False
2026-06-30T21:01:26.732503+00:00,#2131,sweden_champion_no,1782853286361,0.99775,0.99775,0.99937,0.99937,0.0,0.0,0.0,0.0,0.0,0.0016199999999999548,0.0016199999999999548,False
2026-06-30T21:01:26.732576+00:00,#6740,France,1782853286361,0.88,0.88,0.8817,0.8817,275.0,0.0,238.40049999999974,0.0,0.0,0.0017000000000000348,0.0017000000000000348,False
2026-06-30T21:01:26.732661+00:00,#6741,Sweden,1782853286361,0.1183,0.1183,0.12,0.12,0.0,275.0,0.0,36.59949999999981,0.0,0.0016999999999999932,0.0016999999999999932,False
2026-06-30T21:01:27.496079+00:00,#1890,france_champion_yes,1782853286908,0.2852,0.2852,0.30336,0.30336,0.0,0.0,0.0,0.0,0.0,0.01816000000000001,0.01816000000000001,False
2026-06-30T21:01:27.496274+00:00,#1891,france_champion_no,1782853286908,0.69664,0.69664,0.7148,0.7148,0.0,0.0,0.0,0.0,0.0,0.018159999999999954,0.018159999999999954,False
2026-06-30T21:01:27.496362+00:00,#2130,sweden_champion_yes,1782853286908,0.00063,0.00063,0.00225,0.00225,0.0,0.0,0.0,0.0,0.0,0.00162,0.00162,False
2026-06-30T21:01:27.496442+00:00,#2131,sweden_champion_no,1782853286908,0.99775,0.99775,0.99937,0.99937,0.0,0.0,0.0,0.0,0.0,0.0016199999999999548,0.0016199999999999548,False
2026-06-30T21:01:27.496515+00:00,#6740,France,1782853286908,0.88,0.88,0.8817,0.8817,0.0,0.0,-0.375,0.0,0.0,0.0017000000000000348,0.0017000000000000348,False
2026-06-30T21:01:27.496594+00:00,#6741,Sweden,1782853286908,0.1183,0.1183,0.12,0.12,0.0,0.0,0.0,0.3749999999997726,0.0,0.0016999999999999932,0.0016999999999999932,False
2026-06-30T21:01:27.884135+00:00,#1890,france_champion_yes,1782853287418,0.2852,0.2852,0.30336,0.30336,0.0,0.0,0.0,0.0,0.0,0.01816000000000001,0.01816000000000001,False
2026-06-30T21:01:27.884348+00:00,#1891,france_champion_no,1782853287418,0.69664,0.69664,0.7148,0.7148,0.0,0.0,0.0,0.0,0.0,0.018159999999999954,0.018159999999999954,False
2026-06-30T21:01:27.884480+00:00,#2130,sweden_champion_yes,1782853287418,0.00063,0.00063,0.00225,0.00225,0.0,0.0,0.0,0.0,0.0,0.00162,0.00162,False
2026-06-30T21:01:27.884577+00:00,#2131,sweden_champion_no,1782853287418,0.99775,0.99775,0.99937,0.99937,0.0,0.0,0.0,0.0,0.0,0.0016199999999999548,0.0016199999999999548,False
2026-06-30T21:01:27.884661+00:00,#6740,France,1782853287418,0.88,0.88,0.8817,0.8817,0.0,0.0,0.0,0.0,0.0,0.0017000000000000348,0.0017000000000000348,False
2026-06-30T21:01:27.884767+00:00,#6741,Sweden,1782853287418,0.1183,0.1183,0.12,0.12,0.0,0.0,0.0,0.0,0.0,0.0016999999999999932,0.0016999999999999932,False
2026-06-30T21:01:28.347844+00:00,#1890,france_champion_yes,1782853287935,0.2852,0.2852,0.30336,0.30336,0.0,0.0,0.0,0.0,0.0,0.01816000000000001,0.01816000000000001,False
2026-06-30T21:01:28.348056+00:00,#1891,france_champion_no,1782853287935,0.69664,0.69664,0.7148,0.7148,0.0,0.0,0.0,0.0,0.0,0.018159999999999954,0.018159999999999954,False
2026-06-30T21:01:28.348143+00:00,#2130,sweden_champion_yes,1782853287935,0.00063,0.00063,0.00225,0.00225,0.0,0.0,0.0,0.0,0.0,0.00162,0.00162,False
2026-06-30T21:01:28.348216+00:00,#2131,sweden_champion_no,1782853287935,0.99775,0.99775,0.99937,0.99937,0.0,0.0,0.0,0.0,0.0,0.0016199999999999548,0.0016199999999999548,False
2026-06-30T21:01:28.348297+00:00,#6740,France,1782853287935,0.88,0.88,0.8817,0.8817,0.0,0.0,0.0,0.0,0.0,0.0017000000000000348,0.0017000000000000348,False
2026-06-30T21:01:28.348386+00:00,#6741,Sweden,1782853287935,0.1183,0.1183,0.12,0.12,0.0,0.0,0.0,0.0,0.0,0.0016999999999999932,0.0016999999999999932,False
2026-06-30T21:01:28.895584+00:00,#1890,france_champion_yes,1782853288473,0.2852,0.2852,0.30336,0.30336,0.0,0.0,0.0,0.0,0.0,0.01816000000000001,0.01816000000000001,False
2026-06-30T21:01:28.895767+00:00,#1891,france_champion_no,1782853288473,0.69664,0.69664,0.7148,0.7148,0.0,0.0,0.0,0.0,0.0,0.018159999999999954,0.018159999999999954,False
2026-06-30T21:01:28.895857+00:00,#2130,sweden_champion_yes,1782853288473,0.00063,0.00063,0.00225,0.00225,0.0,0.0,0.0,0.0,0.0,0.00162,0.00162,False
2026-06-30T21:01:28.895930+00:00,#2131,sweden_champion_no,1782853288473,0.99775,0.99775,0.99937,0.99937,0.0,0.0,0.0,0.0,0.0,0.0016199999999999548,0.0016199999999999548,False
2026-06-30T21:01:28.896001+00:00,#6740,France,1782853288473,0.88,0.88,0.8817,0.8817,-7475.0,0.0,-6528.077499999999,0.0,0.0,0.0017000000000000348,0.0017000000000000348,True
2026-06-30T21:01:28.896102+00:00,#6741,Sweden,1782853288473,0.1183,0.1183,0.12,0.12,0.0,-7475.0,0.0,-946.9224999999998,0.0,0.0016999999999999932,0.0016999999999999932,True
2026-06-30T21:01:31.446297+00:00,#1890,france_champion_yes,1782853289008,0.2852,0.2852,0.30336,0.30336,0.0,50.0,0.0,15.168000000000575,0.0,0.01816000000000001,0.01816000000000001,False
2026-06-30T21:01:31.446441+00:00,#1891,france_champion_no,1782853289008,0.69664,0.69664,0.7148,0.7148,50.0,0.0,34.832000000000335,0.0,0.0,0.018159999999999954,0.018159999999999954,False
2026-06-30T21:01:31.446557+00:00,#2130,sweden_champion_yes,1782853289008,0.00063,0.00063,0.00225,0.00225,0.0,0.0,0.0,0.0,0.0,0.00162,0.00162,False
2026-06-30T21:01:31.446678+00:00,#2131,sweden_champion_no,1782853289008,0.99775,0.99775,0.99937,0.99937,0.0,0.0,0.0,0.0,0.0,0.0016199999999999548,0.0016199999999999548,False
2026-06-30T21:01:31.446787+00:00,#6740,France,1782853289008,0.88,0.88,0.8817,0.8817,7475.0,0.0,6527.7775,0.0,0.0,0.0017000000000000348,0.0017000000000000348,True
2026-06-30T21:01:31.446919+00:00,#6741,Sweden,1782853289008,0.1183,0.1183,0.12,0.12,0.0,7475.0,0.0,947.2224999999997,0.0,0.0016999999999999932,0.0016999999999999932,True
2026-06-30T21:01:31.447028+00:00,#1890,france_champion_yes,1782853289566,0.2852,0.2852,0.30336,0.30336,0.0,0.0,0.0,0.0,0.0,0.01816000000000001,0.01816000000000001,False
2026-06-30T21:01:31.447167+00:00,#1891,france_champion_no,1782853289566,0.69664,0.69664,0.7148,0.7148,0.0,0.0,0.0,0.0,0.0,0.018159999999999954,0.018159999999999954,False
2026-06-30T21:01:31.447254+00:00,#2130,sweden_champion_yes,1782853289566,0.00063,0.00063,0.00225,0.00225,0.0,0.0,0.0,0.0,0.0,0.00162,0.00162,False
2026-06-30T21:01:31.447335+00:00,#2131,sweden_champion_no,1782853289566,0.99775,0.99775,0.99937,0.99937,0.0,0.0,0.0,0.0,0.0,0.0016199999999999548,0.0016199999999999548,False
2026-06-30T21:01:31.447420+00:00,#6740,France,1782853289566,0.88,0.88,0.8817,0.8817,0.0,0.0,0.0,0.0,0.0,0.0017000000000000348,0.0017000000000000348,False
2026-06-30T21:01:31.447508+00:00,#6741,Sweden,1782853289566,0.1183,0.1183,0.12,0.12,0.0,0.0,0.0,0.0,0.0,0.0016999999999999932,0.0016999999999999932,False
2026-06-30T21:01:31.447649+00:00,#1890,france_champion_yes,1782853290105,0.2852,0.2852,0.30336,0.30336,0.0,0.0,0.0,0.0,0.0,0.01816000000000001,0.01816000000000001,False
2026-06-30T21:01:31.447728+00:00,#1891,france_champion_no,1782853290105,0.69664,0.69664,0.7148,0.7148,0.0,0.0,0.0,0.0,0.0,0.018159999999999954,0.018159999999999954,False
2026-06-30T21:01:31.447837+00:00,#2130,sweden_champion_yes,1782853290105,0.00063,0.00063,0.00225,0.00225,0.0,0.0,0.0,0.0,0.0,0.00162,0.00162,False
2026-06-30T21:01:31.447949+00:00,#2131,sweden_champion_no,1782853290105,0.99775,0.99775,0.99937,0.99937,0.0,0.0,0.0,0.0,0.0,0.0016199999999999548,0.0016199999999999548,False
2026-06-30T21:01:31.448059+00:00,#6740,France,1782853290105,0.88,0.88,0.8817,0.8817,0.0,0.0,0.0,0.0,0.0,0.0017000000000000348,0.0017000000000000348,False
2026-06-30T21:01:31.448168+00:00,#6741,Sweden,1782853290105,0.1183,0.1183,0.12,0.12,0.0,0.0,0.0,0.0,0.0,0.0016999999999999932,0.0016999999999999932,False
2026-06-30T21:01:31.448256+00:00,#1890,france_champion_yes,1782853290668,0.2852,0.2852,0.30336,0.30336,0.0,0.0,0.0,0.0,0.0,0.01816000000000001,0.01816000000000001,False
2026-06-30T21:01:31.448362+00:00,#1891,france_champion_no,1782853290668,0.69664,0.69664,0.7148,0.7148,0.0,0.0,0.0,0.0,0.0,0.018159999999999954,0.018159999999999954,False
2026-06-30T21:01:31.448500+00:00,#2130,sweden_champion_yes,1782853290668,0.00063,0.00063,0.00225,0.00225,0.0,0.0,0.0,0.0,0.0,0.00162,0.00162,False
2026-06-30T21:01:31.448623+00:00,#2131,sweden_champion_no,1782853290668,0.99775,0.99775,0.99937,0.99937,0.0,0.0,0.0,0.0,0.0,0.0016199999999999548,0.0016199999999999548,False
2026-06-30T21:01:31.448724+00:00,#6740,France,1782853290668,0.88,0.88,0.8817,0.8817,0.0,26.0,0.0,23.896999999999935,0.0,0.0017000000000000348,0.0017000000000000348,False
2026-06-30T21:01:31.448826+00:00,#6741,Sweden,1782853290668,0.1183,0.1183,0.12,0.12,26.0,0.0,2.1030000000000655,0.0,0.0,0.0016999999999999932,0.0016999999999999932,False
2026-06-30T21:01:31.681057+00:00,#1890,france_champion_yes,1782853291273,0.2852,0.2852,0.30336,0.30336,0.0,0.0,0.0,0.0,0.0,0.01816000000000001,0.01816000000000001,False
2026-06-30T21:01:31.681270+00:00,#1891,france_champion_no,1782853291273,0.69664,0.69664,0.7148,0.7148,0.0,0.0,0.0,0.0,0.0,0.018159999999999954,0.018159999999999954,False
2026-06-30T21:01:31.681372+00:00,#2130,sweden_champion_yes,1782853291273,0.00063,0.00063,0.00225,0.00225,0.0,0.0,0.0,0.0,0.0,0.00162,0.00162,False
2026-06-30T21:01:31.681454+00:00,#2131,sweden_champion_no,1782853291273,0.99775,0.99775,0.99937,0.99937,0.0,0.0,0.0,0.0,0.0,0.0016199999999999548,0.0016199999999999548,False
2026-06-30T21:01:31.681569+00:00,#6740,France,1782853291273,0.88,0.88,0.8817,0.8817,0.0,0.0,0.0,0.0,0.0,0.0017000000000000348,0.0017000000000000348,False
2026-06-30T21:01:31.681655+00:00,#6741,Sweden,1782853291273,0.1183,0.1183,0.12,0.12,0.0,0.0,0.0,0.0,0.0,0.0016999999999999932,0.0016999999999999932,False
2026-06-30T21:01:32.248685+00:00,#1890,france_champion_yes,1782853291737,0.2852,0.2852,0.30336,0.30336,0.0,0.0,0.0,0.0,0.0,0.01816000000000001,0.01816000000000001,False
2026-06-30T21:01:32.248872+00:00,#1891,france_champion_no,1782853291737,0.69664,0.69664,0.7148,0.7148,0.0,0.0,0.0,0.0,0.0,0.018159999999999954,0.018159999999999954,False
2026-06-30T21:01:32.248980+00:00,#2130,sweden_champion_yes,1782853291737,0.00063,0.00063,0.00225,0.00225,0.0,0.0,0.0,0.0,0.0,0.00162,0.00162,False
2026-06-30T21:01:32.249072+00:00,#2131,sweden_champion_no,1782853291737,0.99775,0.99775,0.99937,0.99937,0.0,0.0,0.0,0.0,0.0,0.0016199999999999548,0.0016199999999999548,False
2026-06-30T21:01:32.249154+00:00,#6740,France,1782853291737,0.88,0.88,0.8817,0.8817,0.0,0.0,-0.375,0.0,0.0,0.0017000000000000348,0.0017000000000000348,False
2026-06-30T21:01:32.249240+00:00,#6741,Sweden,1782853291737,0.1183,0.1183,0.12,0.12,0.0,0.0,0.0,0.3750000000002274,0.0,0.0016999999999999932,0.0016999999999999932,False
2026-06-30T21:01:32.749395+00:00,#1890,france_champion_yes,1782853292275,0.2852,0.2852,0.30336,0.30336,0.0,0.0,0.0,0.0,0.0,0.01816000000000001,0.01816000000000001,False
2026-06-30T21:01:32.749593+00:00,#1891,france_champion_no,1782853292275,0.69664,0.69664,0.7148,0.7148,0.0,0.0,0.0,0.0,0.0,0.018159999999999954,0.018159999999999954,False
2026-06-30T21:01:32.749688+00:00,#2130,sweden_champion_yes,1782853292275,0.00063,0.00063,0.00225,0.00225,0.0,0.0,0.0,0.0,0.0,0.00162,0.00162,False
2026-06-30T21:01:32.749771+00:00,#2131,sweden_champion_no,1782853292275,0.99775,0.99775,0.99937,0.99937,0.0,0.0,0.0,0.0,0.0,0.0016199999999999548,0.0016199999999999548,False
2026-06-30T21:01:32.749843+00:00,#6740,France,1782853292275,0.88,0.88,0.8817,0.8817,0.0,0.0,0.0,0.0,0.0,0.0017000000000000348,0.0017000000000000348,False
2026-06-30T21:01:32.749918+00:00,#6741,Sweden,1782853292275,0.1183,0.1183,0.12,0.12,0.0,0.0,0.0,0.0,0.0,0.0016999999999999932,0.0016999999999999932,False
2026-06-30T21:01:33.260320+00:00,#1890,france_champion_yes,1782853292801,0.2852,0.2852,0.30336,0.30336,-624.0,0.0,-174.95842,0.0,0.0,0.01816000000000001,0.01816000000000001,False
2026-06-30T21:01:33.260562+00:00,#1891,france_champion_no,1782853292801,0.69664,0.69664,0.7148,0.7148,0.0,-624.0,0.0,-449.04158000000007,0.0,0.018159999999999954,0.018159999999999954,False
2026-06-30T21:01:33.260673+00:00,#2130,sweden_champion_yes,1782853292801,0.00063,0.00063,0.00225,0.00225,0.0,0.0,0.0,0.0,0.0,0.00162,0.00162,False
2026-06-30T21:01:33.260755+00:00,#2131,sweden_champion_no,1782853292801,0.99775,0.99775,0.99937,0.99937,0.0,0.0,0.0,0.0,0.0,0.0016199999999999548,0.0016199999999999548,False
2026-06-30T21:01:33.260834+00:00,#6740,France,1782853292801,0.88,0.88,0.8817,0.8817,0.0,0.0,5.549999999999272,0.0,0.0,0.0017000000000000348,0.0017000000000000348,False
2026-06-30T21:01:33.260929+00:00,#6741,Sweden,1782853292801,0.1183,0.1183,0.12,0.12,0.0,0.0,0.0,-5.550000000000182,0.0,0.0016999999999999932,0.0016999999999999932,False
2026-06-30T21:01:33.809865+00:00,#1890,france_champion_yes,1782853293358,0.2852,0.2852,0.30336,0.30336,0.0,0.0,0.0,0.0,0.0,0.01816000000000001,0.01816000000000001,False
2026-06-30T21:01:33.810146+00:00,#1891,france_champion_no,1782853293358,0.69664,0.69664,0.7148,0.7148,0.0,0.0,0.0,0.0,0.0,0.018159999999999954,0.018159999999999954,False
2026-06-30T21:01:33.810276+00:00,#2130,sweden_champion_yes,1782853293358,0.00063,0.00063,0.00225,0.00225,0.0,0.0,0.0,0.0,0.0,0.00162,0.00162,False
2026-06-30T21:01:33.810360+00:00,#2131,sweden_champion_no,1782853293358,0.99775,0.99775,0.99937,0.99937,0.0,0.0,0.0,0.0,0.0,0.0016199999999999548,0.0016199999999999548,False
2026-06-30T21:01:33.810482+00:00,#6740,France,1782853293358,0.88,0.88,0.8817,0.8817,-275.0,0.0,-238.40049999999974,0.0,0.0,0.0017000000000000348,0.0017000000000000348,False
2026-06-30T21:01:33.810600+00:00,#6741,Sweden,1782853293358,0.1183,0.1183,0.12,0.12,0.0,-275.0,0.0,-36.59949999999981,0.0,0.0016999999999999932,0.0016999999999999932,False
2026-06-30T21:01:35.001962+00:00,#1890,france_champion_yes,1782853293912,0.2852,0.2852,0.30336,0.30336,0.0,0.0,0.0,0.0,0.0,0.01816000000000001,0.01816000000000001,False
2026-06-30T21:01:35.002086+00:00,#1891,france_champion_no,1782853293912,0.69664,0.69664,0.7148,0.7148,0.0,0.0,0.0,0.0,0.0,0.018159999999999954,0.018159999999999954,False
2026-06-30T21:01:35.002173+00:00,#2130,sweden_champion_yes,1782853293912,0.00063,0.00063,0.00225,0.00225,0.0,0.0,0.0,0.0,0.0,0.00162,0.00162,False
2026-06-30T21:01:35.002246+00:00,#2131,sweden_champion_no,1782853293912,0.99775,0.99775,0.99937,0.99937,0.0,0.0,0.0,0.0,0.0,0.0016199999999999548,0.0016199999999999548,False
2026-06-30T21:01:35.002314+00:00,#6740,France,1782853293912,0.88,0.88,0.8817,0.8817,275.0,0.0,238.5054999999993,0.0,0.0,0.0017000000000000348,0.0017000000000000348,False
2026-06-30T21:01:35.002388+00:00,#6741,Sweden,1782853293912,0.1183,0.1183,0.12,0.12,0.0,275.0,0.0,36.494500000000016,0.0,0.0016999999999999932,0.0016999999999999932,False
2026-06-30T21:01:35.002534+00:00,#1890,france_champion_yes,1782853294410,0.2852,0.2852,0.30336,0.30336,0.0,0.0,0.0,0.0,0.0,0.01816000000000001,0.01816000000000001,False
2026-06-30T21:01:35.002604+00:00,#1891,france_champion_no,1782853294410,0.69664,0.69664,0.7148,0.7148,0.0,0.0,0.0,0.0,0.0,0.018159999999999954,0.018159999999999954,False
2026-06-30T21:01:35.002676+00:00,#2130,sweden_champion_yes,1782853294410,0.00063,0.00063,0.00225,0.00225,0.0,0.0,0.0,0.0,0.0,0.00162,0.00162,False
2026-06-30T21:01:35.002741+00:00,#2131,sweden_champion_no,1782853294410,0.99775,0.99775,0.99937,0.99937,0.0,0.0,0.0,0.0,0.0,0.0016199999999999548,0.0016199999999999548,False
2026-06-30T21:01:35.002811+00:00,#6740,France,1782853294410,0.88,0.88,0.8817,0.8817,0.0,0.0,0.0,0.0,0.0,0.0017000000000000348,0.0017000000000000348,False
2026-06-30T21:01:35.002886+00:00,#6741,Sweden,1782853294410,0.1183,0.1183,0.12,0.12,0.0,0.0,0.0,0.0,0.0,0.0016999999999999932,0.0016999999999999932,False
2026-06-30T21:01:35.372529+00:00,#1890,france_champion_yes,1782853294964,0.2852,0.2852,0.30336,0.30336,0.0,0.0,0.0,0.0,0.0,0.01816000000000001,0.01816000000000001,False
2026-06-30T21:01:35.372718+00:00,#1891,france_champion_no,1782853294964,0.69664,0.69664,0.7148,0.7148,0.0,0.0,0.0,0.0,0.0,0.018159999999999954,0.018159999999999954,False
2026-06-30T21:01:35.372845+00:00,#2130,sweden_champion_yes,1782853294964,0.00063,0.00063,0.00225,0.00225,0.0,0.0,0.0,0.0,0.0,0.00162,0.00162,False
2026-06-30T21:01:35.372920+00:00,#2131,sweden_champion_no,1782853294964,0.99775,0.99775,0.99937,0.99937,0.0,0.0,0.0,0.0,0.0,0.0016199999999999548,0.0016199999999999548,False
2026-06-30T21:01:35.372991+00:00,#6740,France,1782853294964,0.88,0.88,0.8817,0.8817,0.0,0.0,0.0,0.0,0.0,0.0017000000000000348,0.0017000000000000348,False
2026-06-30T21:01:35.373066+00:00,#6741,Sweden,1782853294964,0.1183,0.1183,0.12,0.12,0.0,0.0,0.0,0.0,0.0,0.0016999999999999932,0.0016999999999999932,False
2026-06-30T21:01:35.983708+00:00,#1890,france_champion_yes,1782853295475,0.2852,0.2852,0.30336,0.30336,0.0,0.0,0.0,0.0,0.0,0.01816000000000001,0.01816000000000001,False
2026-06-30T21:01:35.983931+00:00,#1891,france_champion_no,1782853295475,0.69664,0.69664,0.7148,0.7148,0.0,0.0,0.0,0.0,0.0,0.018159999999999954,0.018159999999999954,False
2026-06-30T21:01:35.984103+00:00,#2130,sweden_champion_yes,1782853295475,0.00063,0.00063,0.00225,0.00225,0.0,0.0,0.0,0.0,0.0,0.00162,0.00162,False
2026-06-30T21:01:35.984224+00:00,#2131,sweden_champion_no,1782853295475,0.99775,0.99775,0.99937,0.99937,0.0,0.0,0.0,0.0,0.0,0.0016199999999999548,0.0016199999999999548,False
2026-06-30T21:01:35.984306+00:00,#6740,France,1782853295475,0.88,0.88,0.8817,0.8817,-2627.0,0.0,-2311.76,0.0,0.0,0.0017000000000000348,0.0017000000000000348,True
2026-06-30T21:01:35.984434+00:00,#6741,Sweden,1782853295475,0.1183,0.1183,0.12,0.12,0.0,-2627.0,0.0,-315.24000000000024,0.0,0.0016999999999999932,0.0016999999999999932,True
2026-06-30T21:01:36.560289+00:00,#1890,france_champion_yes,1782853296075,0.2852,0.2852,0.30336,0.30336,0.0,0.0,0.0,0.0,0.0,0.01816000000000001,0.01816000000000001,False
2026-06-30T21:01:36.560561+00:00,#1891,france_champion_no,1782853296075,0.69664,0.69664,0.7148,0.7148,0.0,0.0,0.0,0.0,0.0,0.018159999999999954,0.018159999999999954,False
2026-06-30T21:01:36.560667+00:00,#2130,sweden_champion_yes,1782853296075,0.00063,0.00063,0.00225,0.00225,0.0,0.0,0.0,0.0,0.0,0.00162,0.00162,False
2026-06-30T21:01:36.560747+00:00,#2131,sweden_champion_no,1782853296075,0.99775,0.99775,0.99937,0.99937,0.0,0.0,0.0,0.0,0.0,0.0016199999999999548,0.0016199999999999548,False
2026-06-30T21:01:36.560826+00:00,#6740,France,1782853296075,0.88,0.88,0.8817,0.8817,1000.0,0.0,880.0,0.0,0.0,0.0017000000000000348,0.0017000000000000348,True
2026-06-30T21:01:36.560938+00:00,#6741,Sweden,1782853296075,0.1183,0.1183,0.12,0.12,0.0,1000.0,0.0,120.00000000000023,0.0,0.0016999999999999932,0.0016999999999999932,False
2026-06-30T21:01:36.890667+00:00,#1890,france_champion_yes,1782853296509,0.2852,0.2852,0.30336,0.30336,0.0,0.0,0.0,0.0,0.0,0.01816000000000001,0.01816000000000001,False
2026-06-30T21:01:36.890882+00:00,#1891,france_champion_no,1782853296509,0.69664,0.69664,0.7148,0.7148,0.0,0.0,0.0,0.0,0.0,0.018159999999999954,0.018159999999999954,False
2026-06-30T21:01:36.890980+00:00,#2130,sweden_champion_yes,1782853296509,0.00063,0.00063,0.00225,0.00225,0.0,0.0,0.0,0.0,0.0,0.00162,0.00162,False
2026-06-30T21:01:36.891062+00:00,#2131,sweden_champion_no,1782853296509,0.99775,0.99775,0.99937,0.99937,0.0,0.0,0.0,0.0,0.0,0.0016199999999999548,0.0016199999999999548,False
2026-06-30T21:01:36.891133+00:00,#6740,France,1782853296509,0.88,0.88,0.8817,0.8817,-7475.0,0.0,-6532.127499999999,0.0,0.0,0.0017000000000000348,0.0017000000000000348,True
2026-06-30T21:01:36.891227+00:00,#6741,Sweden,1782853296509,0.1183,0.1183,0.12,0.12,0.0,-7475.0,0.0,-942.8725,0.0,0.0016999999999999932,0.0016999999999999932,True
2026-06-30T21:01:37.563262+00:00,#1890,france_champion_yes,1782853297098,0.2852,0.2852,0.30336,0.30336,0.0,0.0,0.0,0.0,0.0,0.01816000000000001,0.01816000000000001,False
2026-06-30T21:01:37.563554+00:00,#1891,france_champion_no,1782853297098,0.69664,0.69664,0.7148,0.7148,0.0,0.0,0.0,0.0,0.0,0.018159999999999954,0.018159999999999954,False
2026-06-30T21:01:37.563689+00:00,#2130,sweden_champion_yes,1782853297098,0.00063,0.00063,0.00225,0.00225,0.0,0.0,0.0,0.0,0.0,0.00162,0.00162,False
2026-06-30T21:01:37.563808+00:00,#2131,sweden_champion_no,1782853297098,0.99775,0.99775,0.99937,0.99937,0.0,0.0,0.0,0.0,0.0,0.0016199999999999548,0.0016199999999999548,False
2026-06-30T21:01:37.563903+00:00,#6740,France,1782853297098,0.88,0.88,0.8817,0.8817,7475.0,0.0,6513.977499999999,0.0,0.0,0.0017000000000000348,0.0017000000000000348,True
2026-06-30T21:01:37.564023+00:00,#6741,Sweden,1782853297098,0.1183,0.1183,0.12,0.12,0.0,7475.0,0.0,961.0225,0.0,0.0016999999999999932,0.0016999999999999932,True
2026-06-30T21:01:37.983421+00:00,#1890,france_champion_yes,1782853297530,0.2852,0.2852,0.30336,0.30336,0.0,0.0,0.0,0.0,0.0,0.01816000000000001,0.01816000000000001,False
2026-06-30T21:01:37.983607+00:00,#1891,france_champion_no,1782853297530,0.69664,0.69664,0.7148,0.7148,0.0,0.0,0.0,0.0,0.0,0.018159999999999954,0.018159999999999954,False
2026-06-30T21:01:37.983697+00:00,#2130,sweden_champion_yes,1782853297530,0.00063,0.00063,0.00225,0.00225,0.0,0.0,0.0,0.0,0.0,0.00162,0.00162,False
2026-06-30T21:01:37.983769+00:00,#2131,sweden_champion_no,1782853297530,0.99775,0.99775,0.99937,0.99937,0.0,0.0,0.0,0.0,0.0,0.0016199999999999548,0.0016199999999999548,False
2026-06-30T21:01:37.983840+00:00,#6740,France,1782853297530,0.88,0.88,0.8817,0.8817,1781.0,0.0,1557.9026700000013,0.0,0.0,0.0017000000000000348,0.0017000000000000348,True
2026-06-30T21:01:37.983947+00:00,#6741,Sweden,1782853297530,0.1183,0.1183,0.12,0.12,0.0,1781.0,0.0,223.09733000000006,0.0,0.0016999999999999932,0.0016999999999999932,True
2026-06-30T21:01:38.500137+00:00,#1890,france_champion_yes,1782853298110,0.2852,0.2852,0.30336,0.29437,0.0,-2721.0,0.0,-899.9252800000004,-0.004494999999999971,0.01816000000000001,0.009170000000000011,True
2026-06-30T21:01:38.500428+00:00,#1891,france_champion_no,1782853298110,0.69664,0.70563,0.7148,0.7148,-2721.0,0.0,-1821.0747200000005,0.0,0.004495000000000027,0.018159999999999954,0.009170000000000011,True
2026-06-30T21:01:38.500586+00:00,#2130,sweden_champion_yes,1782853298110,0.00063,0.00063,0.00225,0.00225,0.0,0.0,0.0,0.0,0.0,0.00162,0.00162,False
2026-06-30T21:01:38.500672+00:00,#2131,sweden_champion_no,1782853298110,0.99775,0.99775,0.99937,0.99937,0.0,0.0,0.0,0.0,0.0,0.0016199999999999548,0.0016199999999999548,False
2026-06-30T21:01:38.500764+00:00,#6740,France,1782853298110,0.88,0.88,0.8817,0.8817,0.0,0.0,0.0,0.0,0.0,0.0017000000000000348,0.0017000000000000348,False
2026-06-30T21:01:38.500848+00:00,#6741,Sweden,1782853298110,0.1183,0.1183,0.12,0.12,0.0,0.0,0.0,0.0,0.0,0.0016999999999999932,0.0016999999999999932,False
2026-06-30T21:01:39.016421+00:00,#1890,france_champion_yes,1782853298610,0.2852,0.2852,0.29437,0.29437,0.0,0.0,0.0,0.0,0.0,0.009170000000000011,0.009170000000000011,False
2026-06-30T21:01:39.016625+00:00,#1891,france_champion_no,1782853298610,0.70563,0.70563,0.7148,0.7148,0.0,0.0,0.0,0.0,0.0,0.009170000000000011,0.009170000000000011,False
2026-06-30T21:01:39.016718+00:00,#2130,sweden_champion_yes,1782853298610,0.00063,0.00063,0.00225,0.00225,0.0,0.0,0.0,0.0,0.0,0.00162,0.00162,False
2026-06-30T21:01:39.016794+00:00,#2131,sweden_champion_no,1782853298610,0.99775,0.99775,0.99937,0.99937,0.0,0.0,0.0,0.0,0.0,0.0016199999999999548,0.0016199999999999548,False
2026-06-30T21:01:39.016865+00:00,#6740,France,1782853298610,0.88,0.88,0.8817,0.8817,0.0,0.0,0.0,0.0,0.0,0.0017000000000000348,0.0017000000000000348,False
2026-06-30T21:01:39.016939+00:00,#6741,Sweden,1782853298610,0.1183,0.1183,0.12,0.12,0.0,0.0,0.0,0.0,0.0,0.0016999999999999932,0.0016999999999999932,False
2026-06-30T21:01:39.722167+00:00,#1890,france_champion_yes,1782853299145,0.2852,0.2852,0.29437,0.29437,0.0,0.0,0.0,0.0,0.0,0.009170000000000011,0.009170000000000011,False
2026-06-30T21:01:39.722265+00:00,#1891,france_champion_no,1782853299145,0.70563,0.70563,0.7148,0.7148,0.0,0.0,0.0,0.0,0.0,0.009170000000000011,0.009170000000000011,False
2026-06-30T21:01:39.722345+00:00,#2130,sweden_champion_yes,1782853299145,0.00063,0.00063,0.00225,0.00225,0.0,0.0,0.0,0.0,0.0,0.00162,0.00162,False
2026-06-30T21:01:39.722460+00:00,#2131,sweden_champion_no,1782853299145,0.99775,0.99775,0.99937,0.99937,0.0,0.0,0.0,0.0,0.0,0.0016199999999999548,0.0016199999999999548,False
2026-06-30T21:01:39.722556+00:00,#6740,France,1782853299145,0.88,0.88,0.8817,0.8817,546.0,0.0,475.0169999999998,0.0,0.0,0.0017000000000000348,0.0017000000000000348,False
2026-06-30T21:01:39.722645+00:00,#6741,Sweden,1782853299145,0.1183,0.1183,0.12,0.12,0.0,546.0,0.0,70.98299999999995,0.0,0.0016999999999999932,0.0016999999999999932,False
2026-06-30T21:01:40.260018+00:00,#1890,france_champion_yes,1782853299723,0.2852,0.2852,0.29437,0.29437,0.0,0.0,0.0,0.0,0.0,0.009170000000000011,0.009170000000000011,False
2026-06-30T21:01:40.260226+00:00,#1891,france_champion_no,1782853299723,0.70563,0.70563,0.7148,0.7148,0.0,0.0,0.0,0.0,0.0,0.009170000000000011,0.009170000000000011,False
2026-06-30T21:01:40.260323+00:00,#2130,sweden_champion_yes,1782853299723,0.00063,0.00063,0.00225,0.00225,0.0,0.0,0.0,0.0,0.0,0.00162,0.00162,False
2026-06-30T21:01:40.260413+00:00,#2131,sweden_champion_no,1782853299723,0.99775,0.99775,0.99937,0.99937,0.0,0.0,0.0,0.0,0.0,0.0016199999999999548,0.0016199999999999548,False
2026-06-30T21:01:40.260495+00:00,#6740,France,1782853299723,0.88,0.88,0.8817,0.8817,0.0,0.0,0.0,0.0,0.0,0.0017000000000000348,0.0017000000000000348,False
2026-06-30T21:01:40.260578+00:00,#6741,Sweden,1782853299723,0.1183,0.1183,0.12,0.12,0.0,0.0,0.0,0.0,0.0,0.0016999999999999932,0.0016999999999999932,False
2026-06-30T21:01:40.676045+00:00,#1890,france_champion_yes,1782853300262,0.2852,0.2852,0.29437,0.29437,0.0,0.0,0.0,0.0,0.0,0.009170000000000011,0.009170000000000011,False
2026-06-30T21:01:40.676267+00:00,#1891,france_champion_no,1782853300262,0.70563,0.70563,0.7148,0.7148,0.0,0.0,0.0,0.0,0.0,0.009170000000000011,0.009170000000000011,False
2026-06-30T21:01:40.676365+00:00,#2130,sweden_champion_yes,1782853300262,0.00063,0.00063,0.00225,0.00225,0.0,0.0,0.0,0.0,0.0,0.00162,0.00162,False
2026-06-30T21:01:40.676460+00:00,#2131,sweden_champion_no,1782853300262,0.99775,0.99775,0.99937,0.99937,0.0,0.0,0.0,0.0,0.0,0.0016199999999999548,0.0016199999999999548,False
2026-06-30T21:01:40.676533+00:00,#6740,France,1782853300262,0.88,0.88,0.8817,0.88333,0.0,-189.0,0.0,-164.36564999999973,0.0008149999999998991,0.0017000000000000348,0.003329999999999944,False
2026-06-30T21:01:40.676614+00:00,#6741,Sweden,1782853300262,0.1183,0.11667,0.12,0.12,-189.0,0.0,-24.63435000000004,0.0,-0.0008150000000000102,0.0016999999999999932,0.0033299999999999996,False
2026-06-30T21:01:41.228024+00:00,#1890,france_champion_yes,1782853300817,0.2852,0.2852,0.29437,0.29437,0.0,0.0,0.0,0.0,0.0,0.009170000000000011,0.009170000000000011,False
2026-06-30T21:01:41.228226+00:00,#1891,france_champion_no,1782853300817,0.70563,0.70563,0.7148,0.7148,0.0,0.0,0.0,0.0,0.0,0.009170000000000011,0.009170000000000011,False
2026-06-30T21:01:41.228312+00:00,#2130,sweden_champion_yes,1782853300817,0.00063,0.00063,0.00225,0.00225,0.0,0.0,0.0,0.0,0.0,0.00162,0.00162,False
2026-06-30T21:01:41.228384+00:00,#2131,sweden_champion_no,1782853300817,0.99775,0.99775,0.99937,0.99937,0.0,0.0,0.0,0.0,0.0,0.0016199999999999548,0.0016199999999999548,False
2026-06-30T21:01:41.228481+00:00,#6740,France,1782853300817,0.88,0.88,0.88333,0.88333,0.0,0.0,0.0,0.0,0.0,0.003329999999999944,0.003329999999999944,False
2026-06-30T21:01:41.228570+00:00,#6741,Sweden,1782853300817,0.11667,0.11667,0.12,0.12,0.0,0.0,0.0,0.0,0.0,0.0033299999999999996,0.0033299999999999996,False
2026-06-30T21:01:41.936333+00:00,#1890,france_champion_yes,1782853301442,0.2852,0.2852,0.29437,0.29437,0.0,0.0,0.0,0.0,0.0,0.009170000000000011,0.009170000000000011,False
2026-06-30T21:01:41.936540+00:00,#1891,france_champion_no,1782853301442,0.70563,0.70563,0.7148,0.7148,0.0,0.0,0.0,0.0,0.0,0.009170000000000011,0.009170000000000011,False
2026-06-30T21:01:41.936647+00:00,#2130,sweden_champion_yes,1782853301442,0.00063,0.00063,0.00225,0.00225,0.0,0.0,0.0,0.0,0.0,0.00162,0.00162,False
2026-06-30T21:01:41.936736+00:00,#2131,sweden_champion_no,1782853301442,0.99775,0.99775,0.99937,0.99937,0.0,0.0,0.0,0.0,0.0,0.0016199999999999548,0.0016199999999999548,False
2026-06-30T21:01:41.936818+00:00,#6740,France,1782853301442,0.88,0.88,0.88333,0.88333,0.0,0.0,0.0,0.0,0.0,0.003329999999999944,0.003329999999999944,False
2026-06-30T21:01:41.936905+00:00,#6741,Sweden,1782853301442,0.11667,0.11667,0.12,0.12,0.0,0.0,0.0,0.0,0.0,0.0033299999999999996,0.0033299999999999996,False
2026-06-30T21:01:42.413283+00:00,#1890,france_champion_yes,1782853301976,0.2852,0.2852,0.29437,0.29437,0.0,0.0,0.0,0.0,0.0,0.009170000000000011,0.009170000000000011,False
2026-06-30T21:01:42.413505+00:00,#1891,france_champion_no,1782853301976,0.70563,0.70563,0.7148,0.7148,0.0,0.0,0.0,0.0,0.0,0.009170000000000011,0.009170000000000011,False
2026-06-30T21:01:42.413611+00:00,#2130,sweden_champion_yes,1782853301976,0.00063,0.00063,0.00225,0.00225,0.0,0.0,0.0,0.0,0.0,0.00162,0.00162,False
2026-06-30T21:01:42.413701+00:00,#2131,sweden_champion_no,1782853301976,0.99775,0.99775,0.99937,0.99937,0.0,0.0,0.0,0.0,0.0,0.0016199999999999548,0.0016199999999999548,False
2026-06-30T21:01:42.413780+00:00,#6740,France,1782853301976,0.88,0.88,0.88333,0.88333,0.0,0.0,31.799999999999272,0.0,0.0,0.003329999999999944,0.003329999999999944,False
2026-06-30T21:01:42.413867+00:00,#6741,Sweden,1782853301976,0.11667,0.11667,0.12,0.12,0.0,0.0,0.0,-31.799999999999955,0.0,0.0033299999999999996,0.0033299999999999996,False
2026-06-30T21:01:42.997728+00:00,#1890,france_champion_yes,1782853302532,0.2852,0.2852,0.29437,0.29437,0.0,0.0,0.0,0.0,0.0,0.009170000000000011,0.009170000000000011,False
2026-06-30T21:01:42.997931+00:00,#1891,france_champion_no,1782853302532,0.70563,0.70563,0.7148,0.7148,0.0,0.0,0.0,0.0,0.0,0.009170000000000011,0.009170000000000011,False
2026-06-30T21:01:42.998022+00:00,#2130,sweden_champion_yes,1782853302532,0.00063,0.00063,0.00225,0.00225,0.0,0.0,0.0,0.0,0.0,0.00162,0.00162,False
2026-06-30T21:01:42.998095+00:00,#2131,sweden_champion_no,1782853302532,0.99775,0.99775,0.99937,0.99937,0.0,0.0,0.0,0.0,0.0,0.0016199999999999548,0.0016199999999999548,False
2026-06-30T21:01:42.998166+00:00,#6740,France,1782853302532,0.88,0.88,0.88333,0.88333,0.0,0.0,0.0,0.0,0.0,0.003329999999999944,0.003329999999999944,False
2026-06-30T21:01:42.998242+00:00,#6741,Sweden,1782853302532,0.11667,0.11667,0.12,0.12,0.0,0.0,0.0,0.0,0.0,0.0033299999999999996,0.0033299999999999996,False
2026-06-30T21:01:43.575969+00:00,#1890,france_champion_yes,1782853303135,0.2852,0.2852,0.29437,0.29437,0.0,0.0,0.0,0.0,0.0,0.009170000000000011,0.009170000000000011,False
2026-06-30T21:01:43.576193+00:00,#1891,france_champion_no,1782853303135,0.70563,0.70563,0.7148,0.7148,0.0,0.0,0.0,0.0,0.0,0.009170000000000011,0.009170000000000011,False
2026-06-30T21:01:43.576291+00:00,#2130,sweden_champion_yes,1782853303135,0.00063,0.00063,0.00225,0.00225,0.0,0.0,0.0,0.0,0.0,0.00162,0.00162,False
2026-06-30T21:01:43.576381+00:00,#2131,sweden_champion_no,1782853303135,0.99775,0.99775,0.99937,0.99937,0.0,0.0,0.0,0.0,0.0,0.0016199999999999548,0.0016199999999999548,False
2026-06-30T21:01:43.576485+00:00,#6740,France,1782853303135,0.88,0.88,0.88333,0.88333,-7200.0,0.0,-6307.376999999999,0.0,0.0,0.003329999999999944,0.003329999999999944,True
2026-06-30T21:01:43.576611+00:00,#6741,Sweden,1782853303135,0.11667,0.11667,0.12,0.12,0.0,-7200.0,0.0,-892.6230000000002,0.0,0.0033299999999999996,0.0033299999999999996,True
2026-06-30T21:01:44.052882+00:00,#1890,france_champion_yes,1782853303560,0.2852,0.2852,0.29437,0.29437,0.0,-50.0,0.0,-15.16800000000012,0.0,0.009170000000000011,0.009170000000000011,False
2026-06-30T21:01:44.053093+00:00,#1891,france_champion_no,1782853303560,0.70563,0.70563,0.7148,0.7148,-50.0,0.0,-34.832000000000335,0.0,0.0,0.009170000000000011,0.009170000000000011,False
2026-06-30T21:01:44.053198+00:00,#2130,sweden_champion_yes,1782853303560,0.00063,0.00063,0.00225,0.00225,0.0,0.0,0.0,0.0,0.0,0.00162,0.00162,False
2026-06-30T21:01:44.053292+00:00,#2131,sweden_champion_no,1782853303560,0.99775,0.99775,0.99937,0.99937,0.0,0.0,0.0,0.0,0.0,0.0016199999999999548,0.0016199999999999548,False
2026-06-30T21:01:44.053378+00:00,#6740,France,1782853303560,0.88,0.88,0.88333,0.88333,0.0,0.0,0.0,0.0,0.0,0.003329999999999944,0.003329999999999944,False
2026-06-30T21:01:44.053474+00:00,#6741,Sweden,1782853303560,0.11667,0.11667,0.12,0.12,0.0,0.0,0.0,0.0,0.0,0.0033299999999999996,0.0033299999999999996,False
2026-06-30T21:01:44.650793+00:00,#1890,france_champion_yes,1782853304063,0.2852,0.2852,0.29437,0.29437,0.0,0.0,0.0,0.0,0.0,0.009170000000000011,0.009170000000000011,False
2026-06-30T21:01:44.650913+00:00,#1891,france_champion_no,1782853304063,0.70563,0.70563,0.7148,0.7148,0.0,0.0,0.0,0.0,0.0,0.009170000000000011,0.009170000000000011,False
2026-06-30T21:01:44.650997+00:00,#2130,sweden_champion_yes,1782853304063,0.00063,0.00063,0.00225,0.00225,0.0,0.0,0.0,0.0,0.0,0.00162,0.00162,False
2026-06-30T21:01:44.651065+00:00,#2131,sweden_champion_no,1782853304063,0.99775,0.99775,0.99937,0.99937,0.0,0.0,0.0,0.0,0.0,0.0016199999999999548,0.0016199999999999548,False
2026-06-30T21:01:44.651132+00:00,#6740,France,1782853304063,0.88,0.88,0.88333,0.88333,7200.0,0.0,6281.201999999999,0.0,0.0,0.003329999999999944,0.003329999999999944,True
2026-06-30T21:01:44.651226+00:00,#6741,Sweden,1782853304063,0.11667,0.11667,0.12,0.12,0.0,7200.0,0.0,918.7980000000001,0.0,0.0033299999999999996,0.0033299999999999996,True
2026-06-30T21:01:45.002081+00:00,#1890,france_champion_yes,1782853304576,0.2852,0.2852,0.29437,0.29437,0.0,0.0,0.0,0.0,0.0,0.009170000000000011,0.009170000000000011,False
2026-06-30T21:01:45.002273+00:00,#1891,france_champion_no,1782853304576,0.70563,0.70563,0.7148,0.7148,0.0,0.0,0.0,0.0,0.0,0.009170000000000011,0.009170000000000011,False
2026-06-30T21:01:45.002359+00:00,#2130,sweden_champion_yes,1782853304576,0.00063,0.00063,0.00225,0.00225,0.0,0.0,0.0,0.0,0.0,0.00162,0.00162,False
2026-06-30T21:01:45.002446+00:00,#2131,sweden_champion_no,1782853304576,0.99775,0.99775,0.99937,0.99937,0.0,0.0,0.0,0.0,0.0,0.0016199999999999548,0.0016199999999999548,False
2026-06-30T21:01:45.002516+00:00,#6740,France,1782853304576,0.88,0.88,0.88333,0.88333,0.0,0.0,0.0,0.0,0.0,0.003329999999999944,0.003329999999999944,False
2026-06-30T21:01:45.002590+00:00,#6741,Sweden,1782853304576,0.11667,0.11667,0.12,0.12,0.0,0.0,0.0,0.0,0.0,0.0033299999999999996,0.0033299999999999996,False
2026-06-30T21:01:45.558040+00:00,#1890,france_champion_yes,1782853305174,0.2852,0.2852,0.29437,0.30336,0.0,2721.0,0.0,899.9252799999999,0.004494999999999971,0.009170000000000011,0.01816000000000001,True
2026-06-30T21:01:45.558295+00:00,#1891,france_champion_no,1782853305174,0.70563,0.69664,0.7148,0.7148,2721.0,0.0,1821.0747200000005,0.0,-0.004495000000000027,0.009170000000000011,0.018159999999999954,True
2026-06-30T21:01:45.558418+00:00,#2130,sweden_champion_yes,1782853305174,0.00063,0.00063,0.00225,0.00225,0.0,0.0,0.0,0.0,0.0,0.00162,0.00162,False
2026-06-30T21:01:45.558505+00:00,#2131,sweden_champion_no,1782853305174,0.99775,0.99775,0.99937,0.99937,0.0,0.0,0.0,0.0,0.0,0.0016199999999999548,0.0016199999999999548,False
2026-06-30T21:01:45.558578+00:00,#6740,France,1782853305174,0.88,0.88,0.88333,0.88333,0.0,0.0,0.0,0.0029999999997016857,0.0,0.003329999999999944,0.003329999999999944,False
2026-06-30T21:01:45.558654+00:00,#6741,Sweden,1782853305174,0.11667,0.11667,0.12,0.12,0.0,0.0,-0.003000000000156433,0.0,0.0,0.0033299999999999996,0.0033299999999999996,False
2026-06-30T21:01:46.097195+00:00,#1890,france_champion_yes,1782853305617,0.2852,0.2852,0.30336,0.30336,0.0,0.0,0.0,0.0,0.0,0.01816000000000001,0.01816000000000001,False
2026-06-30T21:01:46.097416+00:00,#1891,france_champion_no,1782853305617,0.69664,0.69664,0.7148,0.7148,0.0,0.0,0.0,0.0,0.0,0.018159999999999954,0.018159999999999954,False
2026-06-30T21:01:46.097522+00:00,#2130,sweden_champion_yes,1782853305617,0.00063,0.00063,0.00225,0.00225,0.0,0.0,0.0,0.0,0.0,0.00162,0.00162,False
2026-06-30T21:01:46.097616+00:00,#2131,sweden_champion_no,1782853305617,0.99775,0.99775,0.99937,0.99937,0.0,0.0,0.0,0.0,0.0,0.0016199999999999548,0.0016199999999999548,False
2026-06-30T21:01:46.097717+00:00,#6740,France,1782853305617,0.88,0.88,0.88333,0.88333,0.0,0.0,0.0,0.0,0.0,0.003329999999999944,0.003329999999999944,False
2026-06-30T21:01:46.097844+00:00,#6741,Sweden,1782853305617,0.11667,0.11667,0.12,0.12,0.0,0.0,0.0,0.0,0.0,0.0033299999999999996,0.0033299999999999996,False
2026-06-30T21:01:48.324529+00:00,#1890,france_champion_yes,1782853306156,0.2852,0.2852,0.30336,0.30336,0.0,0.0,0.0,0.0,0.0,0.01816000000000001,0.01816000000000001,False
2026-06-30T21:01:48.324650+00:00,#1891,france_champion_no,1782853306156,0.69664,0.69664,0.7148,0.7148,0.0,0.0,0.0,0.0,0.0,0.018159999999999954,0.018159999999999954,False
2026-06-30T21:01:48.324736+00:00,#2130,sweden_champion_yes,1782853306156,0.00063,0.00063,0.00225,0.00225,0.0,0.0,0.0,0.0,0.0,0.00162,0.00162,False
2026-06-30T21:01:48.324810+00:00,#2131,sweden_champion_no,1782853306156,0.99775,0.99775,0.99937,0.99937,0.0,0.0,0.0,0.0,0.0,0.0016199999999999548,0.0016199999999999548,False
2026-06-30T21:01:48.324882+00:00,#6740,France,1782853306156,0.88,0.88,0.88333,0.88333,0.0,0.0,0.0,0.0,0.0,0.003329999999999944,0.003329999999999944,False
2026-06-30T21:01:48.324957+00:00,#6741,Sweden,1782853306156,0.11667,0.11667,0.12,0.12,0.0,0.0,0.0,0.0,0.0,0.0033299999999999996,0.0033299999999999996,False
2026-06-30T21:01:48.325100+00:00,#1890,france_champion_yes,1782853306680,0.2852,0.2852,0.30336,0.30336,0.0,0.0,0.0,0.0,0.0,0.01816000000000001,0.01816000000000001,False
2026-06-30T21:01:48.325172+00:00,#1891,france_champion_no,1782853306680,0.69664,0.69664,0.7148,0.7148,0.0,0.0,0.0,0.0,0.0,0.018159999999999954,0.018159999999999954,False
2026-06-30T21:01:48.325248+00:00,#2130,sweden_champion_yes,1782853306680,0.00063,0.00063,0.00225,0.00225,0.0,0.0,0.0,0.0,0.0,0.00162,0.00162,False
2026-06-30T21:01:48.325319+00:00,#2131,sweden_champion_no,1782853306680,0.99775,0.99775,0.99937,0.99937,0.0,0.0,0.0,0.0,0.0,0.0016199999999999548,0.0016199999999999548,False
2026-06-30T21:01:48.325387+00:00,#6740,France,1782853306680,0.88,0.88,0.88333,0.88333,0.0,0.0,0.0,0.0,0.0,0.003329999999999944,0.003329999999999944,False
2026-06-30T21:01:48.325476+00:00,#6741,Sweden,1782853306680,0.11667,0.11667,0.12,0.12,0.0,0.0,0.0,0.0,0.0,0.0033299999999999996,0.0033299999999999996,False
2026-06-30T21:01:48.325561+00:00,#1890,france_champion_yes,1782853307230,0.2852,0.2852,0.30336,0.30336,0.0,0.0,0.0,0.0,0.0,0.01816000000000001,0.01816000000000001,False
2026-06-30T21:01:48.325634+00:00,#1891,france_champion_no,1782853307230,0.69664,0.69664,0.7148,0.7148,0.0,0.0,0.0,0.0,0.0,0.018159999999999954,0.018159999999999954,False
2026-06-30T21:01:48.325709+00:00,#2130,sweden_champion_yes,1782853307230,0.00063,0.00063,0.00225,0.00225,0.0,0.0,0.0,0.0,0.0,0.00162,0.00162,False
2026-06-30T21:01:48.325779+00:00,#2131,sweden_champion_no,1782853307230,0.99775,0.99775,0.99937,0.99937,0.0,0.0,0.0,0.0,0.0,0.0016199999999999548,0.0016199999999999548,False
2026-06-30T21:01:48.325847+00:00,#6740,France,1782853307230,0.88,0.88,0.88333,0.88333,0.0,0.0,0.0,0.0,0.0,0.003329999999999944,0.003329999999999944,False
2026-06-30T21:01:48.325922+00:00,#6741,Sweden,1782853307230,0.11667,0.11667,0.12,0.12,0.0,0.0,0.0,0.0,0.0,0.0033299999999999996,0.0033299999999999996,False
2026-06-30T21:01:48.326044+00:00,#1890,france_champion_yes,1782853307772,0.2852,0.2852,0.30336,0.30336,0.0,0.0,0.0,0.0,0.0,0.01816000000000001,0.01816000000000001,False
2026-06-30T21:01:48.326119+00:00,#1891,france_champion_no,1782853307772,0.69664,0.69664,0.7148,0.7148,0.0,0.0,0.0,0.0,0.0,0.018159999999999954,0.018159999999999954,False
2026-06-30T21:01:48.326193+00:00,#2130,sweden_champion_yes,1782853307772,0.00063,0.00063,0.00225,0.00225,0.0,0.0,0.0,0.0,0.0,0.00162,0.00162,False
2026-06-30T21:01:48.326263+00:00,#2131,sweden_champion_no,1782853307772,0.99775,0.99775,0.99937,0.99937,0.0,0.0,0.0,0.0,0.0,0.0016199999999999548,0.0016199999999999548,False
2026-06-30T21:01:48.326334+00:00,#6740,France,1782853307772,0.88,0.88,0.88333,0.88333,807.0,627.0,702.0900000000001,554.7126000000007,0.0,0.003329999999999944,0.003329999999999944,False
2026-06-30T21:01:48.326416+00:00,#6741,Sweden,1782853307772,0.11667,0.11667,0.12,0.12,627.0,807.0,72.28740000000016,104.91000000000008,0.0,0.0033299999999999996,0.0033299999999999996,False
2026-06-30T21:01:48.766982+00:00,#1890,france_champion_yes,1782853308309,0.2852,0.2852,0.30336,0.30336,0.0,0.0,0.0,0.0,0.0,0.01816000000000001,0.01816000000000001,False
2026-06-30T21:01:48.767181+00:00,#1891,france_champion_no,1782853308309,0.69664,0.69664,0.7148,0.7148,0.0,0.0,0.0,0.0,0.0,0.018159999999999954,0.018159999999999954,False
2026-06-30T21:01:48.767285+00:00,#2130,sweden_champion_yes,1782853308309,0.00063,0.00063,0.00225,0.00225,0.0,0.0,0.0,0.0,0.0,0.00162,0.00162,False
2026-06-30T21:01:48.767379+00:00,#2131,sweden_champion_no,1782853308309,0.99775,0.99775,0.99937,0.99937,0.0,0.0,0.0,0.0,0.0,0.0016199999999999548,0.0016199999999999548,False
2026-06-30T21:01:48.767468+00:00,#6740,France,1782853308309,0.88,0.88,0.88333,0.8824,-8282.0,-35.0,-7221.6925,-34.96280000000115,-0.0004649999999999377,0.003329999999999944,0.0023999999999999577,True
2026-06-30T21:01:48.767593+00:00,#6741,Sweden,1782853308309,0.11667,0.1176,0.12,0.12,-35.0,-8282.0,-0.03719999999998436,-1060.3075000000003,0.0004649999999999932,0.0033299999999999996,0.0023999999999999994,True
2026-06-30T21:01:50.089053+00:00,#1890,france_champion_yes,1782853308876,0.2852,0.2852,0.30336,0.30336,0.0,0.0,0.0,0.0,0.0,0.01816000000000001,0.01816000000000001,False
2026-06-30T21:01:50.089230+00:00,#1891,france_champion_no,1782853308876,0.69664,0.69664,0.7148,0.7148,0.0,0.0,0.0,0.0,0.0,0.018159999999999954,0.018159999999999954,False
2026-06-30T21:01:50.089346+00:00,#2130,sweden_champion_yes,1782853308876,0.00063,0.00063,0.00225,0.00225,0.0,0.0,0.0,0.0,0.0,0.00162,0.00162,False
2026-06-30T21:01:50.089601+00:00,#2131,sweden_champion_no,1782853308876,0.99775,0.99775,0.99937,0.99937,0.0,0.0,0.0,0.0,0.0,0.0016199999999999548,0.0016199999999999548,False
2026-06-30T21:01:50.089727+00:00,#6740,France,1782853308876,0.88,0.88,0.8824,0.8824,-500.0,188.0,-440.00000000000045,167.20499999999993,0.0,0.0023999999999999577,0.0023999999999999577,False
2026-06-30T21:01:50.089840+00:00,#6741,Sweden,1782853308876,0.1176,0.1176,0.12,0.12,188.0,-500.0,20.794999999999845,-59.999999999999886,0.0,0.0023999999999999994,0.0023999999999999994,False
2026-06-30T21:01:50.090127+00:00,#1890,france_champion_yes,1782853309388,0.2852,0.2852,0.30336,0.30336,0.0,0.0,0.0,0.0,0.0,0.01816000000000001,0.01816000000000001,False
2026-06-30T21:01:50.090227+00:00,#1891,france_champion_no,1782853309388,0.69664,0.69664,0.7148,0.7148,0.0,0.0,0.0,0.0,0.0,0.018159999999999954,0.018159999999999954,False
2026-06-30T21:01:50.090323+00:00,#2130,sweden_champion_yes,1782853309388,0.00063,0.00063,0.00225,0.00225,0.0,0.0,0.0,0.0,0.0,0.00162,0.00162,False
2026-06-30T21:01:50.090414+00:00,#2131,sweden_champion_no,1782853309388,0.99775,0.99775,0.99937,0.99937,0.0,0.0,0.0,0.0,0.0,0.0016199999999999548,0.0016199999999999548,False
2026-06-30T21:01:50.090537+00:00,#6740,France,1782853309388,0.88,0.88,0.8824,0.8824,4873.0,0.0,4202.127329999999,0.0,0.0,0.0023999999999999577,0.0023999999999999577,True
2026-06-30T21:01:50.090657+00:00,#6741,Sweden,1782853309388,0.1176,0.1176,0.12,0.12,0.0,4873.0,0.0,670.87267,0.0,0.0023999999999999994,0.0023999999999999994,True
2026-06-30T21:01:50.468756+00:00,#1890,france_champion_yes,1782853309928,0.2852,0.2852,0.30336,0.30336,-4.0,0.0,-1.0341099999999983,0.0,0.0,0.01816000000000001,0.01816000000000001,False
2026-06-30T21:01:50.468920+00:00,#1891,france_champion_no,1782853309928,0.69664,0.69664,0.7148,0.7148,0.0,-4.0,0.0,-2.965889999999945,0.0,0.018159999999999954,0.018159999999999954,False
2026-06-30T21:01:50.469110+00:00,#2130,sweden_champion_yes,1782853309928,0.00063,0.00063,0.00225,0.00225,0.0,0.0,0.0,0.0,0.0,0.00162,0.00162,False
2026-06-30T21:01:50.469213+00:00,#2131,sweden_champion_no,1782853309928,0.99775,0.99775,0.99937,0.99937,0.0,0.0,0.0,0.0,0.0,0.0016199999999999548,0.0016199999999999548,False
2026-06-30T21:01:50.469326+00:00,#6740,France,1782853309928,0.88,0.88,0.8824,0.88234,-84.0,75.0,-73.91999999999916,64.45200000000114,-2.999999999997449e-05,0.0023999999999999577,0.0023400000000000087,False
2026-06-30T21:01:50.469448+00:00,#6741,Sweden,1782853309928,0.1176,0.11766,0.12,0.12,75.0,-84.0,10.548000000000002,-10.079999999999927,3.0000000000002247e-05,0.0023999999999999994,0.002339999999999995,False
2026-06-30T21:01:50.854085+00:00,#1890,france_champion_yes,1782853310484,0.2852,0.2852,0.30336,0.30336,0.0,0.0,0.0,0.0,0.0,0.01816000000000001,0.01816000000000001,False
2026-06-30T21:01:50.854269+00:00,#1891,france_champion_no,1782853310484,0.69664,0.69664,0.7148,0.7148,0.0,0.0,0.0,0.0,0.0,0.018159999999999954,0.018159999999999954,False
2026-06-30T21:01:50.854369+00:00,#2130,sweden_champion_yes,1782853310484,0.00063,0.00063,0.00225,0.00225,0.0,0.0,0.0,0.0,0.0,0.00162,0.00162,False
2026-06-30T21:01:50.854455+00:00,#2131,sweden_champion_no,1782853310484,0.99775,0.99775,0.99937,0.99937,0.0,0.0,0.0,0.0,0.0,0.0016199999999999548,0.0016199999999999548,False
2026-06-30T21:01:50.854524+00:00,#6740,France,1782853310484,0.88,0.88,0.88234,0.8824,-6723.0,-275.0,-5823.945000000001,-240.9320000000007,2.999999999997449e-05,0.0023400000000000087,0.0023999999999999577,True
2026-06-30T21:01:50.854622+00:00,#6741,Sweden,1782853310484,0.11766,0.1176,0.12,0.12,-275.0,-6723.0,-34.067999999999984,-899.0550000000001,-3.0000000000002247e-05,0.002339999999999995,0.0023999999999999994,True
2026-06-30T21:01:51.507009+00:00,#1890,france_champion_yes,1782853311086,0.2852,0.2852,0.30336,0.30336,0.0,50.0,0.0,15.168000000000575,0.0,0.01816000000000001,0.01816000000000001,False
2026-06-30T21:01:51.507222+00:00,#1891,france_champion_no,1782853311086,0.69664,0.69664,0.7148,0.7148,50.0,0.0,34.832000000000335,0.0,0.0,0.018159999999999954,0.018159999999999954,False
2026-06-30T21:01:51.507312+00:00,#2130,sweden_champion_yes,1782853311086,0.00063,0.00063,0.00225,0.00225,0.0,0.0,0.0,0.0,0.0,0.00162,0.00162,False
2026-06-30T21:01:51.507386+00:00,#2131,sweden_champion_no,1782853311086,0.99775,0.99775,0.99937,0.99937,0.0,0.0,0.0,0.0,0.0,0.0016199999999999548,0.0016199999999999548,False
2026-06-30T21:01:51.507472+00:00,#6740,France,1782853311086,0.88,0.88,0.8824,0.88333,6164.0,388.0,5333.860000000001,347.1825599999993,0.0004649999999999377,0.0023999999999999577,0.003329999999999944,True
2026-06-30T21:01:51.507595+00:00,#6741,Sweden,1782853311086,0.1176,0.11667,0.12,0.12,388.0,6164.0,40.81744000000003,830.1399999999999,-0.0004649999999999932,0.0023999999999999994,0.0033299999999999996,True
2026-06-30T21:01:52.017686+00:00,#1890,france_champion_yes,1782853311580,0.2852,0.2852,0.30336,0.30336,0.0,0.0,0.0,0.0,0.0,0.01816000000000001,0.01816000000000001,False
2026-06-30T21:01:52.017981+00:00,#1891,france_champion_no,1782853311580,0.69664,0.69664,0.7148,0.7148,0.0,0.0,0.0,0.0,0.0,0.018159999999999954,0.018159999999999954,False
2026-06-30T21:01:52.018181+00:00,#2130,sweden_champion_yes,1782853311580,0.00063,0.00063,0.00225,0.00225,0.0,0.0,0.0,0.0,0.0,0.00162,0.00162,False
2026-06-30T21:01:52.018302+00:00,#2131,sweden_champion_no,1782853311580,0.99775,0.99775,0.99937,0.99937,0.0,0.0,0.0,0.0,0.0,0.0016199999999999548,0.0016199999999999548,False
2026-06-30T21:01:52.018421+00:00,#6740,France,1782853311580,0.88,0.88,0.88333,0.88333,0.0,0.0,0.0,0.0,0.0,0.003329999999999944,0.003329999999999944,False
2026-06-30T21:01:52.018560+00:00,#6741,Sweden,1782853311580,0.11667,0.11667,0.12,0.12,0.0,0.0,0.0,0.0,0.0,0.0033299999999999996,0.0033299999999999996,False
2026-06-30T21:01:52.534530+00:00,#1890,france_champion_yes,1782853312112,0.2852,0.2852,0.30336,0.30336,0.0,0.0,0.0,0.0,0.0,0.01816000000000001,0.01816000000000001,False
2026-06-30T21:01:52.534864+00:00,#1891,france_champion_no,1782853312112,0.69664,0.69664,0.7148,0.7148,0.0,0.0,0.0,0.0,0.0,0.018159999999999954,0.018159999999999954,False
2026-06-30T21:01:52.535031+00:00,#2130,sweden_champion_yes,1782853312112,0.00063,0.00063,0.00225,0.00225,0.0,0.0,0.0,0.0,0.0,0.00162,0.00162,False
2026-06-30T21:01:52.535185+00:00,#2131,sweden_champion_no,1782853312112,0.99775,0.99775,0.99937,0.99937,0.0,0.0,0.0,0.0,0.0,0.0016199999999999548,0.0016199999999999548,False
2026-06-30T21:01:52.535337+00:00,#6740,France,1782853312112,0.88,0.88,0.88333,0.88333,0.0,0.0,0.0,0.0,0.0,0.003329999999999944,0.003329999999999944,False
2026-06-30T21:01:52.535488+00:00,#6741,Sweden,1782853312112,0.11667,0.11667,0.12,0.12,0.0,0.0,0.0,0.0,0.0,0.0033299999999999996,0.0033299999999999996,False
2026-06-30T21:01:53.009860+00:00,#1890,france_champion_yes,1782853312653,0.2852,0.2852,0.30336,0.30336,0.0,0.0,0.0,0.0,0.0,0.01816000000000001,0.01816000000000001,False
2026-06-30T21:01:53.010065+00:00,#1891,france_champion_no,1782853312653,0.69664,0.69664,0.7148,0.7148,0.0,0.0,0.0,0.0,0.0,0.018159999999999954,0.018159999999999954,False
2026-06-30T21:01:53.010154+00:00,#2130,sweden_champion_yes,1782853312653,0.00063,0.00063,0.00225,0.00225,0.0,0.0,0.0,0.0,0.0,0.00162,0.00162,False
2026-06-30T21:01:53.010227+00:00,#2131,sweden_champion_no,1782853312653,0.99775,0.99775,0.99937,0.99937,0.0,0.0,0.0,0.0,0.0,0.0016199999999999548,0.0016199999999999548,False
2026-06-30T21:01:53.010314+00:00,#6740,France,1782853312653,0.88,0.87126,0.88333,0.87837,-6629.0,-88.0,-5747.030000000001,-81.73921999999948,-0.006849999999999912,0.003329999999999944,0.00710999999999995,True
2026-06-30T21:01:53.010428+00:00,#6741,Sweden,1782853312653,0.11667,0.12163,0.12,0.12874,-88.0,-6629.0,-6.260780000000068,-881.9699999999998,0.006849999999999995,0.0033299999999999996,0.007109999999999991,True
2026-06-30T21:01:53.586274+00:00,#1890,france_champion_yes,1782853313215,0.2852,0.2852,0.30336,0.30336,0.0,0.0,0.0,0.0,0.0,0.01816000000000001,0.01816000000000001,False
2026-06-30T21:01:53.586578+00:00,#1891,france_champion_no,1782853313215,0.69664,0.69664,0.7148,0.7148,0.0,0.0,0.0,0.0,0.0,0.018159999999999954,0.018159999999999954,False
2026-06-30T21:01:53.586690+00:00,#2130,sweden_champion_yes,1782853313215,0.00063,0.00063,0.00225,0.00225,0.0,0.0,0.0,0.0,0.0,0.00162,0.00162,False
2026-06-30T21:01:53.586783+00:00,#2131,sweden_champion_no,1782853313215,0.99775,0.99775,0.99937,0.99937,0.0,0.0,0.0,0.0,0.0,0.0016199999999999548,0.0016199999999999548,False
2026-06-30T21:01:53.586866+00:00,#6740,France,1782853313215,0.87126,0.87126,0.87837,0.87837,7293.0,0.0,6329.94,0.0,0.0,0.00710999999999995,0.00710999999999995,True
2026-06-30T21:01:53.586976+00:00,#6741,Sweden,1782853313215,0.12163,0.12163,0.12874,0.12874,0.0,7293.0,0.0,963.06,0.0,0.007109999999999991,0.007109999999999991,True
2026-06-30T21:01:54.244488+00:00,#1890,france_champion_yes,1782853313753,0.2852,0.2852,0.30336,0.30336,0.0,0.0,0.0,0.0,0.0,0.01816000000000001,0.01816000000000001,False
2026-06-30T21:01:54.244704+00:00,#1891,france_champion_no,1782853313753,0.69664,0.69664,0.7148,0.7148,0.0,0.0,0.0,0.0,0.0,0.018159999999999954,0.018159999999999954,False
2026-06-30T21:01:54.244797+00:00,#2130,sweden_champion_yes,1782853313753,0.00063,0.00063,0.00225,0.00225,0.0,0.0,0.0,0.0,0.0,0.00162,0.00162,False
2026-06-30T21:01:54.244874+00:00,#2131,sweden_champion_no,1782853313753,0.99775,0.99775,0.99937,0.99937,0.0,0.0,0.0,0.0,0.0,0.0016199999999999548,0.0016199999999999548,False
2026-06-30T21:01:54.244959+00:00,#6740,France,1782853313753,0.87126,0.87126,0.87837,0.87837,-477.0,-33.0,-410.46299999999974,-33.03105999999934,0.0,0.00710999999999995,0.00710999999999995,False
2026-06-30T21:01:54.245046+00:00,#6741,Sweden,1782853313753,0.12163,0.12163,0.12874,0.12874,-33.0,-477.0,0.031060000000024957,-66.53699999999981,0.0,0.007109999999999991,0.007109999999999991,False
2026-06-30T21:01:54.782839+00:00,#1890,france_champion_yes,1782853314381,0.2852,0.2852,0.30336,0.30336,0.0,0.0,0.0,0.0,0.0,0.01816000000000001,0.01816000000000001,False
2026-06-30T21:01:54.783071+00:00,#1891,france_champion_no,1782853314381,0.69664,0.69664,0.7148,0.7148,0.0,0.0,0.0,0.0,0.0,0.018159999999999954,0.018159999999999954,False
2026-06-30T21:01:54.783162+00:00,#2130,sweden_champion_yes,1782853314381,0.00063,0.00063,0.00225,0.00225,0.0,0.0,0.0,0.0,0.0,0.00162,0.00162,False
2026-06-30T21:01:54.783253+00:00,#2131,sweden_champion_no,1782853314381,0.99775,0.99775,0.99937,0.99937,0.0,0.0,0.0,0.0,0.0,0.0016199999999999548,0.0016199999999999548,False
2026-06-30T21:01:54.783335+00:00,#6740,France,1782853314381,0.87126,0.8783,0.87837,0.87837,-1.0,63.0,3.294699999999466,59.73406000000068,0.0035199999999999676,0.00710999999999995,7.00000000000145e-05,False
2026-06-30T21:01:54.783434+00:00,#6741,Sweden,1782853314381,0.12163,0.12163,0.12874,0.1217,63.0,-1.0,3.2659400000000005,-4.294700000000148,-0.0035199999999999954,0.007109999999999991,7.000000000000062e-05,False
2026-06-30T21:01:55.332681+00:00,#1890,france_champion_yes,1782853314928,0.2852,0.2852,0.30336,0.30336,0.0,0.0,0.0,0.0,0.0,0.01816000000000001,0.01816000000000001,False
2026-06-30T21:01:55.332896+00:00,#1891,france_champion_no,1782853314928,0.69664,0.69664,0.7148,0.7148,0.0,0.0,0.0,0.0,0.0,0.018159999999999954,0.018159999999999954,False
2026-06-30T21:01:55.333006+00:00,#2130,sweden_champion_yes,1782853314928,0.00063,0.00063,0.00225,0.00225,0.0,0.0,0.0,0.0,0.0,0.00162,0.00162,False
2026-06-30T21:01:55.333089+00:00,#2131,sweden_champion_no,1782853314928,0.99775,0.99775,0.99937,0.99937,0.0,0.0,0.0,0.0,0.0,0.0016199999999999548,0.0016199999999999548,False
2026-06-30T21:01:55.333166+00:00,#6740,France,1782853314928,0.8783,0.8783,0.87837,0.87837,-6723.0,-59.0,-5838.57,-56.77550000000156,0.0,7.00000000000145e-05,7.00000000000145e-05,True
2026-06-30T21:01:55.333268+00:00,#6741,Sweden,1782853314928,0.12163,0.12163,0.1217,0.1217,-59.0,-6723.0,-2.2245000000000346,-884.4300000000001,0.0,7.000000000000062e-05,7.000000000000062e-05,True
2026-06-30T21:01:55.858975+00:00,#1890,france_champion_yes,1782853315478,0.2852,0.2852,0.30336,0.30336,0.0,0.0,0.0,0.0,0.0,0.01816000000000001,0.01816000000000001,False
2026-06-30T21:01:55.859297+00:00,#1891,france_champion_no,1782853315478,0.69664,0.69664,0.7148,0.7148,0.0,0.0,0.0,0.0,0.0,0.018159999999999954,0.018159999999999954,False
2026-06-30T21:01:55.859479+00:00,#2130,sweden_champion_yes,1782853315478,0.00063,0.00063,0.00225,0.00225,0.0,0.0,0.0,0.0,0.0,0.00162,0.00162,False
2026-06-30T21:01:55.859615+00:00,#2131,sweden_champion_no,1782853315478,0.99775,0.99775,0.99937,0.99937,0.0,0.0,0.0,0.0,0.0,0.0016199999999999548,0.0016199999999999548,False
2026-06-30T21:01:55.859759+00:00,#6740,France,1782853315478,0.8783,0.8783,0.87837,0.87837,0.0,0.0,0.0,0.0,0.0,7.00000000000145e-05,7.00000000000145e-05,False
2026-06-30T21:01:55.859914+00:00,#6741,Sweden,1782853315478,0.12163,0.12163,0.1217,0.1217,0.0,0.0,0.0,0.0,0.0,7.000000000000062e-05,7.000000000000062e-05,False
2026-06-30T21:01:56.472071+00:00,#1890,france_champion_yes,1782853316084,0.2852,0.2852,0.30336,0.30336,0.0,0.0,0.0,0.0,0.0,0.01816000000000001,0.01816000000000001,False
2026-06-30T21:01:56.472283+00:00,#1891,france_champion_no,1782853316084,0.69664,0.69664,0.7148,0.7148,0.0,0.0,0.0,0.0,0.0,0.018159999999999954,0.018159999999999954,False
2026-06-30T21:01:56.472371+00:00,#2130,sweden_champion_yes,1782853316084,0.00063,0.00063,0.00225,0.00225,0.0,0.0,0.0,0.0,0.0,0.00162,0.00162,False
2026-06-30T21:01:56.472457+00:00,#2131,sweden_champion_no,1782853316084,0.99775,0.99775,0.99937,0.99937,0.0,0.0,0.0,0.0,0.0,0.0016199999999999548,0.0016199999999999548,False
2026-06-30T21:01:56.472532+00:00,#6740,France,1782853316084,0.8783,0.8783,0.87837,0.87837,0.0,-836.0,0.0,-741.3463199999987,0.0,7.00000000000145e-05,7.00000000000145e-05,False
2026-06-30T21:01:56.472624+00:00,#6741,Sweden,1782853316084,0.12163,0.12163,0.1217,0.1217,-836.0,0.0,-94.6536799999999,0.0,0.0,7.000000000000062e-05,7.000000000000062e-05,False
2026-06-30T21:01:57.033761+00:00,#1890,france_champion_yes,1782853316555,0.2852,0.2852,0.30336,0.30336,0.0,0.0,0.0,0.0,0.0,0.01816000000000001,0.01816000000000001,False
2026-06-30T21:01:57.033993+00:00,#1891,france_champion_no,1782853316555,0.69664,0.69664,0.7148,0.7148,0.0,0.0,0.0,0.0,0.0,0.018159999999999954,0.018159999999999954,False
2026-06-30T21:01:57.034106+00:00,#2130,sweden_champion_yes,1782853316555,0.00063,0.00063,0.00225,0.00225,0.0,0.0,0.0,0.0,0.0,0.00162,0.00162,False
2026-06-30T21:01:57.034202+00:00,#2131,sweden_champion_no,1782853316555,0.99775,0.99775,0.99937,0.99937,0.0,0.0,0.0,0.0,0.0,0.0016199999999999548,0.0016199999999999548,False
2026-06-30T21:01:57.034286+00:00,#6740,France,1782853316555,0.8783,0.8783,0.87837,0.87837,0.0,0.0,0.0,0.0,0.0,7.00000000000145e-05,7.00000000000145e-05,False
2026-06-30T21:01:57.034373+00:00,#6741,Sweden,1782853316555,0.12163,0.12163,0.1217,0.1217,0.0,0.0,0.0,0.0,0.0,7.000000000000062e-05,7.000000000000062e-05,False
2026-06-30T21:01:57.553288+00:00,#1890,france_champion_yes,1782853317096,0.2852,0.2852,0.30336,0.30336,0.0,0.0,0.0,0.0,0.0,0.01816000000000001,0.01816000000000001,False
2026-06-30T21:01:57.553510+00:00,#1891,france_champion_no,1782853317096,0.69664,0.69664,0.7148,0.7148,0.0,0.0,0.0,0.0,0.0,0.018159999999999954,0.018159999999999954,False
2026-06-30T21:01:57.553613+00:00,#2130,sweden_champion_yes,1782853317096,0.00063,0.00063,0.00225,0.00225,0.0,0.0,0.0,0.0,0.0,0.00162,0.00162,False
2026-06-30T21:01:57.553703+00:00,#2131,sweden_champion_no,1782853317096,0.99775,0.99775,0.99937,0.99937,0.0,0.0,0.0,0.0,0.0,0.0016199999999999548,0.0016199999999999548,False
2026-06-30T21:01:57.553793+00:00,#6740,France,1782853317096,0.8783,0.8783,0.87837,0.87837,0.0,0.0,0.0,0.0,0.0,7.00000000000145e-05,7.00000000000145e-05,False
2026-06-30T21:01:57.553884+00:00,#6741,Sweden,1782853317096,0.12163,0.12163,0.1217,0.1217,0.0,0.0,0.0,0.0,0.0,7.000000000000062e-05,7.000000000000062e-05,False
2026-06-30T21:01:58.221353+00:00,#1890,france_champion_yes,1782853317702,0.2852,0.2852,0.30336,0.30336,0.0,0.0,0.0,0.0,0.0,0.01816000000000001,0.01816000000000001,False
2026-06-30T21:01:58.221470+00:00,#1891,france_champion_no,1782853317702,0.69664,0.69664,0.7148,0.7148,0.0,0.0,0.0,0.0,0.0,0.018159999999999954,0.018159999999999954,False
2026-06-30T21:01:58.221578+00:00,#2130,sweden_champion_yes,1782853317702,0.00063,0.00063,0.00225,0.00225,0.0,0.0,0.0,0.0,0.0,0.00162,0.00162,False
2026-06-30T21:01:58.221654+00:00,#2131,sweden_champion_no,1782853317702,0.99775,0.99775,0.99937,0.99937,0.0,0.0,0.0,0.0,0.0,0.0016199999999999548,0.0016199999999999548,False
2026-06-30T21:01:58.221727+00:00,#6740,France,1782853317702,0.8783,0.8783,0.87837,0.87837,0.0,0.0,0.0,0.0,0.0,7.00000000000145e-05,7.00000000000145e-05,False
2026-06-30T21:01:58.221815+00:00,#6741,Sweden,1782853317702,0.12163,0.12163,0.1217,0.1217,0.0,0.0,0.0,0.0,0.0,7.000000000000062e-05,7.000000000000062e-05,False
2026-06-30T21:01:58.811946+00:00,#1890,france_champion_yes,1782853318237,0.2852,0.2852,0.30336,0.30336,0.0,0.0,0.0,0.0,0.0,0.01816000000000001,0.01816000000000001,False
2026-06-30T21:01:58.812057+00:00,#1891,france_champion_no,1782853318237,0.69664,0.69664,0.7148,0.7148,0.0,0.0,0.0,0.0,0.0,0.018159999999999954,0.018159999999999954,False
2026-06-30T21:01:58.812160+00:00,#2130,sweden_champion_yes,1782853318237,0.00063,0.00063,0.00225,0.00225,0.0,0.0,0.0,0.0,0.0,0.00162,0.00162,False
2026-06-30T21:01:58.812250+00:00,#2131,sweden_champion_no,1782853318237,0.99775,0.99775,0.99937,0.99937,0.0,0.0,0.0,0.0,0.0,0.0016199999999999548,0.0016199999999999548,False
2026-06-30T21:01:58.812332+00:00,#6740,France,1782853318237,0.8783,0.8783,0.87837,0.87837,-100.0,104.0,-87.8299999999997,93.41299999999956,0.0,7.00000000000145e-05,7.00000000000145e-05,False
2026-06-30T21:01:58.812445+00:00,#6741,Sweden,1782853318237,0.12163,0.12163,0.1217,0.1217,104.0,-100.0,10.586999999999989,-12.170000000000016,0.0,7.000000000000062e-05,7.000000000000062e-05,False
2026-06-30T21:01:59.150465+00:00,#1890,france_champion_yes,1782853318752,0.2852,0.2852,0.30336,0.29437,0.0,-2721.0,0.0,-899.9252800000004,-0.004494999999999971,0.01816000000000001,0.009170000000000011,True
2026-06-30T21:01:59.150595+00:00,#1891,france_champion_no,1782853318752,0.69664,0.70563,0.7148,0.7148,-2721.0,0.0,-1821.0747200000005,0.0,0.004495000000000027,0.018159999999999954,0.009170000000000011,True
2026-06-30T21:01:59.150696+00:00,#2130,sweden_champion_yes,1782853318752,0.00063,0.00063,0.00225,0.00225,0.0,0.0,0.0,0.0,0.0,0.00162,0.00162,False
2026-06-30T21:01:59.150778+00:00,#2131,sweden_champion_no,1782853318752,0.99775,0.99775,0.99937,0.99937,0.0,0.0,0.0,0.0,0.0,0.0016199999999999548,0.0016199999999999548,False
2026-06-30T21:01:59.150859+00:00,#6740,France,1782853318752,0.8783,0.8783,0.87837,0.87837,0.0,0.0,0.0,0.0,0.0,7.00000000000145e-05,7.00000000000145e-05,False
2026-06-30T21:01:59.150943+00:00,#6741,Sweden,1782853318752,0.12163,0.12163,0.1217,0.1217,0.0,0.0,0.0,0.0,0.0,7.000000000000062e-05,7.000000000000062e-05,False
2026-06-30T21:01:59.801161+00:00,#1890,france_champion_yes,1782853319330,0.2852,0.2852,0.29437,0.29437,0.0,0.0,0.0,0.0,0.0,0.009170000000000011,0.009170000000000011,False
2026-06-30T21:01:59.801246+00:00,#1891,france_champion_no,1782853319330,0.70563,0.70563,0.7148,0.7148,0.0,0.0,0.0,0.0,0.0,0.009170000000000011,0.009170000000000011,False
2026-06-30T21:01:59.801323+00:00,#2130,sweden_champion_yes,1782853319330,0.00063,0.00063,0.00225,0.00225,0.0,0.0,0.0,0.0,0.0,0.00162,0.00162,False
2026-06-30T21:01:59.801396+00:00,#2131,sweden_champion_no,1782853319330,0.99775,0.99775,0.99937,0.99937,0.0,0.0,0.0,0.0,0.0,0.0016199999999999548,0.0016199999999999548,False
2026-06-30T21:01:59.801473+00:00,#6740,France,1782853319330,0.8783,0.87126,0.87837,0.87837,7283.0,0.0,6294.8832999999995,0.0,-0.0035199999999999676,7.00000000000145e-05,0.00710999999999995,True
2026-06-30T21:01:59.801571+00:00,#6741,Sweden,1782853319330,0.12163,0.12163,0.1217,0.12874,0.0,7283.0,0.0,988.1167,0.0035199999999999954,7.000000000000062e-05,0.007109999999999991,True
2026-06-30T21:02:00.357135+00:00,#1890,france_champion_yes,1782853319894,0.2852,0.2852,0.29437,0.29437,0.0,0.0,0.0,0.0,0.0,0.009170000000000011,0.009170000000000011,False
2026-06-30T21:02:00.357330+00:00,#1891,france_champion_no,1782853319894,0.70563,0.70563,0.7148,0.7148,0.0,0.0,0.0,0.0,0.0,0.009170000000000011,0.009170000000000011,False
2026-06-30T21:02:00.357440+00:00,#2130,sweden_champion_yes,1782853319894,0.00063,0.00063,0.00225,0.00225,0.0,0.0,0.0,0.0,0.0,0.00162,0.00162,False
2026-06-30T21:02:00.357539+00:00,#2131,sweden_champion_no,1782853319894,0.99775,0.99775,0.99937,0.99937,0.0,0.0,0.0,0.0,0.0,0.0016199999999999548,0.0016199999999999548,False
2026-06-30T21:02:00.357620+00:00,#6740,France,1782853319894,0.87126,0.87126,0.87837,0.87837,-80.0,0.0,-69.60000000000036,0.0,0.0,0.00710999999999995,0.00710999999999995,False
2026-06-30T21:02:00.357727+00:00,#6741,Sweden,1782853319894,0.12163,0.12163,0.12874,0.12874,0.0,-80.0,0.0,-10.400000000000091,0.0,0.007109999999999991,0.007109999999999991,False
2026-06-30T21:02:00.795195+00:00,#1890,france_champion_yes,1782853320410,0.2852,0.2852,0.29437,0.29437,0.0,0.0,0.0,0.0,0.0,0.009170000000000011,0.009170000000000011,False
2026-06-30T21:02:00.795376+00:00,#1891,france_champion_no,1782853320410,0.70563,0.70563,0.7148,0.7148,0.0,0.0,0.0,0.0,0.0,0.009170000000000011,0.009170000000000011,False
2026-06-30T21:02:00.795472+00:00,#2130,sweden_champion_yes,1782853320410,0.00063,0.00063,0.00225,0.00225,0.0,0.0,0.0,0.0,0.0,0.00162,0.00162,False
2026-06-30T21:02:00.795549+00:00,#2131,sweden_champion_no,1782853320410,0.99775,0.99775,0.99937,0.99937,0.0,0.0,0.0,0.0,0.0,0.0016199999999999548,0.0016199999999999548,False
2026-06-30T21:02:00.795622+00:00,#6740,France,1782853320410,0.87126,0.87126,0.87837,0.87837,0.0,0.0,0.0,0.0,0.0,0.00710999999999995,0.00710999999999995,False
2026-06-30T21:02:00.795705+00:00,#6741,Sweden,1782853320410,0.12163,0.12163,0.12874,0.12874,0.0,0.0,0.0,0.0,0.0,0.007109999999999991,0.007109999999999991,False
2026-06-30T21:02:01.394248+00:00,#1890,france_champion_yes,1782853320929,0.2852,0.2852,0.29437,0.29437,0.0,0.0,0.0,0.0,0.0,0.009170000000000011,0.009170000000000011,False
2026-06-30T21:02:01.394452+00:00,#1891,france_champion_no,1782853320929,0.70563,0.70563,0.7148,0.7148,0.0,0.0,0.0,0.0,0.0,0.009170000000000011,0.009170000000000011,False
2026-06-30T21:02:01.394540+00:00,#2130,sweden_champion_yes,1782853320929,0.00063,0.00063,0.00225,0.00225,0.0,0.0,0.0,0.0,0.0,0.00162,0.00162,False
2026-06-30T21:02:01.394622+00:00,#2131,sweden_champion_no,1782853320929,0.99775,0.99775,0.99937,0.99937,0.0,0.0,0.0,0.0,0.0,0.0016199999999999548,0.0016199999999999548,False
2026-06-30T21:02:01.394701+00:00,#6740,France,1782853320929,0.87126,0.87126,0.87837,0.87837,0.0,0.0,0.0,0.0,0.0,0.00710999999999995,0.00710999999999995,False
2026-06-30T21:02:01.394777+00:00,#6741,Sweden,1782853320929,0.12163,0.12163,0.12874,0.12874,0.0,0.0,0.0,0.0,0.0,0.007109999999999991,0.007109999999999991,False
2026-06-30T21:02:01.865911+00:00,#1890,france_champion_yes,1782853321472,0.2852,0.2852,0.29437,0.29437,0.0,0.0,0.0,0.0,0.0,0.009170000000000011,0.009170000000000011,False
2026-06-30T21:02:01.866092+00:00,#1891,france_champion_no,1782853321472,0.70563,0.70563,0.7148,0.7148,0.0,0.0,0.0,0.0,0.0,0.009170000000000011,0.009170000000000011,False
2026-06-30T21:02:01.866193+00:00,#2130,sweden_champion_yes,1782853321472,0.00063,0.00063,0.00225,0.00225,0.0,0.0,0.0,0.0,0.0,0.00162,0.00162,False
2026-06-30T21:02:01.866276+00:00,#2131,sweden_champion_no,1782853321472,0.99775,0.99775,0.99937,0.99937,0.0,0.0,0.0,0.0,0.0,0.0016199999999999548,0.0016199999999999548,False
2026-06-30T21:02:01.866350+00:00,#6740,France,1782853321472,0.87126,0.8783,0.87837,0.87837,-7299.0,0.0,-6308.7867,0.0,0.0035199999999999676,0.00710999999999995,7.00000000000145e-05,True
2026-06-30T21:02:01.866478+00:00,#6741,Sweden,1782853321472,0.12163,0.12163,0.12874,0.1217,0.0,-7299.0,0.0,-990.2132999999999,-0.0035199999999999954,0.007109999999999991,7.000000000000062e-05,True
2026-06-30T21:02:02.525338+00:00,#1890,france_champion_yes,1782853322078,0.2852,0.2852,0.29437,0.29437,0.0,0.0,0.0,0.0,0.0,0.009170000000000011,0.009170000000000011,False
2026-06-30T21:02:02.525541+00:00,#1891,france_champion_no,1782853322078,0.70563,0.70563,0.7148,0.7148,0.0,0.0,0.0,0.0,0.0,0.009170000000000011,0.009170000000000011,False
2026-06-30T21:02:02.525639+00:00,#2130,sweden_champion_yes,1782853322078,0.00063,0.00063,0.00225,0.00225,0.0,0.0,0.0,0.0,0.0,0.00162,0.00162,False
2026-06-30T21:02:02.525719+00:00,#2131,sweden_champion_no,1782853322078,0.99775,0.99775,0.99937,0.99937,0.0,0.0,0.0,0.0,0.0,0.0016199999999999548,0.0016199999999999548,False
2026-06-30T21:02:02.525792+00:00,#6740,France,1782853322078,0.8783,0.8783,0.87837,0.87837,6723.0,548.0,5853.945,487.7358599999998,0.0,7.00000000000145e-05,7.00000000000145e-05,True
2026-06-30T21:02:02.525894+00:00,#6741,Sweden,1782853322078,0.12163,0.12163,0.1217,0.1217,548.0,6723.0,60.26414,869.0550000000001,0.0,7.000000000000062e-05,7.000000000000062e-05,True
2026-06-30T21:02:02.978132+00:00,#1890,france_champion_yes,1782853322523,0.2852,0.2852,0.29437,0.29437,0.0,0.0,0.0,0.0,0.0,0.009170000000000011,0.009170000000000011,False
2026-06-30T21:02:02.978239+00:00,#1891,france_champion_no,1782853322523,0.70563,0.70563,0.7148,0.7148,0.0,0.0,0.0,0.0,0.0,0.009170000000000011,0.009170000000000011,False
2026-06-30T21:02:02.978322+00:00,#2130,sweden_champion_yes,1782853322523,0.00063,0.00063,0.00225,0.00225,0.0,0.0,0.0,0.0,0.0,0.00162,0.00162,False
2026-06-30T21:02:02.978395+00:00,#2131,sweden_champion_no,1782853322523,0.99775,0.99775,0.99937,0.99937,0.0,0.0,0.0,0.0,0.0,0.0016199999999999548,0.0016199999999999548,False
2026-06-30T21:02:02.978492+00:00,#6740,France,1782853322523,0.8783,0.8783,0.87837,0.87837,-6723.0,75.0,-5853.945,64.4444999999996,0.0,7.00000000000145e-05,7.00000000000145e-05,True
2026-06-30T21:02:02.978611+00:00,#6741,Sweden,1782853322523,0.12163,0.12163,0.1217,0.1217,75.0,-6723.0,10.555499999999938,-869.0550000000001,0.0,7.000000000000062e-05,7.000000000000062e-05,True
2026-06-30T21:02:05.990726+00:00,#1890,france_champion_yes,1782853323053,0.2852,0.2852,0.29437,0.29437,0.0,0.0,0.0,0.0,0.0,0.009170000000000011,0.009170000000000011,False
2026-06-30T21:02:05.990833+00:00,#1891,france_champion_no,1782853323053,0.70563,0.70563,0.7148,0.7148,0.0,0.0,0.0,0.0,0.0,0.009170000000000011,0.009170000000000011,False
2026-06-30T21:02:05.990930+00:00,#2130,sweden_champion_yes,1782853323053,0.00063,0.00063,0.00225,0.00225,0.0,0.0,0.0,0.0,0.0,0.00162,0.00162,False
2026-06-30T21:02:05.991019+00:00,#2131,sweden_champion_no,1782853323053,0.99775,0.99775,0.99937,0.99937,0.0,0.0,0.0,0.0,0.0,0.0016199999999999548,0.0016199999999999548,False
2026-06-30T21:02:05.991102+00:00,#6740,France,1782853323053,0.8783,0.8783,0.87837,0.87837,6723.0,0.0,5817.794999999999,0.0,0.0,7.00000000000145e-05,7.00000000000145e-05,True
2026-06-30T21:02:05.991214+00:00,#6741,Sweden,1782853323053,0.12163,0.12163,0.1217,0.1217,0.0,6723.0,0.0,905.2049999999999,0.0,7.000000000000062e-05,7.000000000000062e-05,True
2026-06-30T21:02:05.991672+00:00,#1890,france_champion_yes,1782853323561,0.2852,0.2852,0.29437,0.29437,0.0,0.0,0.0,0.0,0.0,0.009170000000000011,0.009170000000000011,False
2026-06-30T21:02:05.991749+00:00,#1891,france_champion_no,1782853323561,0.70563,0.70563,0.7148,0.7148,0.0,0.0,0.0,0.0,0.0,0.009170000000000011,0.009170000000000011,False
2026-06-30T21:02:05.991824+00:00,#2130,sweden_champion_yes,1782853323561,0.00063,0.00063,0.00225,0.00225,0.0,0.0,0.0,0.0,0.0,0.00162,0.00162,False
2026-06-30T21:02:05.991892+00:00,#2131,sweden_champion_no,1782853323561,0.99775,0.99775,0.99937,0.99937,0.0,0.0,0.0,0.0,0.0,0.0016199999999999548,0.0016199999999999548,False
2026-06-30T21:02:05.991963+00:00,#6740,France,1782853323561,0.8783,0.8783,0.87837,0.87837,0.0,-51.0,0.0,-44.796870000000126,0.0,7.00000000000145e-05,7.00000000000145e-05,False
2026-06-30T21:02:05.992042+00:00,#6741,Sweden,1782853323561,0.12163,0.12163,0.1217,0.1217,-51.0,0.0,-6.203129999999874,0.0,0.0,7.000000000000062e-05,7.000000000000062e-05,False
2026-06-30T21:02:05.992554+00:00,#1890,france_champion_yes,1782853324164,0.2852,0.2852,0.29437,0.29437,0.0,0.0,0.0,0.0,0.0,0.009170000000000011,0.009170000000000011,False
2026-06-30T21:02:05.992664+00:00,#1891,france_champion_no,1782853324164,0.70563,0.70563,0.7148,0.7148,0.0,0.0,0.0,0.0,0.0,0.009170000000000011,0.009170000000000011,False
2026-06-30T21:02:05.992750+00:00,#2130,sweden_champion_yes,1782853324164,0.00063,0.00063,0.00225,0.00225,0.0,0.0,0.0,0.0,0.0,0.00162,0.00162,False
2026-06-30T21:02:05.992828+00:00,#2131,sweden_champion_no,1782853324164,0.99775,0.99775,0.99937,0.99937,0.0,0.0,0.0,0.0,0.0,0.0016199999999999548,0.0016199999999999548,False
2026-06-30T21:02:05.992951+00:00,#6740,France,1782853324164,0.8783,0.8783,0.87837,0.87837,0.0,0.0,0.0,0.0,0.0,7.00000000000145e-05,7.00000000000145e-05,False
2026-06-30T21:02:05.993072+00:00,#6741,Sweden,1782853324164,0.12163,0.12163,0.1217,0.1217,0.0,0.0,0.0,0.0,0.0,7.000000000000062e-05,7.000000000000062e-05,False
2026-06-30T21:02:05.993581+00:00,#1890,france_champion_yes,1782853324654,0.2852,0.2852,0.29437,0.29437,0.0,-50.0,0.0,-15.16800000000012,0.0,0.009170000000000011,0.009170000000000011,False
2026-06-30T21:02:05.993667+00:00,#1891,france_champion_no,1782853324654,0.70563,0.70563,0.7148,0.7148,-50.0,0.0,-34.832000000000335,0.0,0.0,0.009170000000000011,0.009170000000000011,False
2026-06-30T21:02:05.993759+00:00,#2130,sweden_champion_yes,1782853324654,0.00063,0.00063,0.00225,0.00225,0.0,0.0,0.0,0.0,0.0,0.00162,0.00162,False
2026-06-30T21:02:05.993839+00:00,#2131,sweden_champion_no,1782853324654,0.99775,0.99775,0.99937,0.99937,0.0,0.0,0.0,0.0,0.0,0.0016199999999999548,0.0016199999999999548,False
2026-06-30T21:02:05.993916+00:00,#6740,France,1782853324654,0.8783,0.8783,0.87837,0.87837,-6774.0,0.0,-5862.588299999999,0.0,0.0,7.00000000000145e-05,7.00000000000145e-05,True
2026-06-30T21:02:05.994031+00:00,#6741,Sweden,1782853324654,0.12163,0.12163,0.1217,0.1217,0.0,-6774.0,0.0,-911.4116999999999,0.0,7.000000000000062e-05,7.000000000000062e-05,True
2026-06-30T21:02:05.994229+00:00,#1890,france_champion_yes,1782853325190,0.2852,0.2852,0.29437,0.29437,0.0,0.0,0.0,0.0,0.0,0.009170000000000011,0.009170000000000011,False
2026-06-30T21:02:05.994310+00:00,#1891,france_champion_no,1782853325190,0.70563,0.70563,0.7148,0.7148,0.0,0.0,0.0,0.0,0.0,0.009170000000000011,0.009170000000000011,False
2026-06-30T21:02:05.994397+00:00,#2130,sweden_champion_yes,1782853325190,0.00063,0.00063,0.00225,0.00225,0.0,0.0,0.0,0.0,0.0,0.00162,0.00162,False
2026-06-30T21:02:05.994484+00:00,#2131,sweden_champion_no,1782853325190,0.99775,0.99775,0.99937,0.99937,0.0,0.0,0.0,0.0,0.0,0.0016199999999999548,0.0016199999999999548,False
2026-06-30T21:02:05.994555+00:00,#6740,France,1782853325190,0.8783,0.8783,0.87837,0.87837,6731.0,0.0,5835.855,0.0,0.0,7.00000000000145e-05,7.00000000000145e-05,True
2026-06-30T21:02:05.994648+00:00,#6741,Sweden,1782853325190,0.12163,0.12163,0.1217,0.1217,0.0,6731.0,0.0,895.145,0.0,7.000000000000062e-05,7.000000000000062e-05,True
2026-06-30T21:02:06.254063+00:00,#1890,france_champion_yes,1782853325747,0.2852,0.2852,0.29437,0.29437,0.0,0.0,0.0,0.0,0.0,0.009170000000000011,0.009170000000000011,False
2026-06-30T21:02:06.254339+00:00,#1891,france_champion_no,1782853325747,0.70563,0.70563,0.7148,0.7148,0.0,0.0,0.0,0.0,0.0,0.009170000000000011,0.009170000000000011,False
2026-06-30T21:02:06.254480+00:00,#2130,sweden_champion_yes,1782853325747,0.00063,0.00063,0.00225,0.00225,0.0,0.0,0.0,0.0,0.0,0.00162,0.00162,False
2026-06-30T21:02:06.254601+00:00,#2131,sweden_champion_no,1782853325747,0.99775,0.99775,0.99937,0.99937,0.0,0.0,0.0,0.0,0.0,0.0016199999999999548,0.0016199999999999548,False
2026-06-30T21:02:06.254698+00:00,#6740,France,1782853325747,0.8783,0.8783,0.87837,0.87837,60.0,0.0,65.74799999999959,0.0,0.0,7.00000000000145e-05,7.00000000000145e-05,False
2026-06-30T21:02:06.254796+00:00,#6741,Sweden,1782853325747,0.12163,0.12163,0.1217,0.1217,0.0,60.0,0.0,-5.748000000000047,0.0,7.000000000000062e-05,7.000000000000062e-05,False
2026-06-30T21:02:06.687397+00:00,#1890,france_champion_yes,1782853326283,0.2852,0.2852,0.29437,0.30336,0.0,2721.0,0.0,899.9252799999999,0.004494999999999971,0.009170000000000011,0.01816000000000001,True
2026-06-30T21:02:06.687636+00:00,#1891,france_champion_no,1782853326283,0.70563,0.69664,0.7148,0.7148,2721.0,0.0,1821.0747200000005,0.0,-0.004495000000000027,0.009170000000000011,0.018159999999999954,True
2026-06-30T21:02:06.687821+00:00,#2130,sweden_champion_yes,1782853326283,0.00063,0.00063,0.00225,0.00225,0.0,0.0,0.0,0.0,0.0,0.00162,0.00162,False
2026-06-30T21:02:06.687932+00:00,#2131,sweden_champion_no,1782853326283,0.99775,0.99775,0.99937,0.99937,0.0,0.0,0.0,0.0,0.0,0.0016199999999999548,0.0016199999999999548,False
2026-06-30T21:02:06.688088+00:00,#6740,France,1782853326283,0.8783,0.8783,0.87837,0.87837,0.0,-51.0,0.0,-44.796870000000126,0.0,7.00000000000145e-05,7.00000000000145e-05,False
2026-06-30T21:02:06.688205+00:00,#6741,Sweden,1782853326283,0.12163,0.12163,0.1217,0.1217,-51.0,0.0,-6.203130000000101,0.0,0.0,7.000000000000062e-05,7.000000000000062e-05,False
2026-06-30T21:02:07.185838+00:00,#1890,france_champion_yes,1782853326789,0.2852,0.2852,0.30336,0.30336,0.0,0.0,0.0,0.0,0.0,0.01816000000000001,0.01816000000000001,False
2026-06-30T21:02:07.186193+00:00,#1891,france_champion_no,1782853326789,0.69664,0.69664,0.7148,0.7148,0.0,0.0,0.0,0.0,0.0,0.018159999999999954,0.018159999999999954,False
2026-06-30T21:02:07.186307+00:00,#2130,sweden_champion_yes,1782853326789,0.00063,0.00063,0.00225,0.00225,0.0,0.0,0.0,0.0,0.0,0.00162,0.00162,False
2026-06-30T21:02:07.186384+00:00,#2131,sweden_champion_no,1782853326789,0.99775,0.99775,0.99937,0.99937,0.0,0.0,0.0,0.0,0.0,0.0016199999999999548,0.0016199999999999548,False
2026-06-30T21:02:07.186489+00:00,#6740,France,1782853326789,0.8783,0.8783,0.87837,0.87837,0.0,0.0,0.0,0.0,0.0,7.00000000000145e-05,7.00000000000145e-05,False
2026-06-30T21:02:07.186585+00:00,#6741,Sweden,1782853326789,0.12163,0.12163,0.1217,0.1217,0.0,0.0,0.0,0.0,0.0,7.000000000000062e-05,7.000000000000062e-05,False
2026-06-30T21:02:07.747521+00:00,#1890,france_champion_yes,1782853327323,0.2852,0.2852,0.30336,0.30336,0.0,0.0,0.0,0.0,0.0,0.01816000000000001,0.01816000000000001,False
2026-06-30T21:02:07.747715+00:00,#1891,france_champion_no,1782853327323,0.69664,0.69664,0.7148,0.7148,0.0,0.0,0.0,0.0,0.0,0.018159999999999954,0.018159999999999954,False
2026-06-30T21:02:07.747804+00:00,#2130,sweden_champion_yes,1782853327323,0.00063,0.00063,0.00225,0.00225,0.0,0.0,0.0,0.0,0.0,0.00162,0.00162,False
2026-06-30T21:02:07.747884+00:00,#2131,sweden_champion_no,1782853327323,0.99775,0.99775,0.99937,0.99937,0.0,0.0,0.0,0.0,0.0,0.0016199999999999548,0.0016199999999999548,False
2026-06-30T21:02:07.747960+00:00,#6740,France,1782853327323,0.8783,0.8783,0.87837,0.87837,-6723.0,0.0,-5841.945,0.0,0.0,7.00000000000145e-05,7.00000000000145e-05,True
2026-06-30T21:02:07.748060+00:00,#6741,Sweden,1782853327323,0.12163,0.12163,0.1217,0.1217,0.0,-6723.0,0.0,-881.055,0.0,7.000000000000062e-05,7.000000000000062e-05,True
2026-06-30T21:02:08.351232+00:00,#1890,france_champion_yes,1782853327871,0.2852,0.2852,0.30336,0.30336,0.0,0.0,0.0,0.0,0.0,0.01816000000000001,0.01816000000000001,False
2026-06-30T21:02:08.351357+00:00,#1891,france_champion_no,1782853327871,0.69664,0.69664,0.7148,0.7148,0.0,0.0,0.0,0.0,0.0,0.018159999999999954,0.018159999999999954,False
2026-06-30T21:02:08.351483+00:00,#2130,sweden_champion_yes,1782853327871,0.00063,0.00063,0.00225,0.00225,0.0,0.0,0.0,0.0,0.0,0.00162,0.00162,False
2026-06-30T21:02:08.351615+00:00,#2131,sweden_champion_no,1782853327871,0.99775,0.99775,0.99937,0.99937,0.0,0.0,0.0,0.0,0.0,0.0016199999999999548,0.0016199999999999548,False
2026-06-30T21:02:08.351699+00:00,#6740,France,1782853327871,0.8783,0.8783,0.87837,0.87837,6707.0,0.0,5836.2836,0.0,0.0,7.00000000000145e-05,7.00000000000145e-05,True
2026-06-30T21:02:08.351877+00:00,#6741,Sweden,1782853327871,0.12163,0.12163,0.1217,0.1217,0.0,6707.0,0.0,870.7164000000001,0.0,7.000000000000062e-05,7.000000000000062e-05,True
2026-06-30T21:02:08.855596+00:00,#1890,france_champion_yes,1782853328414,0.2852,0.2852,0.30336,0.30336,0.0,0.0,0.0,0.0,0.0,0.01816000000000001,0.01816000000000001,False
2026-06-30T21:02:08.855785+00:00,#1891,france_champion_no,1782853328414,0.69664,0.69664,0.7148,0.7148,0.0,0.0,0.0,0.0,0.0,0.018159999999999954,0.018159999999999954,False
2026-06-30T21:02:08.855877+00:00,#2130,sweden_champion_yes,1782853328414,0.00063,0.00063,0.00225,0.00225,0.0,0.0,0.0,0.0,0.0,0.00162,0.00162,False
2026-06-30T21:02:08.855952+00:00,#2131,sweden_champion_no,1782853328414,0.99775,0.99775,0.99937,0.99937,0.0,0.0,0.0,0.0,0.0,0.0016199999999999548,0.0016199999999999548,False
2026-06-30T21:02:08.856024+00:00,#6740,France,1782853328414,0.8783,0.8783,0.87837,0.87837,324.0,0.0,281.8800000000001,0.0,0.0,7.00000000000145e-05,7.00000000000145e-05,False
2026-06-30T21:02:08.856116+00:00,#6741,Sweden,1782853328414,0.12163,0.12163,0.1217,0.1217,0.0,324.0,0.0,42.11999999999989,0.0,7.000000000000062e-05,7.000000000000062e-05,False
2026-06-30T21:02:11.367673+00:00,#1890,france_champion_yes,1782853328945,0.2852,0.2852,0.30336,0.30336,0.0,0.0,0.0,0.0,0.0,0.01816000000000001,0.01816000000000001,False
2026-06-30T21:02:11.367834+00:00,#1891,france_champion_no,1782853328945,0.69664,0.69664,0.7148,0.7148,0.0,0.0,0.0,0.0,0.0,0.018159999999999954,0.018159999999999954,False
2026-06-30T21:02:11.367931+00:00,#2130,sweden_champion_yes,1782853328945,0.00063,0.00063,0.00225,0.00225,0.0,0.0,0.0,0.0,0.0,0.00162,0.00162,False
2026-06-30T21:02:11.368015+00:00,#2131,sweden_champion_no,1782853328945,0.99775,0.99775,0.99937,0.99937,0.0,0.0,0.0,0.0,0.0,0.0016199999999999548,0.0016199999999999548,False
2026-06-30T21:02:11.368097+00:00,#6740,France,1782853328945,0.8783,0.87126,0.87837,0.87837,373.0,0.0,318.9484000000002,0.0,-0.0035199999999999676,7.00000000000145e-05,0.00710999999999995,False
2026-06-30T21:02:11.368187+00:00,#6741,Sweden,1782853328945,0.12163,0.12163,0.1217,0.12874,0.0,373.0,0.0,54.05160000000001,0.0035199999999999954,7.000000000000062e-05,0.007109999999999991,False
2026-06-30T21:02:11.368706+00:00,#1890,france_champion_yes,1782853329617,0.2852,0.2852,0.30336,0.30336,-2.0,0.0,-0.5029599999999732,0.0,0.0,0.01816000000000001,0.01816000000000001,False
2026-06-30T21:02:11.368795+00:00,#1891,france_champion_no,1782853329617,0.69664,0.69664,0.7148,0.7148,0.0,-2.0,0.0,-1.49703999999997,0.0,0.018159999999999954,0.018159999999999954,False
2026-06-30T21:02:11.368887+00:00,#2130,sweden_champion_yes,1782853329617,0.00063,0.00063,0.00225,0.00225,0.0,0.0,0.0,0.0,0.0,0.00162,0.00162,False
2026-06-30T21:02:11.368971+00:00,#2131,sweden_champion_no,1782853329617,0.99775,0.99775,0.99937,0.99937,0.0,0.0,0.0,0.0,0.0,0.0016199999999999548,0.0016199999999999548,False
2026-06-30T21:02:11.369051+00:00,#6740,France,1782853329617,0.87126,0.87126,0.87837,0.87837,0.0,0.0,0.0,0.0,0.0,0.00710999999999995,0.00710999999999995,False
2026-06-30T21:02:11.369135+00:00,#6741,Sweden,1782853329617,0.12163,0.12163,0.12874,0.12874,0.0,0.0,0.0,0.0,0.0,0.007109999999999991,0.007109999999999991,False
2026-06-30T21:02:11.369218+00:00,#1890,france_champion_yes,1782853330080,0.2852,0.2852,0.30336,0.30336,0.0,0.0,0.0,0.0,0.0,0.01816000000000001,0.01816000000000001,False
2026-06-30T21:02:11.369300+00:00,#1891,france_champion_no,1782853330080,0.69664,0.69664,0.7148,0.7148,0.0,0.0,0.0,0.0,0.0,0.018159999999999954,0.018159999999999954,False
2026-06-30T21:02:11.369382+00:00,#2130,sweden_champion_yes,1782853330080,0.00063,0.00063,0.00225,0.00225,0.0,0.0,0.0,0.0,0.0,0.00162,0.00162,False
2026-06-30T21:02:11.369462+00:00,#2131,sweden_champion_no,1782853330080,0.99775,0.99775,0.99937,0.99937,0.0,0.0,0.0,0.0,0.0,0.0016199999999999548,0.0016199999999999548,False
2026-06-30T21:02:11.369538+00:00,#6740,France,1782853330080,0.87126,0.87126,0.87837,0.87837,0.0,0.0,0.0,0.0,0.0,0.00710999999999995,0.00710999999999995,False
2026-06-30T21:02:11.369624+00:00,#6741,Sweden,1782853330080,0.12163,0.12163,0.12874,0.12874,0.0,0.0,0.0,0.0,0.0,0.007109999999999991,0.007109999999999991,False
2026-06-30T21:02:11.369809+00:00,#1890,france_champion_yes,1782853330626,0.2852,0.2852,0.30336,0.30336,0.0,50.0,0.0,15.168000000000575,0.0,0.01816000000000001,0.01816000000000001,False
2026-06-30T21:02:11.369895+00:00,#1891,france_champion_no,1782853330626,0.69664,0.69664,0.7148,0.7148,50.0,0.0,34.832000000000335,0.0,0.0,0.018159999999999954,0.018159999999999954,False
2026-06-30T21:02:11.369978+00:00,#2130,sweden_champion_yes,1782853330626,0.00063,0.00063,0.00225,0.00225,0.0,0.0,0.0,0.0,0.0,0.00162,0.00162,False
2026-06-30T21:02:11.370053+00:00,#2131,sweden_champion_no,1782853330626,0.99775,0.99775,0.99937,0.99937,0.0,0.0,0.0,0.0,0.0,0.0016199999999999548,0.0016199999999999548,False
2026-06-30T21:02:11.370130+00:00,#6740,France,1782853330626,0.87126,0.87126,0.87837,0.87837,0.0,-75.0,0.0,-64.4444999999996,0.0,0.00710999999999995,0.00710999999999995,False
2026-06-30T21:02:11.370212+00:00,#6741,Sweden,1782853330626,0.12163,0.12163,0.12874,0.12874,-75.0,0.0,-10.555499999999938,0.0,0.0,0.007109999999999991,0.007109999999999991,False
2026-06-30T21:02:11.627463+00:00,#1890,france_champion_yes,1782853331158,0.2852,0.2852,0.30336,0.30336,0.0,0.0,0.0,0.0,0.0,0.01816000000000001,0.01816000000000001,False
2026-06-30T21:02:11.627582+00:00,#1891,france_champion_no,1782853331158,0.69664,0.69664,0.7148,0.7148,0.0,0.0,0.0,0.0,0.0,0.018159999999999954,0.018159999999999954,False
2026-06-30T21:02:11.627683+00:00,#2130,sweden_champion_yes,1782853331158,0.00063,0.00063,0.00225,0.00225,0.0,0.0,0.0,0.0,0.0,0.00162,0.00162,False
2026-06-30T21:02:11.627767+00:00,#2131,sweden_champion_no,1782853331158,0.99775,0.99775,0.99937,0.99937,0.0,0.0,0.0,0.0,0.0,0.0016199999999999548,0.0016199999999999548,False
2026-06-30T21:02:11.627849+00:00,#6740,France,1782853331158,0.87126,0.87126,0.87837,0.87837,0.0,0.0,0.0,0.0,0.0,0.00710999999999995,0.00710999999999995,False
2026-06-30T21:02:11.627934+00:00,#6741,Sweden,1782853331158,0.12163,0.12163,0.12874,0.12874,0.0,0.0,0.0,0.0,0.0,0.007109999999999991,0.007109999999999991,False
2026-06-30T21:02:12.133339+00:00,#1890,france_champion_yes,1782853331699,0.2852,0.2852,0.30336,0.30336,0.0,0.0,0.0,0.0,0.0,0.01816000000000001,0.01816000000000001,False
2026-06-30T21:02:12.133548+00:00,#1891,france_champion_no,1782853331699,0.69664,0.69664,0.7148,0.7148,0.0,0.0,0.0,0.0,0.0,0.018159999999999954,0.018159999999999954,False
2026-06-30T21:02:12.133640+00:00,#2130,sweden_champion_yes,1782853331699,0.00063,0.00063,0.00225,0.00225,0.0,0.0,0.0,0.0,0.0,0.00162,0.00162,False
2026-06-30T21:02:12.133713+00:00,#2131,sweden_champion_no,1782853331699,0.99775,0.99775,0.99937,0.99937,0.0,0.0,0.0,0.0,0.0,0.0016199999999999548,0.0016199999999999548,False
2026-06-30T21:02:12.133785+00:00,#6740,France,1782853331699,0.87126,0.87126,0.87837,0.87837,0.0,-45.0,0.0,-41.32350000000042,0.0,0.00710999999999995,0.00710999999999995,False
2026-06-30T21:02:12.133866+00:00,#6741,Sweden,1782853331699,0.12163,0.12163,0.12874,0.12874,-45.0,0.0,-3.6765000000000327,0.0,0.0,0.007109999999999991,0.007109999999999991,False
2026-06-30T21:02:12.666428+00:00,#1890,france_champion_yes,1782853332237,0.2852,0.2852,0.30336,0.30336,0.0,0.0,0.0,0.0,0.0,0.01816000000000001,0.01816000000000001,False
2026-06-30T21:02:12.666671+00:00,#1891,france_champion_no,1782853332237,0.69664,0.69664,0.7148,0.7148,0.0,0.0,0.0,0.0,0.0,0.018159999999999954,0.018159999999999954,False
2026-06-30T21:02:12.666780+00:00,#2130,sweden_champion_yes,1782853332237,0.00063,0.00063,0.00225,0.00225,0.0,0.0,0.0,0.0,0.0,0.00162,0.00162,False
2026-06-30T21:02:12.666872+00:00,#2131,sweden_champion_no,1782853332237,0.99775,0.99775,0.99937,0.99937,0.0,0.0,0.0,0.0,0.0,0.0016199999999999548,0.0016199999999999548,False
2026-06-30T21:02:12.666952+00:00,#6740,France,1782853332237,0.87126,0.87126,0.87837,0.87837,0.0,0.0,0.0,0.0,0.0,0.00710999999999995,0.00710999999999995,False
2026-06-30T21:02:12.667038+00:00,#6741,Sweden,1782853332237,0.12163,0.12163,0.12874,0.12874,0.0,0.0,0.0,0.0,0.0,0.007109999999999991,0.007109999999999991,False
2026-06-30T21:02:13.252789+00:00,#1890,france_champion_yes,1782853332805,0.2852,0.2852,0.30336,0.30336,0.0,0.0,0.0,0.0,0.0,0.01816000000000001,0.01816000000000001,False
2026-06-30T21:02:13.252996+00:00,#1891,france_champion_no,1782853332805,0.69664,0.69664,0.7148,0.7148,0.0,0.0,0.0,0.0,0.0,0.018159999999999954,0.018159999999999954,False
2026-06-30T21:02:13.253098+00:00,#2130,sweden_champion_yes,1782853332805,0.00063,0.00063,0.00225,0.00225,0.0,0.0,0.0,0.0,0.0,0.00162,0.00162,False
2026-06-30T21:02:13.253198+00:00,#2131,sweden_champion_no,1782853332805,0.99775,0.99775,0.99937,0.99937,0.0,0.0,0.0,0.0,0.0,0.0016199999999999548,0.0016199999999999548,False
2026-06-30T21:02:13.253275+00:00,#6740,France,1782853332805,0.87126,0.87126,0.87837,0.87837,0.0,45.0,0.0,41.32350000000042,0.0,0.00710999999999995,0.00710999999999995,False
2026-06-30T21:02:13.253356+00:00,#6741,Sweden,1782853332805,0.12163,0.12163,0.12874,0.12874,45.0,0.0,3.6765000000000327,0.0,0.0,0.007109999999999991,0.007109999999999991,False
2026-06-30T21:02:13.750864+00:00,#1890,france_champion_yes,1782853333342,0.2852,0.2852,0.30336,0.30336,0.0,0.0,0.0,0.0,0.0,0.01816000000000001,0.01816000000000001,False
2026-06-30T21:02:13.751076+00:00,#1891,france_champion_no,1782853333342,0.69664,0.69664,0.7148,0.7148,0.0,0.0,0.0,0.0,0.0,0.018159999999999954,0.018159999999999954,False
2026-06-30T21:02:13.751163+00:00,#2130,sweden_champion_yes,1782853333342,0.00063,0.00063,0.00225,0.00225,0.0,0.0,0.0,0.0,0.0,0.00162,0.00162,False
2026-06-30T21:02:13.751236+00:00,#2131,sweden_champion_no,1782853333342,0.99775,0.99775,0.99937,0.99937,0.0,0.0,0.0,0.0,0.0,0.0016199999999999548,0.0016199999999999548,False
2026-06-30T21:02:13.751307+00:00,#6740,France,1782853333342,0.87126,0.87126,0.87837,0.87837,0.0,0.0,0.0,0.0,0.0,0.00710999999999995,0.00710999999999995,False
2026-06-30T21:02:13.751392+00:00,#6741,Sweden,1782853333342,0.12163,0.12163,0.12874,0.12874,0.0,0.0,0.0,0.0,0.0,0.007109999999999991,0.007109999999999991,False
2026-06-30T21:02:14.311660+00:00,#1890,france_champion_yes,1782853333878,0.2852,0.2852,0.30336,0.30336,0.0,0.0,0.0,0.0,0.0,0.01816000000000001,0.01816000000000001,False
2026-06-30T21:02:14.311875+00:00,#1891,france_champion_no,1782853333878,0.69664,0.69664,0.7148,0.7148,0.0,0.0,0.0,0.0,0.0,0.018159999999999954,0.018159999999999954,False
2026-06-30T21:02:14.311966+00:00,#2130,sweden_champion_yes,1782853333878,0.00063,0.00063,0.00225,0.00225,0.0,0.0,0.0,0.0,0.0,0.00162,0.00162,False
2026-06-30T21:02:14.312041+00:00,#2131,sweden_champion_no,1782853333878,0.99775,0.99775,0.99937,0.99937,0.0,0.0,0.0,0.0,0.0,0.0016199999999999548,0.0016199999999999548,False
2026-06-30T21:02:14.312120+00:00,#6740,France,1782853333878,0.87126,0.87126,0.87837,0.87837,0.0,-85.0,0.0,-76.57949999999983,0.0,0.00710999999999995,0.00710999999999995,False
2026-06-30T21:02:14.312210+00:00,#6741,Sweden,1782853333878,0.12163,0.12163,0.12874,0.12874,-85.0,0.0,-8.420499999999947,0.0,0.0,0.007109999999999991,0.007109999999999991,False
2026-06-30T21:02:14.974053+00:00,#1890,france_champion_yes,1782853334417,0.2852,0.2852,0.30336,0.30336,0.0,0.0,0.0,0.0,0.0,0.01816000000000001,0.01816000000000001,False
2026-06-30T21:02:14.974156+00:00,#1891,france_champion_no,1782853334417,0.69664,0.69664,0.7148,0.7148,0.0,0.0,0.0,0.0,0.0,0.018159999999999954,0.018159999999999954,False
2026-06-30T21:02:14.974244+00:00,#2130,sweden_champion_yes,1782853334417,0.00063,0.00063,0.00225,0.00225,0.0,0.0,0.0,0.0,0.0,0.00162,0.00162,False
2026-06-30T21:02:14.974319+00:00,#2131,sweden_champion_no,1782853334417,0.99775,0.99775,0.99937,0.99937,0.0,0.0,0.0,0.0,0.0,0.0016199999999999548,0.0016199999999999548,False
2026-06-30T21:02:14.974388+00:00,#6740,France,1782853334417,0.87126,0.87126,0.87837,0.87837,0.0,0.0,0.0,0.0,0.0,0.00710999999999995,0.00710999999999995,False
2026-06-30T21:02:14.974470+00:00,#6741,Sweden,1782853334417,0.12163,0.12163,0.12874,0.12874,0.0,0.0,0.0,0.0,0.0,0.007109999999999991,0.007109999999999991,False
2026-06-30T21:02:15.375902+00:00,#1890,france_champion_yes,1782853334965,0.2852,0.2852,0.30336,0.30336,0.0,0.0,0.0,0.0,0.0,0.01816000000000001,0.01816000000000001,False
2026-06-30T21:02:15.376102+00:00,#1891,france_champion_no,1782853334965,0.69664,0.69664,0.7148,0.7148,0.0,0.0,0.0,0.0,0.0,0.018159999999999954,0.018159999999999954,False
2026-06-30T21:02:15.376203+00:00,#2130,sweden_champion_yes,1782853334965,0.00063,0.00063,0.00225,0.00225,0.0,0.0,0.0,0.0,0.0,0.00162,0.00162,False
2026-06-30T21:02:15.376286+00:00,#2131,sweden_champion_no,1782853334965,0.99775,0.99775,0.99937,0.99937,0.0,0.0,0.0,0.0,0.0,0.0016199999999999548,0.0016199999999999548,False
2026-06-30T21:02:15.376367+00:00,#6740,France,1782853334965,0.87126,0.87126,0.87837,0.87837,0.0,0.0,0.0,0.0,0.0,0.00710999999999995,0.00710999999999995,False
2026-06-30T21:02:15.376483+00:00,#6741,Sweden,1782853334965,0.12163,0.12163,0.12874,0.12874,0.0,0.0,0.0,0.0,0.0,0.007109999999999991,0.007109999999999991,False
2026-06-30T21:02:15.973671+00:00,#1890,france_champion_yes,1782853335502,0.2852,0.2852,0.30336,0.30336,0.0,0.0,0.0,0.0,0.0,0.01816000000000001,0.01816000000000001,False
2026-06-30T21:02:15.973785+00:00,#1891,france_champion_no,1782853335502,0.69664,0.69664,0.7148,0.7148,0.0,0.0,0.0,0.0,0.0,0.018159999999999954,0.018159999999999954,False
2026-06-30T21:02:15.973877+00:00,#2130,sweden_champion_yes,1782853335502,0.00063,0.00063,0.00225,0.00225,0.0,0.0,0.0,0.0,0.0,0.00162,0.00162,False
2026-06-30T21:02:15.973959+00:00,#2131,sweden_champion_no,1782853335502,0.99775,0.99775,0.99937,0.99937,0.0,0.0,0.0,0.0,0.0,0.0016199999999999548,0.0016199999999999548,False
2026-06-30T21:02:15.974046+00:00,#6740,France,1782853335502,0.87126,0.87126,0.87837,0.87837,0.0,-57.0,0.0,-50.06709000000046,0.0,0.00710999999999995,0.00710999999999995,False
2026-06-30T21:02:15.974141+00:00,#6741,Sweden,1782853335502,0.12163,0.12163,0.12874,0.12874,-57.0,0.0,-6.932909999999993,0.0,0.0,0.007109999999999991,0.007109999999999991,False
2026-06-30T21:02:16.535622+00:00,#1890,france_champion_yes,1782853336096,0.2852,0.2852,0.30336,0.30336,0.0,0.0,0.0,0.0,0.0,0.01816000000000001,0.01816000000000001,False
2026-06-30T21:02:16.535829+00:00,#1891,france_champion_no,1782853336096,0.69664,0.69664,0.7148,0.7148,0.0,0.0,0.0,0.0,0.0,0.018159999999999954,0.018159999999999954,False
2026-06-30T21:02:16.535926+00:00,#2130,sweden_champion_yes,1782853336096,0.00063,0.00063,0.00225,0.00225,0.0,0.0,0.0,0.0,0.0,0.00162,0.00162,False
2026-06-30T21:02:16.536007+00:00,#2131,sweden_champion_no,1782853336096,0.99775,0.99775,0.99937,0.99937,0.0,0.0,0.0,0.0,0.0,0.0016199999999999548,0.0016199999999999548,False
2026-06-30T21:02:16.536080+00:00,#6740,France,1782853336096,0.87126,0.87126,0.87837,0.87837,0.0,0.0,0.0,0.0,0.0,0.00710999999999995,0.00710999999999995,False
2026-06-30T21:02:16.536166+00:00,#6741,Sweden,1782853336096,0.12163,0.12163,0.12874,0.12874,0.0,0.0,0.0,0.0,0.0,0.007109999999999991,0.007109999999999991,False
2026-06-30T21:02:16.991289+00:00,#1890,france_champion_yes,1782853336594,0.2852,0.2852,0.30336,0.30336,0.0,0.0,0.0,0.0,0.0,0.01816000000000001,0.01816000000000001,False
2026-06-30T21:02:16.991533+00:00,#1891,france_champion_no,1782853336594,0.69664,0.69664,0.7148,0.7148,0.0,0.0,0.0,0.0,0.0,0.018159999999999954,0.018159999999999954,False
2026-06-30T21:02:16.991634+00:00,#2130,sweden_champion_yes,1782853336594,0.00063,0.00063,0.00225,0.00225,0.0,0.0,0.0,0.0,0.0,0.00162,0.00162,False
2026-06-30T21:02:16.991718+00:00,#2131,sweden_champion_no,1782853336594,0.99775,0.99775,0.99937,0.99937,0.0,0.0,0.0,0.0,0.0,0.0016199999999999548,0.0016199999999999548,False
2026-06-30T21:02:16.991798+00:00,#6740,France,1782853336594,0.87126,0.87126,0.87837,0.87837,0.0,0.0,0.0,0.0,0.0,0.00710999999999995,0.00710999999999995,False
2026-06-30T21:02:16.991893+00:00,#6741,Sweden,1782853336594,0.12163,0.12163,0.12874,0.12874,0.0,0.0,0.0,0.0,0.0,0.007109999999999991,0.007109999999999991,False
2026-06-30T21:02:17.567236+00:00,#1890,france_champion_yes,1782853337134,0.2852,0.2852,0.30336,0.30336,0.0,0.0,0.0,0.0,0.0,0.01816000000000001,0.01816000000000001,False
2026-06-30T21:02:17.567485+00:00,#1891,france_champion_no,1782853337134,0.69664,0.69664,0.7148,0.7148,0.0,0.0,0.0,0.0,0.0,0.018159999999999954,0.018159999999999954,False
2026-06-30T21:02:17.567578+00:00,#2130,sweden_champion_yes,1782853337134,0.00063,0.00063,0.00225,0.00225,0.0,0.0,0.0,0.0,0.0,0.00162,0.00162,False
2026-06-30T21:02:17.567653+00:00,#2131,sweden_champion_no,1782853337134,0.99775,0.99775,0.99937,0.99937,0.0,0.0,0.0,0.0,0.0,0.0016199999999999548,0.0016199999999999548,False
2026-06-30T21:02:17.567724+00:00,#6740,France,1782853337134,0.87126,0.87126,0.87837,0.87837,0.0,138.0,0.0,123.2484600000007,0.0,0.00710999999999995,0.00710999999999995,False
2026-06-30T21:02:17.567806+00:00,#6741,Sweden,1782853337134,0.12163,0.12163,0.12874,0.12874,138.0,0.0,14.751539999999977,0.0,0.0,0.007109999999999991,0.007109999999999991,False
2026-06-30T21:02:18.221742+00:00,#1890,france_champion_yes,1782853337740,0.2852,0.295,0.30336,0.30336,-227.0,0.0,-62.62836000000004,0.0,0.0049000000000000155,0.01816000000000001,0.008360000000000034,False
2026-06-30T21:02:18.221866+00:00,#1891,france_champion_no,1782853337740,0.69664,0.69664,0.7148,0.705,0.0,-227.0,0.0,-164.37164000000007,-0.0049000000000000155,0.018159999999999954,0.008359999999999923,False
2026-06-30T21:02:18.221971+00:00,#2130,sweden_champion_yes,1782853337740,0.00063,0.00063,0.00225,0.00225,0.0,0.0,0.0,0.0,0.0,0.00162,0.00162,False
2026-06-30T21:02:18.222048+00:00,#2131,sweden_champion_no,1782853337740,0.99775,0.99775,0.99937,0.99937,0.0,0.0,0.0,0.0,0.0,0.0016199999999999548,0.0016199999999999548,False
2026-06-30T21:02:18.222120+00:00,#6740,France,1782853337740,0.87126,0.87126,0.87837,0.87837,0.0,0.0,0.0,0.0,0.0,0.00710999999999995,0.00710999999999995,False
2026-06-30T21:02:18.222202+00:00,#6741,Sweden,1782853337740,0.12163,0.12163,0.12874,0.12874,0.0,0.0,0.0,0.0,0.0,0.007109999999999991,0.007109999999999991,False
2026-06-30T21:02:18.802680+00:00,#1890,france_champion_yes,1782853338322,0.295,0.295,0.30336,0.30336,0.0,0.0,0.0,0.0,0.0,0.008360000000000034,0.008360000000000034,False
2026-06-30T21:02:18.802803+00:00,#1891,france_champion_no,1782853338322,0.69664,0.69664,0.705,0.705,0.0,0.0,0.0,0.0,0.0,0.008359999999999923,0.008359999999999923,False
2026-06-30T21:02:18.802906+00:00,#2130,sweden_champion_yes,1782853338322,0.00063,0.00063,0.00225,0.00225,0.0,0.0,0.0,0.0,0.0,0.00162,0.00162,False
2026-06-30T21:02:18.802998+00:00,#2131,sweden_champion_no,1782853338322,0.99775,0.99775,0.99937,0.99937,0.0,0.0,0.0,0.0,0.0,0.0016199999999999548,0.0016199999999999548,False
2026-06-30T21:02:18.803080+00:00,#6740,France,1782853338322,0.87126,0.87126,0.87837,0.87837,0.0,0.0,0.0,0.0,0.0,0.00710999999999995,0.00710999999999995,False
2026-06-30T21:02:18.803195+00:00,#6741,Sweden,1782853338322,0.12163,0.12163,0.12874,0.12874,0.0,0.0,0.0,0.0,0.0,0.007109999999999991,0.007109999999999991,False
2026-06-30T21:02:19.255536+00:00,#1890,france_champion_yes,1782853338848,0.295,0.295,0.30336,0.30336,0.0,0.0,0.0,0.0,0.0,0.008360000000000034,0.008360000000000034,False
2026-06-30T21:02:19.255718+00:00,#1891,france_champion_no,1782853338848,0.69664,0.69664,0.705,0.705,0.0,0.0,0.0,0.0,0.0,0.008359999999999923,0.008359999999999923,False
2026-06-30T21:02:19.255806+00:00,#2130,sweden_champion_yes,1782853338848,0.00063,0.00063,0.00225,0.00225,0.0,0.0,0.0,0.0,0.0,0.00162,0.00162,False
2026-06-30T21:02:19.255879+00:00,#2131,sweden_champion_no,1782853338848,0.99775,0.99775,0.99937,0.99937,0.0,0.0,0.0,0.0,0.0,0.0016199999999999548,0.0016199999999999548,False
2026-06-30T21:02:19.255952+00:00,#6740,France,1782853338848,0.87126,0.87126,0.87837,0.87837,0.0,0.0,0.0,0.0,0.0,0.00710999999999995,0.00710999999999995,False
2026-06-30T21:02:19.256038+00:00,#6741,Sweden,1782853338848,0.12163,0.12163,0.12874,0.12874,0.0,0.0,0.0,0.0,0.0,0.007109999999999991,0.007109999999999991,False
2026-06-30T21:02:20.200290+00:00,#1890,france_champion_yes,1782853339544,0.295,0.295,0.30336,0.30336,0.0,0.0,0.0,0.0,0.0,0.008360000000000034,0.008360000000000034,False
2026-06-30T21:02:20.200385+00:00,#1891,france_champion_no,1782853339544,0.69664,0.69664,0.705,0.705,0.0,0.0,0.0,0.0,0.0,0.008359999999999923,0.008359999999999923,False
2026-06-30T21:02:20.200482+00:00,#2130,sweden_champion_yes,1782853339544,0.00063,0.00063,0.00225,0.00225,0.0,0.0,0.0,0.0,0.0,0.00162,0.00162,False
2026-06-30T21:02:20.200555+00:00,#2131,sweden_champion_no,1782853339544,0.99775,0.99775,0.99937,0.99937,0.0,0.0,0.0,0.0,0.0,0.0016199999999999548,0.0016199999999999548,False
2026-06-30T21:02:20.200624+00:00,#6740,France,1782853339544,0.87126,0.87126,0.87837,0.87837,0.0,160.0,0.0,143.60100000000057,0.0,0.00710999999999995,0.00710999999999995,False
2026-06-30T21:02:20.200698+00:00,#6741,Sweden,1782853339544,0.12163,0.12163,0.12874,0.12874,160.0,0.0,16.398999999999887,0.0,0.0,0.007109999999999991,0.007109999999999991,False
2026-06-30T21:02:20.602123+00:00,#1890,france_champion_yes,1782853340082,0.295,0.295,0.30336,0.30336,0.0,0.0,0.0,0.0,0.0,0.008360000000000034,0.008360000000000034,False
2026-06-30T21:02:20.602336+00:00,#1891,france_champion_no,1782853340082,0.69664,0.69664,0.705,0.705,0.0,0.0,0.0,0.0,0.0,0.008359999999999923,0.008359999999999923,False
2026-06-30T21:02:20.602436+00:00,#2130,sweden_champion_yes,1782853340082,0.00063,0.00063,0.00225,0.00225,0.0,0.0,0.0,0.0,0.0,0.00162,0.00162,False
2026-06-30T21:02:20.602520+00:00,#2131,sweden_champion_no,1782853340082,0.99775,0.99775,0.99937,0.99937,0.0,0.0,0.0,0.0,0.0,0.0016199999999999548,0.0016199999999999548,False
2026-06-30T21:02:20.602593+00:00,#6740,France,1782853340082,0.87126,0.87126,0.87837,0.87837,0.0,0.0,0.0,0.0,0.0,0.00710999999999995,0.00710999999999995,False
2026-06-30T21:02:20.602672+00:00,#6741,Sweden,1782853340082,0.12163,0.12163,0.12874,0.12874,0.0,0.0,0.0,0.0,0.0,0.007109999999999991,0.007109999999999991,False
2026-06-30T21:02:23.078007+00:00,#1890,france_champion_yes,1782853340584,0.295,0.295,0.30336,0.30336,0.0,0.0,0.0,0.0,0.0,0.008360000000000034,0.008360000000000034,False
2026-06-30T21:02:23.078133+00:00,#1891,france_champion_no,1782853340584,0.69664,0.69664,0.705,0.705,0.0,0.0,0.0,0.0,0.0,0.008359999999999923,0.008359999999999923,False
2026-06-30T21:02:23.078236+00:00,#2130,sweden_champion_yes,1782853340584,0.00063,0.00063,0.00225,0.00225,0.0,0.0,0.0,0.0,0.0,0.00162,0.00162,False
2026-06-30T21:02:23.078317+00:00,#2131,sweden_champion_no,1782853340584,0.99775,0.99775,0.99937,0.99937,0.0,0.0,0.0,0.0,0.0,0.0016199999999999548,0.0016199999999999548,False
2026-06-30T21:02:23.078388+00:00,#6740,France,1782853340584,0.87126,0.87126,0.87837,0.87837,0.0,0.0,0.0,0.0,0.0,0.00710999999999995,0.00710999999999995,False
2026-06-30T21:02:23.078481+00:00,#6741,Sweden,1782853340584,0.12163,0.12163,0.12874,0.12874,0.0,0.0,0.0,0.0,0.0,0.007109999999999991,0.007109999999999991,False
2026-06-30T21:02:23.078568+00:00,#1890,france_champion_yes,1782853341191,0.295,0.295,0.30336,0.30336,0.0,0.0,0.0,0.0,0.0,0.008360000000000034,0.008360000000000034,False
2026-06-30T21:02:23.078645+00:00,#1891,france_champion_no,1782853341191,0.69664,0.69664,0.705,0.705,0.0,0.0,0.0,0.0,0.0,0.008359999999999923,0.008359999999999923,False
2026-06-30T21:02:23.078721+00:00,#2130,sweden_champion_yes,1782853341191,0.00063,0.00063,0.00225,0.00225,0.0,0.0,0.0,0.0,0.0,0.00162,0.00162,False
2026-06-30T21:02:23.078800+00:00,#2131,sweden_champion_no,1782853341191,0.99775,0.99775,0.99937,0.99937,0.0,0.0,0.0,0.0,0.0,0.0016199999999999548,0.0016199999999999548,False
2026-06-30T21:02:23.078878+00:00,#6740,France,1782853341191,0.87126,0.87126,0.87837,0.87837,0.0,0.0,0.0,-2.576999999999316,0.0,0.00710999999999995,0.00710999999999995,False
2026-06-30T21:02:23.078964+00:00,#6741,Sweden,1782853341191,0.12163,0.12163,0.12874,0.12874,0.0,0.0,2.576999999999998,0.0,0.0,0.007109999999999991,0.007109999999999991,False
2026-06-30T21:02:23.079092+00:00,#1890,france_champion_yes,1782853341661,0.295,0.295,0.30336,0.30336,0.0,0.0,0.0,0.0,0.0,0.008360000000000034,0.008360000000000034,False
2026-06-30T21:02:23.079165+00:00,#1891,france_champion_no,1782853341661,0.69664,0.69664,0.705,0.705,0.0,0.0,0.0,0.0,0.0,0.008359999999999923,0.008359999999999923,False
2026-06-30T21:02:23.079237+00:00,#2130,sweden_champion_yes,1782853341661,0.00063,0.00063,0.00225,0.00225,0.0,0.0,0.0,0.0,0.0,0.00162,0.00162,False
2026-06-30T21:02:23.079304+00:00,#2131,sweden_champion_no,1782853341661,0.99775,0.99775,0.99937,0.99937,0.0,0.0,0.0,0.0,0.0,0.0016199999999999548,0.0016199999999999548,False
2026-06-30T21:02:23.079373+00:00,#6740,France,1782853341661,0.87126,0.87126,0.87837,0.87837,0.0,0.0,-9.899999999999636,0.0,0.0,0.00710999999999995,0.00710999999999995,False
2026-06-30T21:02:23.079455+00:00,#6741,Sweden,1782853341661,0.12163,0.12163,0.12874,0.12874,0.0,0.0,0.0,9.900000000000091,0.0,0.007109999999999991,0.007109999999999991,False
2026-06-30T21:02:23.079533+00:00,#1890,france_champion_yes,1782853342266,0.295,0.295,0.30336,0.30336,0.0,0.0,0.0,0.0,0.0,0.008360000000000034,0.008360000000000034,False
2026-06-30T21:02:23.079607+00:00,#1891,france_champion_no,1782853342266,0.69664,0.69664,0.705,0.705,0.0,0.0,0.0,0.0,0.0,0.008359999999999923,0.008359999999999923,False
2026-06-30T21:02:23.079680+00:00,#2130,sweden_champion_yes,1782853342266,0.00063,0.00063,0.00225,0.00225,0.0,0.0,0.0,0.0,0.0,0.00162,0.00162,False
2026-06-30T21:02:23.079751+00:00,#2131,sweden_champion_no,1782853342266,0.99775,0.99775,0.99937,0.99937,0.0,0.0,0.0,0.0,0.0,0.0016199999999999548,0.0016199999999999548,False
2026-06-30T21:02:23.079819+00:00,#6740,France,1782853342266,0.87126,0.87126,0.87837,0.87837,0.0,-140.0,0.0,-125.01230000000032,0.0,0.00710999999999995,0.00710999999999995,False
2026-06-30T21:02:23.079892+00:00,#6741,Sweden,1782853342266,0.12163,0.12163,0.12874,0.12874,-140.0,0.0,-14.987699999999904,0.0,0.0,0.007109999999999991,0.007109999999999991,False
2026-06-30T21:02:23.232953+00:00,#1890,france_champion_yes,1782853342740,0.295,0.295,0.30336,0.30336,0.0,0.0,0.0,0.0,0.0,0.008360000000000034,0.008360000000000034,False
2026-06-30T21:02:23.233145+00:00,#1891,france_champion_no,1782853342740,0.69664,0.69664,0.705,0.705,0.0,0.0,0.0,0.0,0.0,0.008359999999999923,0.008359999999999923,False
2026-06-30T21:02:23.233256+00:00,#2130,sweden_champion_yes,1782853342740,0.00063,0.00063,0.00225,0.00225,0.0,0.0,0.0,0.0,0.0,0.00162,0.00162,False
2026-06-30T21:02:23.233343+00:00,#2131,sweden_champion_no,1782853342740,0.99775,0.99775,0.99937,0.99937,0.0,0.0,0.0,0.0,0.0,0.0016199999999999548,0.0016199999999999548,False
2026-06-30T21:02:23.233432+00:00,#6740,France,1782853342740,0.87126,0.87126,0.87837,0.87837,0.0,0.0,0.0,0.0,0.0,0.00710999999999995,0.00710999999999995,False
2026-06-30T21:02:23.233519+00:00,#6741,Sweden,1782853342740,0.12163,0.12163,0.12874,0.12874,0.0,0.0,0.0,0.0,0.0,0.007109999999999991,0.007109999999999991,False
2026-06-30T21:02:23.635728+00:00,#1890,france_champion_yes,1782853343275,0.295,0.295,0.30336,0.30336,0.0,0.0,0.0,0.0,0.0,0.008360000000000034,0.008360000000000034,False
2026-06-30T21:02:23.635934+00:00,#1891,france_champion_no,1782853343275,0.69664,0.69664,0.705,0.705,0.0,0.0,0.0,0.0,0.0,0.008359999999999923,0.008359999999999923,False
2026-06-30T21:02:23.636031+00:00,#2130,sweden_champion_yes,1782853343275,0.00063,0.00063,0.00225,0.00225,0.0,0.0,0.0,0.0,0.0,0.00162,0.00162,False
2026-06-30T21:02:23.636112+00:00,#2131,sweden_champion_no,1782853343275,0.99775,0.99775,0.99937,0.99937,0.0,0.0,0.0,0.0,0.0,0.0016199999999999548,0.0016199999999999548,False
2026-06-30T21:02:23.636200+00:00,#6740,France,1782853343275,0.87126,0.87126,0.87837,0.87837,0.0,0.0,0.0,0.0,0.0,0.00710999999999995,0.00710999999999995,False
2026-06-30T21:02:23.636289+00:00,#6741,Sweden,1782853343275,0.12163,0.12163,0.12874,0.12874,0.0,0.0,0.0,0.0,0.0,0.007109999999999991,0.007109999999999991,False
2026-06-30T21:02:24.222606+00:00,#1890,france_champion_yes,1782853343790,0.295,0.295,0.30336,0.30336,0.0,0.0,0.0,0.0,0.0,0.008360000000000034,0.008360000000000034,False
2026-06-30T21:02:24.222796+00:00,#1891,france_champion_no,1782853343790,0.69664,0.69664,0.705,0.705,0.0,0.0,0.0,0.0,0.0,0.008359999999999923,0.008359999999999923,False
2026-06-30T21:02:24.222883+00:00,#2130,sweden_champion_yes,1782853343790,0.00063,0.00063,0.00225,0.00225,0.0,0.0,0.0,0.0,0.0,0.00162,0.00162,False
2026-06-30T21:02:24.222956+00:00,#2131,sweden_champion_no,1782853343790,0.99775,0.99775,0.99937,0.99937,0.0,0.0,0.0,0.0,0.0,0.0016199999999999548,0.0016199999999999548,False
2026-06-30T21:02:24.223027+00:00,#6740,France,1782853343790,0.87126,0.87126,0.87837,0.87837,0.0,0.0,0.0,0.0,0.0,0.00710999999999995,0.00710999999999995,False
2026-06-30T21:02:24.223111+00:00,#6741,Sweden,1782853343790,0.12163,0.12163,0.12874,0.12874,0.0,0.0,0.0,0.0,0.0,0.007109999999999991,0.007109999999999991,False
2026-06-30T21:02:25.049143+00:00,#1890,france_champion_yes,1782853344340,0.295,0.295,0.30336,0.30336,0.0,0.0,0.0,0.0,0.0,0.008360000000000034,0.008360000000000034,False
2026-06-30T21:02:25.049261+00:00,#1891,france_champion_no,1782853344340,0.69664,0.69664,0.705,0.705,0.0,0.0,0.0,0.0,0.0,0.008359999999999923,0.008359999999999923,False
2026-06-30T21:02:25.049349+00:00,#2130,sweden_champion_yes,1782853344340,0.00063,0.00063,0.00225,0.00225,0.0,0.0,0.0,0.0,0.0,0.00162,0.00162,False
2026-06-30T21:02:25.049435+00:00,#2131,sweden_champion_no,1782853344340,0.99775,0.99775,0.99937,0.99937,0.0,0.0,0.0,0.0,0.0,0.0016199999999999548,0.0016199999999999548,False
2026-06-30T21:02:25.049506+00:00,#6740,France,1782853344340,0.87126,0.87126,0.87837,0.87837,0.0,0.0,0.0,0.0,0.0,0.00710999999999995,0.00710999999999995,False
2026-06-30T21:02:25.049579+00:00,#6741,Sweden,1782853344340,0.12163,0.12163,0.12874,0.12874,0.0,0.0,0.0,0.0,0.0,0.007109999999999991,0.007109999999999991,False
2026-06-30T21:02:25.285620+00:00,#1890,france_champion_yes,1782853344879,0.295,0.295,0.30336,0.30336,0.0,0.0,0.0,0.0,0.0,0.008360000000000034,0.008360000000000034,False
2026-06-30T21:02:25.285848+00:00,#1891,france_champion_no,1782853344879,0.69664,0.69664,0.705,0.705,0.0,0.0,0.0,0.0,0.0,0.008359999999999923,0.008359999999999923,False
2026-06-30T21:02:25.285952+00:00,#2130,sweden_champion_yes,1782853344879,0.00063,0.00063,0.00225,0.00225,0.0,0.0,0.0,0.0,0.0,0.00162,0.00162,False
2026-06-30T21:02:25.286034+00:00,#2131,sweden_champion_no,1782853344879,0.99775,0.99775,0.99937,0.99937,0.0,0.0,0.0,0.0,0.0,0.0016199999999999548,0.0016199999999999548,False
2026-06-30T21:02:25.286113+00:00,#6740,France,1782853344879,0.87126,0.87126,0.87837,0.87837,0.0,0.0,0.0,0.0,0.0,0.00710999999999995,0.00710999999999995,False
2026-06-30T21:02:25.286204+00:00,#6741,Sweden,1782853344879,0.12163,0.12163,0.12874,0.12874,0.0,0.0,0.0,0.0,0.0,0.007109999999999991,0.007109999999999991,False
2026-06-30T21:02:25.795286+00:00,#1890,france_champion_yes,1782853345456,0.295,0.295,0.30336,0.30336,0.0,0.0,0.0,0.0,0.0,0.008360000000000034,0.008360000000000034,False
2026-06-30T21:02:25.795509+00:00,#1891,france_champion_no,1782853345456,0.69664,0.69664,0.705,0.705,0.0,0.0,0.0,0.0,0.0,0.008359999999999923,0.008359999999999923,False
2026-06-30T21:02:25.795613+00:00,#2130,sweden_champion_yes,1782853345456,0.00063,0.00063,0.00225,0.00225,0.0,0.0,0.0,0.0,0.0,0.00162,0.00162,False
2026-06-30T21:02:25.795687+00:00,#2131,sweden_champion_no,1782853345456,0.99775,0.99775,0.99937,0.99937,0.0,0.0,0.0,0.0,0.0,0.0016199999999999548,0.0016199999999999548,False
2026-06-30T21:02:25.795761+00:00,#6740,France,1782853345456,0.87126,0.87126,0.87837,0.87837,0.0,0.0,0.0,0.0,0.0,0.00710999999999995,0.00710999999999995,False
2026-06-30T21:02:25.795838+00:00,#6741,Sweden,1782853345456,0.12163,0.12163,0.12874,0.12874,0.0,0.0,0.0,0.0,0.0,0.007109999999999991,0.007109999999999991,False
2026-06-30T21:02:26.574769+00:00,#1890,france_champion_yes,1782853346068,0.295,0.295,0.30336,0.30336,0.0,0.0,0.0,0.0,0.0,0.008360000000000034,0.008360000000000034,False
2026-06-30T21:02:26.574978+00:00,#1891,france_champion_no,1782853346068,0.69664,0.69664,0.705,0.705,0.0,0.0,0.0,0.0,0.0,0.008359999999999923,0.008359999999999923,False
2026-06-30T21:02:26.575073+00:00,#2130,sweden_champion_yes,1782853346068,0.00063,0.00063,0.00225,0.00225,0.0,0.0,0.0,0.0,0.0,0.00162,0.00162,False
2026-06-30T21:02:26.575153+00:00,#2131,sweden_champion_no,1782853346068,0.99775,0.99775,0.99937,0.99937,0.0,0.0,0.0,0.0,0.0,0.0016199999999999548,0.0016199999999999548,False
2026-06-30T21:02:26.575224+00:00,#6740,France,1782853346068,0.87126,0.87126,0.87837,0.87837,0.0,0.0,-0.4500000000007276,0.0,0.0,0.00710999999999995,0.00710999999999995,False
2026-06-30T21:02:26.575302+00:00,#6741,Sweden,1782853346068,0.12163,0.12163,0.12874,0.12874,0.0,0.0,0.0,0.4500000000000455,0.0,0.007109999999999991,0.007109999999999991,False
2026-06-30T21:02:27.013444+00:00,#1890,france_champion_yes,1782853346551,0.295,0.295,0.30336,0.30336,0.0,0.0,0.0,0.0,0.0,0.008360000000000034,0.008360000000000034,False
2026-06-30T21:02:27.013662+00:00,#1891,france_champion_no,1782853346551,0.69664,0.69664,0.705,0.705,0.0,0.0,0.0,0.0,0.0,0.008359999999999923,0.008359999999999923,False
2026-06-30T21:02:27.013748+00:00,#2130,sweden_champion_yes,1782853346551,0.00063,0.00063,0.00225,0.00225,0.0,0.0,0.0,0.0,0.0,0.00162,0.00162,False
2026-06-30T21:02:27.013820+00:00,#2131,sweden_champion_no,1782853346551,0.99775,0.99775,0.99937,0.99937,0.0,0.0,0.0,0.0,0.0,0.0016199999999999548,0.0016199999999999548,False
2026-06-30T21:02:27.013890+00:00,#6740,France,1782853346551,0.87126,0.87126,0.87837,0.87837,0.0,0.0,0.0,0.0,0.0,0.00710999999999995,0.00710999999999995,False
2026-06-30T21:02:27.013963+00:00,#6741,Sweden,1782853346551,0.12163,0.12163,0.12874,0.12874,0.0,0.0,0.0,0.0,0.0,0.007109999999999991,0.007109999999999991,False
2026-06-30T21:02:27.602745+00:00,#1890,france_champion_yes,1782853347086,0.295,0.295,0.30336,0.30336,0.0,0.0,0.0,0.0,0.0,0.008360000000000034,0.008360000000000034,False
2026-06-30T21:02:27.602961+00:00,#1891,france_champion_no,1782853347086,0.69664,0.69664,0.705,0.705,0.0,0.0,0.0,0.0,0.0,0.008359999999999923,0.008359999999999923,False
2026-06-30T21:02:27.603076+00:00,#2130,sweden_champion_yes,1782853347086,0.00063,0.00063,0.00225,0.00225,0.0,0.0,0.0,0.0,0.0,0.00162,0.00162,False
2026-06-30T21:02:27.603157+00:00,#2131,sweden_champion_no,1782853347086,0.99775,0.99775,0.99937,0.99937,0.0,0.0,0.0,0.0,0.0,0.0016199999999999548,0.0016199999999999548,False
2026-06-30T21:02:27.603236+00:00,#6740,France,1782853347086,0.87126,0.87126,0.87837,0.87837,0.0,-75.0,11.774999999999636,-64.4444999999996,0.0,0.00710999999999995,0.00710999999999995,False
2026-06-30T21:02:27.603323+00:00,#6741,Sweden,1782853347086,0.12163,0.12163,0.12874,0.12874,-75.0,0.0,-10.555499999999938,-11.775000000000091,0.0,0.007109999999999991,0.007109999999999991,False
2026-06-30T21:02:28.059255+00:00,#1890,france_champion_yes,1782853347588,0.295,0.295,0.30336,0.30336,0.0,0.0,0.0,0.0,0.0,0.008360000000000034,0.008360000000000034,False
2026-06-30T21:02:28.059478+00:00,#1891,france_champion_no,1782853347588,0.69664,0.69664,0.705,0.705,0.0,0.0,0.0,0.0,0.0,0.008359999999999923,0.008359999999999923,False
2026-06-30T21:02:28.059583+00:00,#2130,sweden_champion_yes,1782853347588,0.00063,0.00063,0.00225,0.00225,0.0,0.0,0.0,0.0,0.0,0.00162,0.00162,False
2026-06-30T21:02:28.059689+00:00,#2131,sweden_champion_no,1782853347588,0.99775,0.99775,0.99937,0.99937,0.0,0.0,0.0,0.0,0.0,0.0016199999999999548,0.0016199999999999548,False
2026-06-30T21:02:28.059770+00:00,#6740,France,1782853347588,0.87126,0.87126,0.87837,0.87837,0.0,0.0,0.0,0.0,0.0,0.00710999999999995,0.00710999999999995,False
2026-06-30T21:02:28.059857+00:00,#6741,Sweden,1782853347588,0.12163,0.12163,0.12874,0.12874,0.0,0.0,0.0,0.0,0.0,0.007109999999999991,0.007109999999999991,False
2026-06-30T21:02:28.550357+00:00,#1890,france_champion_yes,1782853348112,0.295,0.295,0.30336,0.30336,0.0,0.0,0.0,0.0,0.0,0.008360000000000034,0.008360000000000034,False
2026-06-30T21:02:28.550567+00:00,#1891,france_champion_no,1782853348112,0.69664,0.69664,0.705,0.705,0.0,0.0,0.0,0.0,0.0,0.008359999999999923,0.008359999999999923,False
2026-06-30T21:02:28.550690+00:00,#2130,sweden_champion_yes,1782853348112,0.00063,0.00063,0.00225,0.00225,0.0,0.0,0.0,0.0,0.0,0.00162,0.00162,False
2026-06-30T21:02:28.550772+00:00,#2131,sweden_champion_no,1782853348112,0.99775,0.99775,0.99937,0.99937,0.0,0.0,0.0,0.0,0.0,0.0016199999999999548,0.0016199999999999548,False
2026-06-30T21:02:28.550851+00:00,#6740,France,1782853348112,0.87126,0.87126,0.87837,0.87837,0.0,0.0,0.0,0.0,0.0,0.00710999999999995,0.00710999999999995,False
2026-06-30T21:02:28.550944+00:00,#6741,Sweden,1782853348112,0.12163,0.12163,0.12874,0.12874,0.0,0.0,0.0,0.0,0.0,0.007109999999999991,0.007109999999999991,False
2026-06-30T21:02:29.059885+00:00,#1890,france_champion_yes,1782853348615,0.295,0.295,0.30336,0.30336,0.0,0.0,0.0,0.0,0.0,0.008360000000000034,0.008360000000000034,False
2026-06-30T21:02:29.060079+00:00,#1891,france_champion_no,1782853348615,0.69664,0.69664,0.705,0.705,0.0,0.0,0.0,0.0,0.0,0.008359999999999923,0.008359999999999923,False
2026-06-30T21:02:29.060164+00:00,#2130,sweden_champion_yes,1782853348615,0.00063,0.00063,0.00225,0.00225,0.0,0.0,0.0,0.0,0.0,0.00162,0.00162,False
2026-06-30T21:02:29.060235+00:00,#2131,sweden_champion_no,1782853348615,0.99775,0.99775,0.99937,0.99937,0.0,0.0,0.0,0.0,0.0,0.0016199999999999548,0.0016199999999999548,False
2026-06-30T21:02:29.060305+00:00,#6740,France,1782853348615,0.87126,0.87126,0.87837,0.878,0.0,1863.0,0.0,1633.2884999999987,-0.00018499999999999073,0.00710999999999995,0.006739999999999968,True
2026-06-30T21:02:29.060414+00:00,#6741,Sweden,1782853348615,0.12163,0.122,0.12874,0.12874,1863.0,0.0,229.7114999999999,0.0,0.00018499999999999073,0.007109999999999991,0.006739999999999996,True
2026-06-30T21:02:29.646900+00:00,#1890,france_champion_yes,1782853349161,0.295,0.295,0.30336,0.30336,0.0,0.0,0.0,0.0,0.0,0.008360000000000034,0.008360000000000034,False
2026-06-30T21:02:29.647336+00:00,#1891,france_champion_no,1782853349161,0.69664,0.69664,0.705,0.705,0.0,0.0,0.0,0.0,0.0,0.008359999999999923,0.008359999999999923,False
2026-06-30T21:02:29.647603+00:00,#2130,sweden_champion_yes,1782853349161,0.00063,0.00063,0.00225,0.00225,0.0,0.0,0.0,0.0,0.0,0.00162,0.00162,False
2026-06-30T21:02:29.647784+00:00,#2131,sweden_champion_no,1782853349161,0.99775,0.99775,0.99937,0.99937,0.0,0.0,0.0,0.0,0.0,0.0016199999999999548,0.0016199999999999548,False
2026-06-30T21:02:29.647988+00:00,#6740,France,1782853349161,0.87126,0.87126,0.878,0.878,0.0,0.0,0.0,0.0,0.0,0.006739999999999968,0.006739999999999968,False
2026-06-30T21:02:29.648170+00:00,#6741,Sweden,1782853349161,0.122,0.122,0.12874,0.12874,0.0,0.0,0.0,0.0,0.0,0.006739999999999996,0.006739999999999996,False
2026-06-30T21:02:30.281350+00:00,#1890,france_champion_yes,1782853349765,0.295,0.295,0.30336,0.30336,0.0,0.0,0.0,0.0,0.0,0.008360000000000034,0.008360000000000034,False
2026-06-30T21:02:30.281592+00:00,#1891,france_champion_no,1782853349765,0.69664,0.69664,0.705,0.705,0.0,0.0,0.0,0.0,0.0,0.008359999999999923,0.008359999999999923,False
2026-06-30T21:02:30.281721+00:00,#2130,sweden_champion_yes,1782853349765,0.00063,0.00063,0.00225,0.00225,0.0,0.0,0.0,0.0,0.0,0.00162,0.00162,False
2026-06-30T21:02:30.281856+00:00,#2131,sweden_champion_no,1782853349765,0.99775,0.99775,0.99937,0.99937,0.0,0.0,0.0,0.0,0.0,0.0016199999999999548,0.0016199999999999548,False
2026-06-30T21:02:30.281982+00:00,#6740,France,1782853349765,0.87126,0.87126,0.878,0.878,0.0,0.0,0.0,0.0,0.0,0.006739999999999968,0.006739999999999968,False
2026-06-30T21:02:30.282092+00:00,#6741,Sweden,1782853349765,0.122,0.122,0.12874,0.12874,0.0,0.0,0.0,0.0,0.0,0.006739999999999996,0.006739999999999996,False
2026-06-30T21:02:30.845002+00:00,#1890,france_champion_yes,1782853350254,0.295,0.295,0.30336,0.30336,0.0,0.0,0.0,0.0,0.0,0.008360000000000034,0.008360000000000034,False
2026-06-30T21:02:30.845185+00:00,#1891,france_champion_no,1782853350254,0.69664,0.69664,0.705,0.705,0.0,0.0,0.0,0.0,0.0,0.008359999999999923,0.008359999999999923,False
2026-06-30T21:02:30.845272+00:00,#2130,sweden_champion_yes,1782853350254,0.00063,0.00063,0.00225,0.00225,0.0,0.0,0.0,0.0,0.0,0.00162,0.00162,False
2026-06-30T21:02:30.845345+00:00,#2131,sweden_champion_no,1782853350254,0.99775,0.99775,0.99937,0.99937,0.0,0.0,0.0,0.0,0.0,0.0016199999999999548,0.0016199999999999548,False
2026-06-30T21:02:30.845436+00:00,#6740,France,1782853350254,0.87126,0.87126,0.878,0.878,0.0,0.0,0.0,0.0,0.0,0.006739999999999968,0.006739999999999968,False
2026-06-30T21:02:30.845517+00:00,#6741,Sweden,1782853350254,0.122,0.122,0.12874,0.12874,0.0,0.0,0.0,0.0,0.0,0.006739999999999996,0.006739999999999996,False
2026-06-30T21:02:31.188929+00:00,#1890,france_champion_yes,1782853350740,0.295,0.295,0.30336,0.30336,0.0,0.0,0.0,0.0,0.0,0.008360000000000034,0.008360000000000034,False
2026-06-30T21:02:31.189145+00:00,#1891,france_champion_no,1782853350740,0.69664,0.69664,0.705,0.705,0.0,0.0,0.0,0.0,0.0,0.008359999999999923,0.008359999999999923,False
2026-06-30T21:02:31.189241+00:00,#2130,sweden_champion_yes,1782853350740,0.00063,0.00063,0.00225,0.00225,0.0,0.0,0.0,0.0,0.0,0.00162,0.00162,False
2026-06-30T21:02:31.189323+00:00,#2131,sweden_champion_no,1782853350740,0.99775,0.99775,0.99937,0.99937,0.0,0.0,0.0,0.0,0.0,0.0016199999999999548,0.0016199999999999548,False
2026-06-30T21:02:31.189395+00:00,#6740,France,1782853350740,0.87126,0.87126,0.878,0.878,0.0,0.0,0.0,0.0,0.0,0.006739999999999968,0.006739999999999968,False
2026-06-30T21:02:31.189486+00:00,#6741,Sweden,1782853350740,0.122,0.122,0.12874,0.12874,0.0,0.0,0.0,0.0,0.0,0.006739999999999996,0.006739999999999996,False
2026-06-30T21:02:31.721265+00:00,#1890,france_champion_yes,1782853351290,0.295,0.295,0.30336,0.30336,0.0,0.0,0.0,0.0,0.0,0.008360000000000034,0.008360000000000034,False
2026-06-30T21:02:31.721508+00:00,#1891,france_champion_no,1782853351290,0.69664,0.69664,0.705,0.705,0.0,0.0,0.0,0.0,0.0,0.008359999999999923,0.008359999999999923,False
2026-06-30T21:02:31.721611+00:00,#2130,sweden_champion_yes,1782853351290,0.00063,0.00063,0.00225,0.00225,0.0,0.0,0.0,0.0,0.0,0.00162,0.00162,False
2026-06-30T21:02:31.721688+00:00,#2131,sweden_champion_no,1782853351290,0.99775,0.99775,0.99937,0.99937,0.0,0.0,0.0,0.0,0.0,0.0016199999999999548,0.0016199999999999548,False
2026-06-30T21:02:31.721762+00:00,#6740,France,1782853351290,0.87126,0.87126,0.878,0.878,0.0,0.0,0.0,0.0,0.0,0.006739999999999968,0.006739999999999968,False
2026-06-30T21:02:31.721842+00:00,#6741,Sweden,1782853351290,0.122,0.122,0.12874,0.12874,0.0,0.0,0.0,0.0,0.0,0.006739999999999996,0.006739999999999996,False
2026-06-30T21:02:32.282846+00:00,#1890,france_champion_yes,1782853351857,0.295,0.295,0.30336,0.30336,0.0,0.0,0.0,0.0,0.0,0.008360000000000034,0.008360000000000034,False
2026-06-30T21:02:32.282965+00:00,#1891,france_champion_no,1782853351857,0.69664,0.69664,0.705,0.705,0.0,0.0,0.0,0.0,0.0,0.008359999999999923,0.008359999999999923,False
2026-06-30T21:02:32.283051+00:00,#2130,sweden_champion_yes,1782853351857,0.00063,0.00063,0.00225,0.00225,0.0,0.0,0.0,0.0,0.0,0.00162,0.00162,False
2026-06-30T21:02:32.283124+00:00,#2131,sweden_champion_no,1782853351857,0.99775,0.99775,0.99937,0.99937,0.0,0.0,0.0,0.0,0.0,0.0016199999999999548,0.0016199999999999548,False
2026-06-30T21:02:32.283242+00:00,#6740,France,1782853351857,0.87126,0.87126,0.878,0.878,0.0,0.0,0.0,0.0,0.0,0.006739999999999968,0.006739999999999968,False
2026-06-30T21:02:32.283323+00:00,#6741,Sweden,1782853351857,0.122,0.122,0.12874,0.12874,0.0,0.0,0.0,0.0,0.0,0.006739999999999996,0.006739999999999996,False
2026-06-30T21:02:32.809181+00:00,#1890,france_champion_yes,1782853352394,0.295,0.295,0.30336,0.30336,0.0,0.0,0.0,0.0,0.0,0.008360000000000034,0.008360000000000034,False
2026-06-30T21:02:32.809468+00:00,#1891,france_champion_no,1782853352394,0.69664,0.69664,0.705,0.705,0.0,0.0,0.0,0.0,0.0,0.008359999999999923,0.008359999999999923,False
2026-06-30T21:02:32.809620+00:00,#2130,sweden_champion_yes,1782853352394,0.00063,0.00063,0.00225,0.00225,0.0,0.0,0.0,0.0,0.0,0.00162,0.00162,False
2026-06-30T21:02:32.809757+00:00,#2131,sweden_champion_no,1782853352394,0.99775,0.99775,0.99937,0.99937,0.0,0.0,0.0,0.0,0.0,0.0016199999999999548,0.0016199999999999548,False
2026-06-30T21:02:32.809877+00:00,#6740,France,1782853352394,0.87126,0.87126,0.878,0.878,0.0,0.0,0.0,0.0,0.0,0.006739999999999968,0.006739999999999968,False
2026-06-30T21:02:32.810000+00:00,#6741,Sweden,1782853352394,0.122,0.122,0.12874,0.12874,0.0,0.0,0.0,0.0,0.0,0.006739999999999996,0.006739999999999996,False
2026-06-30T21:02:33.413040+00:00,#1890,france_champion_yes,1782853352930,0.295,0.295,0.30336,0.29927,0.0,-2722.0,0.0,-899.9501500000006,-0.002045000000000019,0.008360000000000034,0.004269999999999996,True
2026-06-30T21:02:33.413188+00:00,#1891,france_champion_no,1782853352930,0.69664,0.70073,0.705,0.705,-2722.0,0.0,-1822.0498500000003,0.0,0.0020449999999999635,0.008359999999999923,0.004269999999999996,True
2026-06-30T21:02:33.413301+00:00,#2130,sweden_champion_yes,1782853352930,0.00063,0.00063,0.00225,0.00225,0.0,0.0,0.0,0.0,0.0,0.00162,0.00162,False
2026-06-30T21:02:33.413391+00:00,#2131,sweden_champion_no,1782853352930,0.99775,0.99775,0.99937,0.99937,0.0,0.0,0.0,0.0,0.0,0.0016199999999999548,0.0016199999999999548,False
2026-06-30T21:02:33.413501+00:00,#6740,France,1782853352930,0.87126,0.87126,0.878,0.878,63.0,-698.0,67.71000000000004,-618.0978599999999,0.0,0.006739999999999968,0.006739999999999968,False
2026-06-30T21:02:33.413590+00:00,#6741,Sweden,1782853352930,0.122,0.122,0.12874,0.12874,-698.0,63.0,-79.90213999999992,-4.710000000000036,0.0,0.006739999999999996,0.006739999999999996,False
2026-06-30T21:02:33.985099+00:00,#1890,france_champion_yes,1782853353509,0.295,0.295,0.29927,0.29927,0.0,0.0,0.0,0.0,0.0,0.004269999999999996,0.004269999999999996,False
2026-06-30T21:02:33.985348+00:00,#1891,france_champion_no,1782853353509,0.70073,0.70073,0.705,0.705,0.0,0.0,0.0,0.0,0.0,0.004269999999999996,0.004269999999999996,False
2026-06-30T21:02:33.985478+00:00,#2130,sweden_champion_yes,1782853353509,0.00063,0.00063,0.00225,0.00225,0.0,0.0,0.0,0.0,0.0,0.00162,0.00162,False
2026-06-30T21:02:33.985569+00:00,#2131,sweden_champion_no,1782853353509,0.99775,0.99775,0.99937,0.99937,0.0,0.0,0.0,0.0,0.0,0.0016199999999999548,0.0016199999999999548,False
2026-06-30T21:02:33.985653+00:00,#6740,France,1782853353509,0.87126,0.87193,0.878,0.878,-7200.0,0.0,-6271.1208,0.0,0.0003349999999999742,0.006739999999999968,0.00607000000000002,True
2026-06-30T21:02:33.985792+00:00,#6741,Sweden,1782853353509,0.122,0.122,0.12874,0.12807,0.0,-7200.0,0.0,-928.8792000000001,-0.0003349999999999742,0.006739999999999996,0.006069999999999992,True
2026-06-30T21:02:34.580149+00:00,#1890,france_champion_yes,1782853354112,0.295,0.295,0.29927,0.29927,0.0,0.0,0.0,0.0,0.0,0.004269999999999996,0.004269999999999996,False
2026-06-30T21:02:34.580362+00:00,#1891,france_champion_no,1782853354112,0.70073,0.70073,0.705,0.705,0.0,0.0,0.0,0.0,0.0,0.004269999999999996,0.004269999999999996,False
2026-06-30T21:02:34.580482+00:00,#2130,sweden_champion_yes,1782853354112,0.00063,0.00063,0.00225,0.00225,0.0,0.0,0.0,0.0,0.0,0.00162,0.00162,False
2026-06-30T21:02:34.580573+00:00,#2131,sweden_champion_no,1782853354112,0.99775,0.99775,0.99937,0.99937,0.0,0.0,0.0,0.0,0.0,0.0016199999999999548,0.0016199999999999548,False
2026-06-30T21:02:34.580657+00:00,#6740,France,1782853354112,0.87193,0.87293,0.878,0.878,7475.0,0.0,6520.817499999999,0.0,0.0004999999999999449,0.00607000000000002,0.005070000000000019,True
2026-06-30T21:02:34.580777+00:00,#6741,Sweden,1782853354112,0.122,0.122,0.12807,0.12707,0.0,7475.0,0.0,954.1824999999999,-0.0005000000000000143,0.006069999999999992,0.005069999999999991,True
2026-06-30T21:02:35.473979+00:00,#1890,france_champion_yes,1782853354594,0.295,0.295,0.29927,0.29927,0.0,0.0,0.0,0.0,0.0,0.004269999999999996,0.004269999999999996,False
2026-06-30T21:02:35.474100+00:00,#1891,france_champion_no,1782853354594,0.70073,0.70073,0.705,0.705,0.0,0.0,0.0,0.0,0.0,0.004269999999999996,0.004269999999999996,False
2026-06-30T21:02:35.474211+00:00,#2130,sweden_champion_yes,1782853354594,0.00063,0.00063,0.00225,0.00225,0.0,0.0,0.0,0.0,0.0,0.00162,0.00162,False
2026-06-30T21:02:35.474293+00:00,#2131,sweden_champion_no,1782853354594,0.99775,0.99775,0.99937,0.99937,0.0,0.0,0.0,0.0,0.0,0.0016199999999999548,0.0016199999999999548,False
2026-06-30T21:02:35.474367+00:00,#6740,France,1782853354594,0.87293,0.87393,0.878,0.878,0.0,0.0,0.8400000000001455,0.0,0.000500000000000056,0.005070000000000019,0.004070000000000018,False
2026-06-30T21:02:35.474448+00:00,#6741,Sweden,1782853354594,0.122,0.122,0.12707,0.12607,0.0,0.0,0.0,-0.8399999999999181,-0.0005000000000000004,0.005069999999999991,0.00406999999999999,False
2026-06-30T21:02:35.587764+00:00,#1890,france_champion_yes,1782853355124,0.295,0.295,0.29927,0.29927,0.0,0.0,0.0,0.0,0.0,0.004269999999999996,0.004269999999999996,False
2026-06-30T21:02:35.587980+00:00,#1891,france_champion_no,1782853355124,0.70073,0.70073,0.705,0.705,0.0,0.0,0.0,0.0,0.0,0.004269999999999996,0.004269999999999996,False
2026-06-30T21:02:35.588079+00:00,#2130,sweden_champion_yes,1782853355124,0.00063,0.00063,0.00225,0.00225,0.0,0.0,0.0,0.0,0.0,0.00162,0.00162,False
2026-06-30T21:02:35.588162+00:00,#2131,sweden_champion_no,1782853355124,0.99775,0.99775,0.99937,0.99937,0.0,0.0,0.0,0.0,0.0,0.0016199999999999548,0.0016199999999999548,False
2026-06-30T21:02:35.588241+00:00,#6740,France,1782853355124,0.87393,0.87493,0.878,0.878,0.0,0.0,0.8400000000001455,0.0,0.000500000000000056,0.004070000000000018,0.003070000000000017,False
2026-06-30T21:02:35.588327+00:00,#6741,Sweden,1782853355124,0.122,0.122,0.12607,0.12507,0.0,0.0,0.0,-0.8400000000001455,-0.0005000000000000004,0.00406999999999999,0.0030699999999999894,False
2026-06-30T21:02:36.174708+00:00,#1890,france_champion_yes,1782853355678,0.295,0.295,0.29927,0.29927,0.0,0.0,0.0,0.0,0.0,0.004269999999999996,0.004269999999999996,False
2026-06-30T21:02:36.174920+00:00,#1891,france_champion_no,1782853355678,0.70073,0.70073,0.705,0.705,0.0,0.0,0.0,0.0,0.0,0.004269999999999996,0.004269999999999996,False
2026-06-30T21:02:36.175014+00:00,#2130,sweden_champion_yes,1782853355678,0.00063,0.00063,0.00225,0.00225,0.0,0.0,0.0,0.0,0.0,0.00162,0.00162,False
2026-06-30T21:02:36.175097+00:00,#2131,sweden_champion_no,1782853355678,0.99775,0.99775,0.99937,0.99937,0.0,0.0,0.0,0.0,0.0,0.0016199999999999548,0.0016199999999999548,False
2026-06-30T21:02:36.175171+00:00,#6740,France,1782853355678,0.87493,0.87493,0.878,0.878,-7475.0,0.0,-6519.977499999999,0.0,0.0,0.003070000000000017,0.003070000000000017,True
2026-06-30T21:02:36.175274+00:00,#6741,Sweden,1782853355678,0.122,0.122,0.12507,0.12507,0.0,-7475.0,0.0,-955.0224999999998,0.0,0.0030699999999999894,0.0030699999999999894,True
2026-06-30T21:02:36.692126+00:00,#1890,france_champion_yes,1782853356214,0.295,0.295,0.29927,0.29927,0.0,0.0,0.0,0.0,0.0,0.004269999999999996,0.004269999999999996,False
2026-06-30T21:02:36.692326+00:00,#1891,france_champion_no,1782853356214,0.70073,0.70073,0.705,0.705,0.0,0.0,0.0,0.0,0.0,0.004269999999999996,0.004269999999999996,False
2026-06-30T21:02:36.692435+00:00,#2130,sweden_champion_yes,1782853356214,0.00063,0.00063,0.00225,0.00225,0.0,0.0,0.0,0.0,0.0,0.00162,0.00162,False
2026-06-30T21:02:36.692533+00:00,#2131,sweden_champion_no,1782853356214,0.99775,0.99775,0.99937,0.99937,0.0,0.0,0.0,0.0,0.0,0.0016199999999999548,0.0016199999999999548,False
2026-06-30T21:02:36.692613+00:00,#6740,France,1782853356214,0.87493,0.87522,0.878,0.878,7475.0,0.0,6542.477499999999,0.0,0.00014499999999995072,0.003070000000000017,0.0027800000000000047,True
2026-06-30T21:02:36.692717+00:00,#6741,Sweden,1782853356214,0.122,0.122,0.12507,0.12478,0.0,7475.0,0.0,932.5224999999998,-0.00014499999999999236,0.0030699999999999894,0.0027800000000000047,True
2026-06-30T21:02:37.284147+00:00,#1890,france_champion_yes,1782853356773,0.295,0.295,0.29927,0.29927,0.0,0.0,0.0,0.0,0.0,0.004269999999999996,0.004269999999999996,False
2026-06-30T21:02:37.284362+00:00,#1891,france_champion_no,1782853356773,0.70073,0.70073,0.705,0.705,0.0,0.0,0.0,0.0,0.0,0.004269999999999996,0.004269999999999996,False
2026-06-30T21:02:37.284470+00:00,#2130,sweden_champion_yes,1782853356773,0.00063,0.00063,0.00225,0.00225,0.0,0.0,0.0,0.0,0.0,0.00162,0.00162,False
2026-06-30T21:02:37.284551+00:00,#2131,sweden_champion_no,1782853356773,0.99775,0.99775,0.99937,0.99937,0.0,0.0,0.0,0.0,0.0,0.0016199999999999548,0.0016199999999999548,False
2026-06-30T21:02:37.284633+00:00,#6740,France,1782853356773,0.87522,0.87493,0.878,0.878,0.0,0.0,-10.499999999998181,0.0,-0.00014499999999995072,0.0027800000000000047,0.003070000000000017,False
2026-06-30T21:02:37.284723+00:00,#6741,Sweden,1782853356773,0.122,0.122,0.12478,0.12507,0.0,0.0,0.0,10.5,0.00014499999999999236,0.0027800000000000047,0.0030699999999999894,False
2026-06-30T21:02:37.768025+00:00,#1890,france_champion_yes,1782853357293,0.295,0.295,0.29927,0.29927,-2.0,0.0,-0.2108599999999683,0.0,0.0,0.004269999999999996,0.004269999999999996,False
2026-06-30T21:02:37.768215+00:00,#1891,france_champion_no,1782853357293,0.70073,0.70073,0.705,0.705,0.0,-2.0,0.0,-1.7891399999999749,0.0,0.004269999999999996,0.004269999999999996,False
2026-06-30T21:02:37.768311+00:00,#2130,sweden_champion_yes,1782853357293,0.00063,0.00063,0.00225,0.00225,0.0,0.0,0.0,0.0,0.0,0.00162,0.00162,False
2026-06-30T21:02:37.768390+00:00,#2131,sweden_champion_no,1782853357293,0.99775,0.99775,0.99937,0.99937,0.0,0.0,0.0,0.0,0.0,0.0016199999999999548,0.0016199999999999548,False
2026-06-30T21:02:37.768478+00:00,#6740,France,1782853357293,0.87493,0.87493,0.878,0.878,0.0,42.0,0.0,37.654499999998734,0.0,0.003070000000000017,0.003070000000000017,False
2026-06-30T21:02:37.768555+00:00,#6741,Sweden,1782853357293,0.122,0.122,0.12507,0.12507,42.0,0.0,4.345499999999902,0.0,0.0,0.0030699999999999894,0.0030699999999999894,False
2026-06-30T21:02:40.442126+00:00,#1890,france_champion_yes,1782853357835,0.295,0.295,0.29927,0.29927,0.0,0.0,0.0,0.0,0.0,0.004269999999999996,0.004269999999999996,False
2026-06-30T21:02:40.442252+00:00,#1891,france_champion_no,1782853357835,0.70073,0.70073,0.705,0.705,0.0,0.0,0.0,0.0,0.0,0.004269999999999996,0.004269999999999996,False
2026-06-30T21:02:40.442337+00:00,#2130,sweden_champion_yes,1782853357835,0.00063,0.00063,0.00225,0.00225,0.0,0.0,0.0,0.0,0.0,0.00162,0.00162,False
2026-06-30T21:02:40.442417+00:00,#2131,sweden_champion_no,1782853357835,0.99775,0.99775,0.99937,0.99937,0.0,0.0,0.0,0.0,0.0,0.0016199999999999548,0.0016199999999999548,False
2026-06-30T21:02:40.442488+00:00,#6740,France,1782853357835,0.87493,0.87493,0.878,0.878,0.0,0.0,0.0,0.0,0.0,0.003070000000000017,0.003070000000000017,False
2026-06-30T21:02:40.442563+00:00,#6741,Sweden,1782853357835,0.122,0.122,0.12507,0.12507,0.0,0.0,0.0,0.0,0.0,0.0030699999999999894,0.0030699999999999894,False
2026-06-30T21:02:40.442727+00:00,#1890,france_champion_yes,1782853358384,0.295,0.295,0.29927,0.29927,0.0,-50.0,0.0,-15.167999999999893,0.0,0.004269999999999996,0.004269999999999996,False
2026-06-30T21:02:40.442800+00:00,#1891,france_champion_no,1782853358384,0.70073,0.70073,0.705,0.705,-50.0,0.0,-34.832000000000335,0.0,0.0,0.004269999999999996,0.004269999999999996,False
2026-06-30T21:02:40.442875+00:00,#2130,sweden_champion_yes,1782853358384,0.00063,0.00063,0.00225,0.00225,0.0,0.0,0.0,0.0,0.0,0.00162,0.00162,False
2026-06-30T21:02:40.442944+00:00,#2131,sweden_champion_no,1782853358384,0.99775,0.99775,0.99937,0.99937,0.0,0.0,0.0,0.0,0.0,0.0016199999999999548,0.0016199999999999548,False
2026-06-30T21:02:40.443012+00:00,#6740,France,1782853358384,0.87493,0.87493,0.878,0.878,0.0,0.0,0.0,0.0,0.0,0.003070000000000017,0.003070000000000017,False
2026-06-30T21:02:40.443083+00:00,#6741,Sweden,1782853358384,0.122,0.122,0.12507,0.12507,0.0,0.0,0.0,0.0,0.0,0.0030699999999999894,0.0030699999999999894,False
2026-06-30T21:02:40.443153+00:00,#1890,france_champion_yes,1782853358943,0.295,0.295,0.29927,0.29927,0.0,0.0,0.0,0.0,0.0,0.004269999999999996,0.004269999999999996,False
2026-06-30T21:02:40.443223+00:00,#1891,france_champion_no,1782853358943,0.70073,0.70073,0.705,0.705,0.0,0.0,0.0,0.0,0.0,0.004269999999999996,0.004269999999999996,False
2026-06-30T21:02:40.443296+00:00,#2130,sweden_champion_yes,1782853358943,0.00063,0.00063,0.00225,0.00225,0.0,0.0,0.0,0.0,0.0,0.00162,0.00162,False
2026-06-30T21:02:40.443363+00:00,#2131,sweden_champion_no,1782853358943,0.99775,0.99775,0.99937,0.99937,0.0,0.0,0.0,0.0,0.0,0.0016199999999999548,0.0016199999999999548,False
2026-06-30T21:02:40.443434+00:00,#6740,France,1782853358943,0.87493,0.87493,0.878,0.878,0.0,0.0,0.0,0.0,0.0,0.003070000000000017,0.003070000000000017,False
2026-06-30T21:02:40.443508+00:00,#6741,Sweden,1782853358943,0.122,0.122,0.12507,0.12507,0.0,0.0,0.0,0.0,0.0,0.0030699999999999894,0.0030699999999999894,False
2026-06-30T21:02:40.443907+00:00,#1890,france_champion_yes,1782853359515,0.295,0.295,0.29927,0.29927,0.0,0.0,0.0,0.0,0.0,0.004269999999999996,0.004269999999999996,False
2026-06-30T21:02:40.443997+00:00,#1891,france_champion_no,1782853359515,0.70073,0.70073,0.705,0.705,0.0,0.0,0.0,0.0,0.0,0.004269999999999996,0.004269999999999996,False
2026-06-30T21:02:40.444070+00:00,#2130,sweden_champion_yes,1782853359515,0.00063,0.00063,0.00225,0.00225,0.0,0.0,0.0,0.0,0.0,0.00162,0.00162,False
2026-06-30T21:02:40.444136+00:00,#2131,sweden_champion_no,1782853359515,0.99775,0.99775,0.99937,0.99937,0.0,0.0,0.0,0.0,0.0,0.0016199999999999548,0.0016199999999999548,False
2026-06-30T21:02:40.444204+00:00,#6740,France,1782853359515,0.87493,0.87493,0.878,0.878,-7475.0,0.0,-6531.977500000001,0.0,0.0,0.003070000000000017,0.003070000000000017,True
2026-06-30T21:02:40.444293+00:00,#6741,Sweden,1782853359515,0.122,0.122,0.12507,0.12507,0.0,-7475.0,0.0,-943.0224999999998,0.0,0.0030699999999999894,0.0030699999999999894,True
2026-06-30T21:02:40.444541+00:00,#1890,france_champion_yes,1782853359967,0.295,0.295,0.29927,0.30336,0.0,2722.0,0.0,899.9501499999999,0.002045000000000019,0.004269999999999996,0.008360000000000034,True
2026-06-30T21:02:40.444631+00:00,#1891,france_champion_no,1782853359967,0.70073,0.69664,0.705,0.705,2722.0,0.0,1822.0498500000003,0.0,-0.0020449999999999635,0.004269999999999996,0.008359999999999923,True
2026-06-30T21:02:40.444721+00:00,#2130,sweden_champion_yes,1782853359967,0.00063,0.00063,0.00225,0.00225,0.0,0.0,0.0,0.0,0.0,0.00162,0.00162,False
2026-06-30T21:02:40.444790+00:00,#2131,sweden_champion_no,1782853359967,0.99775,0.99775,0.99937,0.99937,0.0,0.0,0.0,0.0,0.0,0.0016199999999999548,0.0016199999999999548,False
2026-06-30T21:02:40.444858+00:00,#6740,France,1782853359967,0.87493,0.87493,0.878,0.878,7475.0,-12.0,6509.852500000001,-10.536000000000058,0.0,0.003070000000000017,0.003070000000000017,True
2026-06-30T21:02:40.444950+00:00,#6741,Sweden,1782853359967,0.122,0.122,0.12507,0.12507,-12.0,7475.0,-1.4640000000001692,965.1474999999998,0.0,0.0030699999999999894,0.0030699999999999894,True
2026-06-30T21:02:40.911037+00:00,#1890,france_champion_yes,1782853360508,0.295,0.295,0.30336,0.30336,0.0,0.0,0.0,0.0,0.0,0.008360000000000034,0.008360000000000034,False
2026-06-30T21:02:40.911211+00:00,#1891,france_champion_no,1782853360508,0.69664,0.69664,0.705,0.705,0.0,0.0,0.0,0.0,0.0,0.008359999999999923,0.008359999999999923,False
2026-06-30T21:02:40.911305+00:00,#2130,sweden_champion_yes,1782853360508,0.00063,0.00063,0.00225,0.00225,0.0,0.0,0.0,0.0,0.0,0.00162,0.00162,False
2026-06-30T21:02:40.911387+00:00,#2131,sweden_champion_no,1782853360508,0.99775,0.99775,0.99937,0.99937,0.0,0.0,0.0,0.0,0.0,0.0016199999999999548,0.0016199999999999548,False
2026-06-30T21:02:40.911484+00:00,#6740,France,1782853360508,0.87493,0.87493,0.878,0.878,0.0,0.0,0.0,0.0,0.0,0.003070000000000017,0.003070000000000017,False
2026-06-30T21:02:40.911560+00:00,#6741,Sweden,1782853360508,0.122,0.122,0.12507,0.12507,0.0,0.0,0.0,0.0,0.0,0.0030699999999999894,0.0030699999999999894,False
2026-06-30T21:02:41.632159+00:00,#1890,france_champion_yes,1782853361113,0.295,0.295,0.30336,0.30336,0.0,0.0,0.0,0.0,0.0,0.008360000000000034,0.008360000000000034,False
2026-06-30T21:02:41.632260+00:00,#1891,france_champion_no,1782853361113,0.69664,0.69664,0.705,0.705,0.0,0.0,0.0,0.0,0.0,0.008359999999999923,0.008359999999999923,False
2026-06-30T21:02:41.632339+00:00,#2130,sweden_champion_yes,1782853361113,0.00063,0.00063,0.00225,0.00225,0.0,0.0,0.0,0.0,0.0,0.00162,0.00162,False
2026-06-30T21:02:41.632421+00:00,#2131,sweden_champion_no,1782853361113,0.99775,0.99775,0.99937,0.99937,0.0,0.0,0.0,0.0,0.0,0.0016199999999999548,0.0016199999999999548,False
2026-06-30T21:02:41.632493+00:00,#6740,France,1782853361113,0.87493,0.87493,0.878,0.878,0.0,0.0,0.0,0.0,0.0,0.003070000000000017,0.003070000000000017,False
2026-06-30T21:02:41.632567+00:00,#6741,Sweden,1782853361113,0.122,0.122,0.12507,0.12507,0.0,0.0,0.0,0.0,0.0,0.0030699999999999894,0.0030699999999999894,False
2026-06-30T21:02:42.113321+00:00,#1890,france_champion_yes,1782853361603,0.295,0.295,0.30336,0.30336,0.0,0.0,0.0,0.0,0.0,0.008360000000000034,0.008360000000000034,False
2026-06-30T21:02:42.113437+00:00,#1891,france_champion_no,1782853361603,0.69664,0.69664,0.705,0.705,0.0,0.0,0.0,0.0,0.0,0.008359999999999923,0.008359999999999923,False
2026-06-30T21:02:42.113522+00:00,#2130,sweden_champion_yes,1782853361603,0.00063,0.00063,0.00225,0.00225,0.0,0.0,0.0,0.0,0.0,0.00162,0.00162,False
2026-06-30T21:02:42.113593+00:00,#2131,sweden_champion_no,1782853361603,0.99775,0.99775,0.99937,0.99937,0.0,0.0,0.0,0.0,0.0,0.0016199999999999548,0.0016199999999999548,False
2026-06-30T21:02:42.113664+00:00,#6740,France,1782853361603,0.87493,0.87493,0.878,0.878,-201.0,0.0,-175.86092999999983,0.0,0.0,0.003070000000000017,0.003070000000000017,False
2026-06-30T21:02:42.113742+00:00,#6741,Sweden,1782853361603,0.122,0.122,0.12507,0.12507,0.0,-201.0,0.0,-25.139069999999947,0.0,0.0030699999999999894,0.0030699999999999894,False
2026-06-30T21:02:42.606674+00:00,#1890,france_champion_yes,1782853362150,0.295,0.295,0.30336,0.30336,0.0,0.0,0.0,0.0,0.0,0.008360000000000034,0.008360000000000034,False
2026-06-30T21:02:42.606877+00:00,#1891,france_champion_no,1782853362150,0.69664,0.69664,0.705,0.705,0.0,0.0,0.0,0.0,0.0,0.008359999999999923,0.008359999999999923,False
2026-06-30T21:02:42.606984+00:00,#2130,sweden_champion_yes,1782853362150,0.00063,0.00063,0.00225,0.00225,0.0,0.0,0.0,0.0,0.0,0.00162,0.00162,False
2026-06-30T21:02:42.607076+00:00,#2131,sweden_champion_no,1782853362150,0.99775,0.99775,0.99937,0.99937,0.0,0.0,0.0,0.0,0.0,0.0016199999999999548,0.0016199999999999548,False
2026-06-30T21:02:42.607157+00:00,#6740,France,1782853362150,0.87493,0.87493,0.878,0.878,0.0,0.0,0.0,0.0,0.0,0.003070000000000017,0.003070000000000017,False
2026-06-30T21:02:42.607245+00:00,#6741,Sweden,1782853362150,0.122,0.122,0.12507,0.12507,0.0,0.0,0.0,0.0,0.0,0.0030699999999999894,0.0030699999999999894,False
2026-06-30T21:02:43.124746+00:00,#1890,france_champion_yes,1782853362706,0.295,0.295,0.30336,0.30336,0.0,0.0,0.0,0.0,0.0,0.008360000000000034,0.008360000000000034,False
2026-06-30T21:02:43.124943+00:00,#1891,france_champion_no,1782853362706,0.69664,0.69664,0.705,0.705,0.0,0.0,0.0,0.0,0.0,0.008359999999999923,0.008359999999999923,False
2026-06-30T21:02:43.125035+00:00,#2130,sweden_champion_yes,1782853362706,0.00063,0.00063,0.00225,0.00225,0.0,0.0,0.0,0.0,0.0,0.00162,0.00162,False
2026-06-30T21:02:43.125108+00:00,#2131,sweden_champion_no,1782853362706,0.99775,0.99775,0.99937,0.99937,0.0,0.0,0.0,0.0,0.0,0.0016199999999999548,0.0016199999999999548,False
2026-06-30T21:02:43.125183+00:00,#6740,France,1782853362706,0.87493,0.87126,0.878,0.878,-614.0,0.0,-537.4077700000007,0.0,-0.001835000000000031,0.003070000000000017,0.006739999999999968,False
2026-06-30T21:02:43.125262+00:00,#6741,Sweden,1782853362706,0.122,0.122,0.12507,0.12874,0.0,-614.0,0.0,-76.59222999999997,0.0018349999999999894,0.0030699999999999894,0.006739999999999996,False
2026-06-30T21:02:43.654169+00:00,#1890,france_champion_yes,1782853363244,0.295,0.295,0.30336,0.30336,0.0,0.0,0.0,0.0,0.0,0.008360000000000034,0.008360000000000034,False
2026-06-30T21:02:43.654374+00:00,#1891,france_champion_no,1782853363244,0.69664,0.69664,0.705,0.705,0.0,0.0,0.0,0.0,0.0,0.008359999999999923,0.008359999999999923,False
2026-06-30T21:02:43.654504+00:00,#2130,sweden_champion_yes,1782853363244,0.00063,0.00063,0.00225,0.00225,0.0,0.0,0.0,0.0,0.0,0.00162,0.00162,False
2026-06-30T21:02:43.654590+00:00,#2131,sweden_champion_no,1782853363244,0.99775,0.99775,0.99937,0.99937,0.0,0.0,0.0,0.0,0.0,0.0016199999999999548,0.0016199999999999548,False
2026-06-30T21:02:43.654670+00:00,#6740,France,1782853363244,0.87126,0.87126,0.878,0.878,0.0,0.0,0.0,0.0,0.0,0.006739999999999968,0.006739999999999968,False
2026-06-30T21:02:43.654755+00:00,#6741,Sweden,1782853363244,0.122,0.122,0.12874,0.12874,0.0,0.0,0.0,0.0,0.0,0.006739999999999996,0.006739999999999996,False
2026-06-30T21:02:44.188354+00:00,#1890,france_champion_yes,1782853363781,0.295,0.295,0.30336,0.30336,0.0,0.0,0.0,0.0,0.0,0.008360000000000034,0.008360000000000034,False
2026-06-30T21:02:44.188584+00:00,#1891,france_champion_no,1782853363781,0.69664,0.69664,0.705,0.705,0.0,0.0,0.0,0.0,0.0,0.008359999999999923,0.008359999999999923,False
2026-06-30T21:02:44.188680+00:00,#2130,sweden_champion_yes,1782853363781,0.00063,0.00063,0.00225,0.00225,0.0,0.0,0.0,0.0,0.0,0.00162,0.00162,False
2026-06-30T21:02:44.188762+00:00,#2131,sweden_champion_no,1782853363781,0.99775,0.99775,0.99937,0.99937,0.0,0.0,0.0,0.0,0.0,0.0016199999999999548,0.0016199999999999548,False
2026-06-30T21:02:44.188833+00:00,#6740,France,1782853363781,0.87126,0.87126,0.878,0.87837,0.0,-1964.0,0.0,-1722.9359999999979,0.00018499999999999073,0.006739999999999968,0.00710999999999995,True
2026-06-30T21:02:44.188936+00:00,#6741,Sweden,1782853363781,0.122,0.12163,0.12874,0.12874,-1964.0,0.0,-241.06399999999974,0.0,-0.00018499999999999073,0.006739999999999996,0.007109999999999991,True
2026-06-30T21:02:45.256199+00:00,#1890,france_champion_yes,1782853364320,0.295,0.295,0.30336,0.30336,0.0,0.0,0.0,0.0,0.0,0.008360000000000034,0.008360000000000034,False
2026-06-30T21:02:45.256354+00:00,#1891,france_champion_no,1782853364320,0.69664,0.69664,0.705,0.705,0.0,0.0,0.0,0.0,0.0,0.008359999999999923,0.008359999999999923,False
2026-06-30T21:02:45.256453+00:00,#2130,sweden_champion_yes,1782853364320,0.00063,0.00063,0.00225,0.00225,0.0,0.0,0.0,0.0,0.0,0.00162,0.00162,False
2026-06-30T21:02:45.256534+00:00,#2131,sweden_champion_no,1782853364320,0.99775,0.99775,0.99937,0.99937,0.0,0.0,0.0,0.0,0.0,0.0016199999999999548,0.0016199999999999548,False
2026-06-30T21:02:45.256611+00:00,#6740,France,1782853364320,0.87126,0.87126,0.87837,0.87837,0.0,0.0,0.0,0.0,0.0,0.00710999999999995,0.00710999999999995,False
2026-06-30T21:02:45.256696+00:00,#6741,Sweden,1782853364320,0.12163,0.12163,0.12874,0.12874,0.0,0.0,0.0,0.0,0.0,0.007109999999999991,0.007109999999999991,False
2026-06-30T21:02:45.288588+00:00,#1890,france_champion_yes,1782853364874,0.295,0.295,0.30336,0.30336,0.0,0.0,0.0,0.0,0.0,0.008360000000000034,0.008360000000000034,False
2026-06-30T21:02:45.288861+00:00,#1891,france_champion_no,1782853364874,0.69664,0.69664,0.705,0.705,0.0,0.0,0.0,0.0,0.0,0.008359999999999923,0.008359999999999923,False
2026-06-30T21:02:45.288961+00:00,#2130,sweden_champion_yes,1782853364874,0.00063,0.00063,0.00225,0.00225,0.0,0.0,0.0,0.0,0.0,0.00162,0.00162,False
2026-06-30T21:02:45.289044+00:00,#2131,sweden_champion_no,1782853364874,0.99775,0.99775,0.99937,0.99937,0.0,0.0,0.0,0.0,0.0,0.0016199999999999548,0.0016199999999999548,False
2026-06-30T21:02:45.289154+00:00,#6740,France,1782853364874,0.87126,0.87126,0.87837,0.87837,0.0,0.0,0.0,0.0,0.0,0.00710999999999995,0.00710999999999995,False
2026-06-30T21:02:45.289252+00:00,#6741,Sweden,1782853364874,0.12163,0.12163,0.12874,0.12874,0.0,0.0,0.0,0.0,0.0,0.007109999999999991,0.007109999999999991,False
2026-06-30T21:02:45.849988+00:00,#1890,france_champion_yes,1782853365428,0.295,0.295,0.30336,0.30336,0.0,0.0,0.0,0.0,0.0,0.008360000000000034,0.008360000000000034,False
2026-06-30T21:02:45.850198+00:00,#1891,france_champion_no,1782853365428,0.69664,0.69664,0.705,0.705,0.0,0.0,0.0,0.0,0.0,0.008359999999999923,0.008359999999999923,False
2026-06-30T21:02:45.850294+00:00,#2130,sweden_champion_yes,1782853365428,0.00063,0.00063,0.00225,0.00225,0.0,0.0,0.0,0.0,0.0,0.00162,0.00162,False
2026-06-30T21:02:45.850378+00:00,#2131,sweden_champion_no,1782853365428,0.99775,0.99775,0.99937,0.99937,0.0,0.0,0.0,0.0,0.0,0.0016199999999999548,0.0016199999999999548,False
2026-06-30T21:02:45.850468+00:00,#6740,France,1782853365428,0.87126,0.87126,0.87837,0.87837,0.0,0.0,0.0,0.0,0.0,0.00710999999999995,0.00710999999999995,False
2026-06-30T21:02:45.850554+00:00,#6741,Sweden,1782853365428,0.12163,0.12163,0.12874,0.12874,0.0,0.0,0.0,0.0,0.0,0.007109999999999991,0.007109999999999991,False
2026-06-30T21:02:46.285447+00:00,#1890,france_champion_yes,1782853365963,0.295,0.295,0.30336,0.30336,0.0,0.0,0.0,0.0,0.0,0.008360000000000034,0.008360000000000034,False
2026-06-30T21:02:46.285660+00:00,#1891,france_champion_no,1782853365963,0.69664,0.69664,0.705,0.705,0.0,0.0,0.0,0.0,0.0,0.008359999999999923,0.008359999999999923,False
2026-06-30T21:02:46.285759+00:00,#2130,sweden_champion_yes,1782853365963,0.00063,0.00063,0.00225,0.00225,0.0,0.0,0.0,0.0,0.0,0.00162,0.00162,False
2026-06-30T21:02:46.285841+00:00,#2131,sweden_champion_no,1782853365963,0.99775,0.99775,0.99937,0.99937,0.0,0.0,0.0,0.0,0.0,0.0016199999999999548,0.0016199999999999548,False
2026-06-30T21:02:46.285919+00:00,#6740,France,1782853365963,0.87126,0.87126,0.87837,0.87837,0.0,0.0,0.0,0.0,0.0,0.00710999999999995,0.00710999999999995,False
2026-06-30T21:02:46.286012+00:00,#6741,Sweden,1782853365963,0.12163,0.12163,0.12874,0.12874,0.0,0.0,0.0,0.0,0.0,0.007109999999999991,0.007109999999999991,False
2026-06-30T21:02:47.050802+00:00,#1890,france_champion_yes,1782853366501,0.295,0.295,0.30336,0.30336,0.0,0.0,0.0,0.0,0.0,0.008360000000000034,0.008360000000000034,False
2026-06-30T21:02:47.051019+00:00,#1891,france_champion_no,1782853366501,0.69664,0.69664,0.705,0.705,0.0,0.0,0.0,0.0,0.0,0.008359999999999923,0.008359999999999923,False
2026-06-30T21:02:47.051121+00:00,#2130,sweden_champion_yes,1782853366501,0.00063,0.00063,0.00225,0.00225,0.0,0.0,0.0,0.0,0.0,0.00162,0.00162,False
2026-06-30T21:02:47.051202+00:00,#2131,sweden_champion_no,1782853366501,0.99775,0.99775,0.99937,0.99937,0.0,0.0,0.0,0.0,0.0,0.0016199999999999548,0.0016199999999999548,False
2026-06-30T21:02:47.051280+00:00,#6740,France,1782853366501,0.87126,0.87126,0.87837,0.87837,0.0,0.0,0.0,0.0,0.0,0.00710999999999995,0.00710999999999995,False
2026-06-30T21:02:47.051364+00:00,#6741,Sweden,1782853366501,0.12163,0.12163,0.12874,0.12874,0.0,0.0,0.0,0.0,0.0,0.007109999999999991,0.007109999999999991,False
2026-06-30T21:02:47.530889+00:00,#1890,france_champion_yes,1782853367036,0.295,0.295,0.30336,0.30336,0.0,0.0,0.0,0.0,0.0,0.008360000000000034,0.008360000000000034,False
2026-06-30T21:02:47.531092+00:00,#1891,france_champion_no,1782853367036,0.69664,0.69664,0.705,0.705,0.0,0.0,0.0,0.0,0.0,0.008359999999999923,0.008359999999999923,False
2026-06-30T21:02:47.531198+00:00,#2130,sweden_champion_yes,1782853367036,0.00063,0.00063,0.00225,0.00225,0.0,0.0,0.0,0.0,0.0,0.00162,0.00162,False
2026-06-30T21:02:47.531283+00:00,#2131,sweden_champion_no,1782853367036,0.99775,0.99775,0.99937,0.99937,0.0,0.0,0.0,0.0,0.0,0.0016199999999999548,0.0016199999999999548,False
2026-06-30T21:02:47.531355+00:00,#6740,France,1782853367036,0.87126,0.87126,0.87837,0.87837,0.0,0.0,0.0,0.0,0.0,0.00710999999999995,0.00710999999999995,False
2026-06-30T21:02:47.531446+00:00,#6741,Sweden,1782853367036,0.12163,0.12163,0.12874,0.12874,0.0,0.0,0.0,0.0,0.0,0.007109999999999991,0.007109999999999991,False
2026-06-30T21:02:47.985456+00:00,#1890,france_champion_yes,1782853367578,0.295,0.295,0.30336,0.30336,0.0,0.0,0.0,0.0,0.0,0.008360000000000034,0.008360000000000034,False
2026-06-30T21:02:47.985657+00:00,#1891,france_champion_no,1782853367578,0.69664,0.69664,0.705,0.705,0.0,0.0,0.0,0.0,0.0,0.008359999999999923,0.008359999999999923,False
2026-06-30T21:02:47.985749+00:00,#2130,sweden_champion_yes,1782853367578,0.00063,0.00063,0.00225,0.00225,0.0,0.0,0.0,0.0,0.0,0.00162,0.00162,False
2026-06-30T21:02:47.985822+00:00,#2131,sweden_champion_no,1782853367578,0.99775,0.99775,0.99937,0.99937,0.0,0.0,0.0,0.0,0.0,0.0016199999999999548,0.0016199999999999548,False
2026-06-30T21:02:47.985893+00:00,#6740,France,1782853367578,0.87126,0.87126,0.87837,0.87837,0.0,0.0,0.0,0.0,0.0,0.00710999999999995,0.00710999999999995,False
2026-06-30T21:02:47.985969+00:00,#6741,Sweden,1782853367578,0.12163,0.12163,0.12874,0.12874,0.0,0.0,0.0,0.0,0.0,0.007109999999999991,0.007109999999999991,False
2026-06-30T21:02:48.569451+00:00,#1890,france_champion_yes,1782853368117,0.295,0.295,0.30336,0.30336,0.0,0.0,0.0,0.0,0.0,0.008360000000000034,0.008360000000000034,False
2026-06-30T21:02:48.569687+00:00,#1891,france_champion_no,1782853368117,0.69664,0.69664,0.705,0.705,0.0,0.0,0.0,0.0,0.0,0.008359999999999923,0.008359999999999923,False
2026-06-30T21:02:48.569782+00:00,#2130,sweden_champion_yes,1782853368117,0.00063,0.00063,0.00225,0.00225,0.0,0.0,0.0,0.0,0.0,0.00162,0.00162,False
2026-06-30T21:02:48.569866+00:00,#2131,sweden_champion_no,1782853368117,0.99775,0.99775,0.99937,0.99937,0.0,0.0,0.0,0.0,0.0,0.0016199999999999548,0.0016199999999999548,False
2026-06-30T21:02:48.569956+00:00,#6740,France,1782853368117,0.87126,0.87126,0.87837,0.87837,0.0,0.0,0.0,0.0,0.0,0.00710999999999995,0.00710999999999995,False
2026-06-30T21:02:48.570043+00:00,#6741,Sweden,1782853368117,0.12163,0.12163,0.12874,0.12874,0.0,0.0,0.0,0.0,0.0,0.007109999999999991,0.007109999999999991,False
2026-06-30T21:02:49.064102+00:00,#1890,france_champion_yes,1782853368671,0.295,0.295,0.30336,0.30336,0.0,0.0,0.0,0.0,0.0,0.008360000000000034,0.008360000000000034,False
2026-06-30T21:02:49.064345+00:00,#1891,france_champion_no,1782853368671,0.69664,0.69664,0.705,0.705,0.0,0.0,0.0,0.0,0.0,0.008359999999999923,0.008359999999999923,False
2026-06-30T21:02:49.064448+00:00,#2130,sweden_champion_yes,1782853368671,0.00063,0.00063,0.00225,0.00225,0.0,0.0,0.0,0.0,0.0,0.00162,0.00162,False
2026-06-30T21:02:49.064531+00:00,#2131,sweden_champion_no,1782853368671,0.99775,0.99775,0.99937,0.99937,0.0,0.0,0.0,0.0,0.0,0.0016199999999999548,0.0016199999999999548,False
2026-06-30T21:02:49.064611+00:00,#6740,France,1782853368671,0.87126,0.87126,0.87837,0.87837,0.0,0.0,0.0,0.0,0.0,0.00710999999999995,0.00710999999999995,False
2026-06-30T21:02:49.064690+00:00,#6741,Sweden,1782853368671,0.12163,0.12163,0.12874,0.12874,0.0,0.0,0.0,0.0,0.0,0.007109999999999991,0.007109999999999991,False
2026-06-30T21:02:49.660714+00:00,#1890,france_champion_yes,1782853369211,0.295,0.295,0.30336,0.30336,0.0,0.0,0.0,0.0,0.0,0.008360000000000034,0.008360000000000034,False
2026-06-30T21:02:49.660915+00:00,#1891,france_champion_no,1782853369211,0.69664,0.69664,0.705,0.705,0.0,0.0,0.0,0.0,0.0,0.008359999999999923,0.008359999999999923,False
2026-06-30T21:02:49.661002+00:00,#2130,sweden_champion_yes,1782853369211,0.00063,0.00063,0.00225,0.00225,0.0,0.0,0.0,0.0,0.0,0.00162,0.00162,False
2026-06-30T21:02:49.661075+00:00,#2131,sweden_champion_no,1782853369211,0.99775,0.99775,0.99937,0.99937,0.0,0.0,0.0,0.0,0.0,0.0016199999999999548,0.0016199999999999548,False
2026-06-30T21:02:49.661147+00:00,#6740,France,1782853369211,0.87126,0.87126,0.87837,0.877,0.0,113.0,0.0,97.53299999999945,-0.0006849999999999357,0.00710999999999995,0.005739999999999967,False
2026-06-30T21:02:49.661233+00:00,#6741,Sweden,1782853369211,0.12163,0.123,0.12874,0.12874,113.0,0.0,15.466999999999985,0.0,0.0006849999999999912,0.007109999999999991,0.005739999999999995,False
2026-06-30T21:02:50.339923+00:00,#1890,france_champion_yes,1782853369853,0.295,0.295,0.30336,0.30336,0.0,0.0,0.0,0.0,0.0,0.008360000000000034,0.008360000000000034,False
2026-06-30T21:02:50.340167+00:00,#1891,france_champion_no,1782853369853,0.69664,0.69664,0.705,0.705,0.0,0.0,0.0,0.0,0.0,0.008359999999999923,0.008359999999999923,False
2026-06-30T21:02:50.340311+00:00,#2130,sweden_champion_yes,1782853369853,0.00063,0.00063,0.00225,0.00225,0.0,0.0,0.0,0.0,0.0,0.00162,0.00162,False
2026-06-30T21:02:50.340447+00:00,#2131,sweden_champion_no,1782853369853,0.99775,0.99775,0.99937,0.99937,0.0,0.0,0.0,0.0,0.0,0.0016199999999999548,0.0016199999999999548,False
2026-06-30T21:02:50.340571+00:00,#6740,France,1782853369853,0.87126,0.87126,0.877,0.877,0.0,0.0,0.0,0.0,0.0,0.005739999999999967,0.005739999999999967,False
2026-06-30T21:02:50.340705+00:00,#6741,Sweden,1782853369853,0.123,0.123,0.12874,0.12874,0.0,0.0,0.0,0.0,0.0,0.005739999999999995,0.005739999999999995,False
2026-06-30T21:02:50.859488+00:00,#1890,france_champion_yes,1782853370413,0.295,0.295,0.30336,0.30336,0.0,0.0,0.0,0.0,0.0,0.008360000000000034,0.008360000000000034,False
2026-06-30T21:02:50.859697+00:00,#1891,france_champion_no,1782853370413,0.69664,0.69664,0.705,0.705,0.0,0.0,0.0,0.0,0.0,0.008359999999999923,0.008359999999999923,False
2026-06-30T21:02:50.859788+00:00,#2130,sweden_champion_yes,1782853370413,0.00063,0.00063,0.00225,0.00225,0.0,0.0,0.0,0.0,0.0,0.00162,0.00162,False
2026-06-30T21:02:50.859873+00:00,#2131,sweden_champion_no,1782853370413,0.99775,0.99775,0.99937,0.99937,0.0,0.0,0.0,0.0,0.0,0.0016199999999999548,0.0016199999999999548,False
2026-06-30T21:02:50.859958+00:00,#6740,France,1782853370413,0.87126,0.87126,0.877,0.877,0.0,27.0,0.0,24.82880000000023,0.0,0.005739999999999967,0.005739999999999967,False
2026-06-30T21:02:50.860040+00:00,#6741,Sweden,1782853370413,0.123,0.123,0.12874,0.12874,27.0,0.0,2.171199999999999,0.0,0.0,0.005739999999999995,0.005739999999999995,False
2026-06-30T21:02:51.366741+00:00,#1890,france_champion_yes,1782853370955,0.295,0.295,0.30336,0.29939,0.0,-2754.0,0.0,-909.52403,-0.0019850000000000145,0.008360000000000034,0.004390000000000005,True
2026-06-30T21:02:51.366941+00:00,#1891,france_champion_no,1782853370955,0.69664,0.70061,0.705,0.705,-2754.0,0.0,-1844.4759700000004,0.0,0.0019849999999999035,0.008359999999999923,0.004390000000000005,True
2026-06-30T21:02:51.367045+00:00,#2130,sweden_champion_yes,1782853370955,0.00063,0.00063,0.00225,0.00225,0.0,0.0,0.0,0.0,0.0,0.00162,0.00162,False
2026-06-30T21:02:51.367117+00:00,#2131,sweden_champion_no,1782853370955,0.99775,0.99775,0.99937,0.99937,0.0,0.0,0.0,0.0,0.0,0.0016199999999999548,0.0016199999999999548,False
2026-06-30T21:02:51.367187+00:00,#6740,France,1782853370955,0.87126,0.87126,0.877,0.877,0.0,0.0,0.0,0.0,0.0,0.005739999999999967,0.005739999999999967,False
2026-06-30T21:02:51.367270+00:00,#6741,Sweden,1782853370955,0.123,0.123,0.12874,0.12874,0.0,0.0,0.0,0.0,0.0,0.005739999999999995,0.005739999999999995,False
2026-06-30T21:02:51.913943+00:00,#1890,france_champion_yes,1782853371516,0.295,0.295,0.29939,0.29939,0.0,0.0,0.0,0.0,0.0,0.004390000000000005,0.004390000000000005,False
2026-06-30T21:02:51.914172+00:00,#1891,france_champion_no,1782853371516,0.70061,0.70061,0.705,0.705,0.0,0.0,0.0,0.0,0.0,0.004390000000000005,0.004390000000000005,False
2026-06-30T21:02:51.914312+00:00,#2130,sweden_champion_yes,1782853371516,0.00063,0.00063,0.00225,0.00225,0.0,0.0,0.0,0.0,0.0,0.00162,0.00162,False
2026-06-30T21:02:51.914405+00:00,#2131,sweden_champion_no,1782853371516,0.99775,0.99775,0.99937,0.99937,0.0,0.0,0.0,0.0,0.0,0.0016199999999999548,0.0016199999999999548,False
2026-06-30T21:02:51.914508+00:00,#6740,France,1782853371516,0.87126,0.87126,0.877,0.877,0.0,0.0,0.0,0.0,0.0,0.005739999999999967,0.005739999999999967,False
2026-06-30T21:02:51.914618+00:00,#6741,Sweden,1782853371516,0.123,0.123,0.12874,0.12874,0.0,0.0,0.0,0.0,0.0,0.005739999999999995,0.005739999999999995,False
2026-06-30T21:02:52.519631+00:00,#1890,france_champion_yes,1782853372122,0.295,0.295,0.29939,0.29939,0.0,0.0,0.0,0.0,0.0,0.004390000000000005,0.004390000000000005,False
2026-06-30T21:02:52.519828+00:00,#1891,france_champion_no,1782853372122,0.70061,0.70061,0.705,0.705,0.0,0.0,0.0,0.0,0.0,0.004390000000000005,0.004390000000000005,False
2026-06-30T21:02:52.519917+00:00,#2130,sweden_champion_yes,1782853372122,0.00063,0.00063,0.00225,0.00225,0.0,0.0,0.0,0.0,0.0,0.00162,0.00162,False
2026-06-30T21:02:52.519998+00:00,#2131,sweden_champion_no,1782853372122,0.99775,0.99775,0.99937,0.99937,0.0,0.0,0.0,0.0,0.0,0.0016199999999999548,0.0016199999999999548,False
2026-06-30T21:02:52.520076+00:00,#6740,France,1782853372122,0.87126,0.87126,0.877,0.877,0.0,0.0,0.0,0.0,0.0,0.005739999999999967,0.005739999999999967,False
2026-06-30T21:02:52.520150+00:00,#6741,Sweden,1782853372122,0.123,0.123,0.12874,0.12874,0.0,0.0,0.0,0.0,0.0,0.005739999999999995,0.005739999999999995,False
2026-06-30T21:02:53.052538+00:00,#1890,france_champion_yes,1782853372602,0.295,0.295,0.29939,0.29939,0.0,0.0,0.0,0.0,0.0,0.004390000000000005,0.004390000000000005,False
2026-06-30T21:02:53.052792+00:00,#1891,france_champion_no,1782853372602,0.70061,0.70061,0.705,0.705,0.0,0.0,0.0,0.0,0.0,0.004390000000000005,0.004390000000000005,False
2026-06-30T21:02:53.052954+00:00,#2130,sweden_champion_yes,1782853372602,0.00063,0.00063,0.00225,0.00225,0.0,0.0,0.0,0.0,0.0,0.00162,0.00162,False
2026-06-30T21:02:53.053059+00:00,#2131,sweden_champion_no,1782853372602,0.99775,0.99775,0.99937,0.99937,0.0,0.0,0.0,0.0,0.0,0.0016199999999999548,0.0016199999999999548,False
2026-06-30T21:02:53.053167+00:00,#6740,France,1782853372602,0.87126,0.87126,0.877,0.877,0.0,0.0,0.0,0.0,0.0,0.005739999999999967,0.005739999999999967,False
2026-06-30T21:02:53.053307+00:00,#6741,Sweden,1782853372602,0.123,0.123,0.12874,0.12874,0.0,0.0,0.0,0.0,0.0,0.005739999999999995,0.005739999999999995,False
2026-06-30T21:02:53.587473+00:00,#1890,france_champion_yes,1782853373138,0.295,0.295,0.29939,0.29939,0.0,0.0,0.0,0.0,0.0,0.004390000000000005,0.004390000000000005,False
2026-06-30T21:02:53.587745+00:00,#1891,france_champion_no,1782853373138,0.70061,0.70061,0.705,0.705,0.0,0.0,0.0,0.0,0.0,0.004390000000000005,0.004390000000000005,False
2026-06-30T21:02:53.587880+00:00,#2130,sweden_champion_yes,1782853373138,0.00063,0.00063,0.00225,0.00225,0.0,0.0,0.0,0.0,0.0,0.00162,0.00162,False
2026-06-30T21:02:53.587986+00:00,#2131,sweden_champion_no,1782853373138,0.99775,0.99775,0.99937,0.99937,0.0,0.0,0.0,0.0,0.0,0.0016199999999999548,0.0016199999999999548,False
2026-06-30T21:02:53.588093+00:00,#6740,France,1782853373138,0.87126,0.87126,0.877,0.877,0.0,0.0,0.0,0.0,0.0,0.005739999999999967,0.005739999999999967,False
2026-06-30T21:02:53.588194+00:00,#6741,Sweden,1782853373138,0.123,0.123,0.12874,0.12874,0.0,0.0,0.0,0.0,0.0,0.005739999999999995,0.005739999999999995,False
2026-06-30T21:02:54.066014+00:00,#1890,france_champion_yes,1782853373673,0.295,0.295,0.29939,0.29939,0.0,0.0,0.0,0.0,0.0,0.004390000000000005,0.004390000000000005,False
2026-06-30T21:02:54.066198+00:00,#1891,france_champion_no,1782853373673,0.70061,0.70061,0.705,0.705,0.0,0.0,0.0,0.0,0.0,0.004390000000000005,0.004390000000000005,False
2026-06-30T21:02:54.066287+00:00,#2130,sweden_champion_yes,1782853373673,0.00063,0.00063,0.00225,0.00225,0.0,0.0,0.0,0.0,0.0,0.00162,0.00162,False
2026-06-30T21:02:54.066366+00:00,#2131,sweden_champion_no,1782853373673,0.99775,0.99775,0.99937,0.99937,0.0,0.0,0.0,0.0,0.0,0.0016199999999999548,0.0016199999999999548,False
2026-06-30T21:02:54.066453+00:00,#6740,France,1782853373673,0.87126,0.87126,0.877,0.877,0.0,0.0,0.0,0.0,0.0,0.005739999999999967,0.005739999999999967,False
2026-06-30T21:02:54.066531+00:00,#6741,Sweden,1782853373673,0.123,0.123,0.12874,0.12874,0.0,0.0,0.0,0.0,0.0,0.005739999999999995,0.005739999999999995,False
2026-06-30T21:02:54.592711+00:00,#1890,france_champion_yes,1782853374222,0.295,0.295,0.29939,0.29939,0.0,0.0,0.0,0.0,0.0,0.004390000000000005,0.004390000000000005,False
2026-06-30T21:02:54.592922+00:00,#1891,france_champion_no,1782853374222,0.70061,0.70061,0.705,0.705,0.0,0.0,0.0,0.0,0.0,0.004390000000000005,0.004390000000000005,False
2026-06-30T21:02:54.593019+00:00,#2130,sweden_champion_yes,1782853374222,0.00063,0.00063,0.00225,0.00225,0.0,0.0,0.0,0.0,0.0,0.00162,0.00162,False
2026-06-30T21:02:54.593094+00:00,#2131,sweden_champion_no,1782853374222,0.99775,0.99775,0.99937,0.99937,0.0,0.0,0.0,0.0,0.0,0.0016199999999999548,0.0016199999999999548,False
2026-06-30T21:02:54.593165+00:00,#6740,France,1782853374222,0.87126,0.87126,0.877,0.877,0.0,0.0,0.0,0.0,0.0,0.005739999999999967,0.005739999999999967,False
2026-06-30T21:02:54.593240+00:00,#6741,Sweden,1782853374222,0.123,0.123,0.12874,0.12874,0.0,0.0,0.0,0.0,0.0,0.005739999999999995,0.005739999999999995,False
2026-06-30T21:02:55.415031+00:00,#1890,france_champion_yes,1782853374779,0.295,0.295,0.29939,0.29939,-142.0,0.0,-39.956380000000024,0.0,0.0,0.004390000000000005,0.004390000000000005,False
2026-06-30T21:02:55.415162+00:00,#1891,france_champion_no,1782853374779,0.70061,0.70061,0.705,0.705,0.0,-142.0,0.0,-102.04361999999998,0.0,0.004390000000000005,0.004390000000000005,False
2026-06-30T21:02:55.415252+00:00,#2130,sweden_champion_yes,1782853374779,0.00063,0.00063,0.00225,0.00225,0.0,0.0,0.0,0.0,0.0,0.00162,0.00162,False
2026-06-30T21:02:55.415350+00:00,#2131,sweden_champion_no,1782853374779,0.99775,0.99775,0.99937,0.99937,0.0,0.0,0.0,0.0,0.0,0.0016199999999999548,0.0016199999999999548,False
2026-06-30T21:02:55.415438+00:00,#6740,France,1782853374779,0.87126,0.87126,0.877,0.877,0.0,0.0,0.0,0.0,0.0,0.005739999999999967,0.005739999999999967,False
2026-06-30T21:02:55.415524+00:00,#6741,Sweden,1782853374779,0.123,0.123,0.12874,0.12874,0.0,0.0,0.0,0.0,0.0,0.005739999999999995,0.005739999999999995,False
2026-06-30T21:02:57.381183+00:00,#1890,france_champion_yes,1782853375282,0.295,0.295,0.29939,0.29939,141.0,0.0,39.66354999999999,0.0,0.0,0.004390000000000005,0.004390000000000005,False
2026-06-30T21:02:57.381321+00:00,#1891,france_champion_no,1782853375282,0.70061,0.70061,0.705,0.705,0.0,141.0,0.0,101.33644999999996,0.0,0.004390000000000005,0.004390000000000005,False
2026-06-30T21:02:57.381426+00:00,#2130,sweden_champion_yes,1782853375282,0.00063,0.00063,0.00225,0.00225,0.0,0.0,0.0,0.0,0.0,0.00162,0.00162,False
2026-06-30T21:02:57.381541+00:00,#2131,sweden_champion_no,1782853375282,0.99775,0.99775,0.99937,0.99937,0.0,0.0,0.0,0.0,0.0,0.0016199999999999548,0.0016199999999999548,False
2026-06-30T21:02:57.381633+00:00,#6740,France,1782853375282,0.87126,0.87126,0.877,0.877,0.0,0.0,0.0,0.0,0.0,0.005739999999999967,0.005739999999999967,False
2026-06-30T21:02:57.381720+00:00,#6741,Sweden,1782853375282,0.123,0.123,0.12874,0.12874,0.0,0.0,0.0,0.0,0.0,0.005739999999999995,0.005739999999999995,False
2026-06-30T21:02:57.381858+00:00,#1890,france_champion_yes,1782853375784,0.295,0.295,0.29939,0.29939,0.0,0.0,0.0,0.0,0.0,0.004390000000000005,0.004390000000000005,False
2026-06-30T21:02:57.381931+00:00,#1891,france_champion_no,1782853375784,0.70061,0.70061,0.705,0.705,0.0,0.0,0.0,0.0,0.0,0.004390000000000005,0.004390000000000005,False
2026-06-30T21:02:57.382019+00:00,#2130,sweden_champion_yes,1782853375784,0.00063,0.00063,0.00225,0.00225,0.0,0.0,0.0,0.0,0.0,0.00162,0.00162,False
2026-06-30T21:02:57.382096+00:00,#2131,sweden_champion_no,1782853375784,0.99775,0.99775,0.99937,0.99937,0.0,0.0,0.0,0.0,0.0,0.0016199999999999548,0.0016199999999999548,False
2026-06-30T21:02:57.382166+00:00,#6740,France,1782853375784,0.87126,0.87126,0.877,0.877,0.0,0.0,0.0,0.0,0.0,0.005739999999999967,0.005739999999999967,False
2026-06-30T21:02:57.382246+00:00,#6741,Sweden,1782853375784,0.123,0.123,0.12874,0.12874,0.0,0.0,0.0,0.0,0.0,0.005739999999999995,0.005739999999999995,False
2026-06-30T21:02:57.382380+00:00,#1890,france_champion_yes,1782853376317,0.295,0.295,0.29939,0.29939,0.0,0.0,0.0,0.0,0.0,0.004390000000000005,0.004390000000000005,False
2026-06-30T21:02:57.382468+00:00,#1891,france_champion_no,1782853376317,0.70061,0.70061,0.705,0.705,0.0,0.0,0.0,0.0,0.0,0.004390000000000005,0.004390000000000005,False
2026-06-30T21:02:57.382548+00:00,#2130,sweden_champion_yes,1782853376317,0.00063,0.00063,0.00225,0.00225,0.0,0.0,0.0,0.0,0.0,0.00162,0.00162,False
2026-06-30T21:02:57.382624+00:00,#2131,sweden_champion_no,1782853376317,0.99775,0.99775,0.99937,0.99937,0.0,0.0,0.0,0.0,0.0,0.0016199999999999548,0.0016199999999999548,False
2026-06-30T21:02:57.382697+00:00,#6740,France,1782853376317,0.87126,0.87126,0.877,0.877,-7200.0,0.0,-6272.2080000000005,0.0,0.0,0.005739999999999967,0.005739999999999967,True
2026-06-30T21:02:57.382818+00:00,#6741,Sweden,1782853376317,0.123,0.123,0.12874,0.12874,0.0,-7200.0,0.0,-927.7919999999999,0.0,0.005739999999999995,0.005739999999999995,True
2026-06-30T21:02:57.383015+00:00,#1890,france_champion_yes,1782853376879,0.295,0.295,0.29939,0.29939,0.0,0.0,0.0,0.0,0.0,0.004390000000000005,0.004390000000000005,False
2026-06-30T21:02:57.383099+00:00,#1891,france_champion_no,1782853376879,0.70061,0.70061,0.705,0.705,0.0,0.0,0.0,0.0,0.0,0.004390000000000005,0.004390000000000005,False
2026-06-30T21:02:57.383179+00:00,#2130,sweden_champion_yes,1782853376879,0.00063,0.00063,0.00225,0.00225,0.0,0.0,0.0,0.0,0.0,0.00162,0.00162,False
2026-06-30T21:02:57.383251+00:00,#2131,sweden_champion_no,1782853376879,0.99775,0.99775,0.99937,0.99937,0.0,0.0,0.0,0.0,0.0,0.0016199999999999548,0.0016199999999999548,False
2026-06-30T21:02:57.383321+00:00,#6740,France,1782853376879,0.87126,0.87192,0.877,0.877,7200.0,0.0,6280.0830000000005,0.0,0.00032999999999994145,0.005739999999999967,0.005079999999999973,True
2026-06-30T21:02:57.383420+00:00,#6741,Sweden,1782853376879,0.123,0.123,0.12874,0.12808,0.0,7200.0,0.0,919.9169999999999,-0.00032999999999999696,0.005739999999999995,0.005080000000000001,True
2026-06-30T21:02:57.958843+00:00,#1890,france_champion_yes,1782853377439,0.295,0.295,0.29939,0.29939,0.0,0.0,0.0,0.0,0.0,0.004390000000000005,0.004390000000000005,False
2026-06-30T21:02:57.958961+00:00,#1891,france_champion_no,1782853377439,0.70061,0.70061,0.705,0.705,0.0,0.0,0.0,0.0,0.0,0.004390000000000005,0.004390000000000005,False
2026-06-30T21:02:57.959062+00:00,#2130,sweden_champion_yes,1782853377439,0.00063,0.00063,0.00225,0.00225,0.0,0.0,0.0,0.0,0.0,0.00162,0.00162,False
2026-06-30T21:02:57.959161+00:00,#2131,sweden_champion_no,1782853377439,0.99775,0.99775,0.99937,0.99937,0.0,0.0,0.0,0.0,0.0,0.0016199999999999548,0.0016199999999999548,False
2026-06-30T21:02:57.959251+00:00,#6740,France,1782853377439,0.87192,0.87126,0.877,0.877,-7200.0,0.0,-6280.0830000000005,0.0,-0.00032999999999994145,0.005079999999999973,0.005739999999999967,True
2026-06-30T21:02:57.959364+00:00,#6741,Sweden,1782853377439,0.123,0.123,0.12808,0.12874,0.0,-7200.0,0.0,-919.9169999999999,0.00032999999999999696,0.005080000000000001,0.005739999999999995,True
2026-06-30T21:02:58.421365+00:00,#1890,france_champion_yes,1782853377967,0.295,0.295,0.29939,0.30336,0.0,2754.0,0.0,909.52403,0.0019850000000000145,0.004390000000000005,0.008360000000000034,True
2026-06-30T21:02:58.421599+00:00,#1891,france_champion_no,1782853377967,0.70061,0.69664,0.705,0.705,2754.0,0.0,1844.4759700000004,0.0,-0.0019849999999999035,0.004390000000000005,0.008359999999999923,True
2026-06-30T21:02:58.421712+00:00,#2130,sweden_champion_yes,1782853377967,0.00063,0.00063,0.00225,0.00225,0.0,0.0,0.0,0.0,0.0,0.00162,0.00162,False
2026-06-30T21:02:58.421789+00:00,#2131,sweden_champion_no,1782853377967,0.99775,0.99775,0.99937,0.99937,0.0,0.0,0.0,0.0,0.0,0.0016199999999999548,0.0016199999999999548,False
2026-06-30T21:02:58.421863+00:00,#6740,France,1782853377967,0.87126,0.87175,0.877,0.877,7200.0,-28.0,6278.808,-25.910640000000058,0.0002449999999999397,0.005739999999999967,0.005249999999999977,True
2026-06-30T21:02:58.421961+00:00,#6741,Sweden,1782853377967,0.123,0.123,0.12874,0.12825,-28.0,7200.0,-2.0893599999999424,921.192,-0.0002449999999999952,0.005739999999999995,0.005250000000000005,True
2026-06-30T21:02:58.929442+00:00,#1890,france_champion_yes,1782853378504,0.295,0.295,0.30336,0.30336,0.0,0.0,0.0,0.0,0.0,0.008360000000000034,0.008360000000000034,False
2026-06-30T21:02:58.929631+00:00,#1891,france_champion_no,1782853378504,0.69664,0.69664,0.705,0.705,0.0,0.0,0.0,0.0,0.0,0.008359999999999923,0.008359999999999923,False
2026-06-30T21:02:58.929731+00:00,#2130,sweden_champion_yes,1782853378504,0.00063,0.00063,0.00225,0.00225,0.0,0.0,0.0,0.0,0.0,0.00162,0.00162,False
2026-06-30T21:02:58.929810+00:00,#2131,sweden_champion_no,1782853378504,0.99775,0.99775,0.99937,0.99937,0.0,0.0,0.0,0.0,0.0,0.0016199999999999548,0.0016199999999999548,False
2026-06-30T21:02:58.929884+00:00,#6740,France,1782853378504,0.87175,0.87175,0.877,0.877,0.0,0.0,0.0,0.0,0.0,0.005249999999999977,0.005249999999999977,False
2026-06-30T21:02:58.929963+00:00,#6741,Sweden,1782853378504,0.123,0.123,0.12825,0.12825,0.0,0.0,0.0,0.0,0.0,0.005250000000000005,0.005250000000000005,False
2026-06-30T21:02:59.519901+00:00,#1890,france_champion_yes,1782853379109,0.295,0.295,0.30336,0.30336,0.0,0.0,0.0,0.0,0.0,0.008360000000000034,0.008360000000000034,False
2026-06-30T21:02:59.520113+00:00,#1891,france_champion_no,1782853379109,0.69664,0.69664,0.705,0.705,0.0,0.0,0.0,0.0,0.0,0.008359999999999923,0.008359999999999923,False
2026-06-30T21:02:59.520215+00:00,#2130,sweden_champion_yes,1782853379109,0.00063,0.00063,0.00225,0.00225,0.0,0.0,0.0,0.0,0.0,0.00162,0.00162,False
2026-06-30T21:02:59.520296+00:00,#2131,sweden_champion_no,1782853379109,0.99775,0.99775,0.99937,0.99937,0.0,0.0,0.0,0.0,0.0,0.0016199999999999548,0.0016199999999999548,False
2026-06-30T21:02:59.520376+00:00,#6740,France,1782853379109,0.87175,0.87175,0.877,0.877,0.0,0.0,0.0,0.0,0.0,0.005249999999999977,0.005249999999999977,False
2026-06-30T21:02:59.520481+00:00,#6741,Sweden,1782853379109,0.123,0.123,0.12825,0.12825,0.0,0.0,0.0,0.0,0.0,0.005250000000000005,0.005250000000000005,False
2026-06-30T21:03:00.416879+00:00,#1890,france_champion_yes,1782853379733,0.295,0.295,0.30336,0.30336,0.0,0.0,0.0,0.0,0.0,0.008360000000000034,0.008360000000000034,False
2026-06-30T21:03:00.416996+00:00,#1891,france_champion_no,1782853379733,0.69664,0.69664,0.705,0.705,0.0,0.0,0.0,0.0,0.0,0.008359999999999923,0.008359999999999923,False
2026-06-30T21:03:00.417085+00:00,#2130,sweden_champion_yes,1782853379733,0.00063,0.00063,0.00225,0.00225,0.0,0.0,0.0,0.0,0.0,0.00162,0.00162,False
2026-06-30T21:03:00.417164+00:00,#2131,sweden_champion_no,1782853379733,0.99775,0.99775,0.99937,0.99937,0.0,0.0,0.0,0.0,0.0,0.0016199999999999548,0.0016199999999999548,False
2026-06-30T21:03:00.417242+00:00,#6740,France,1782853379733,0.87175,0.87175,0.877,0.877,0.0,0.0,0.0,0.0,0.0,0.005249999999999977,0.005249999999999977,False
2026-06-30T21:03:00.417324+00:00,#6741,Sweden,1782853379733,0.123,0.123,0.12825,0.12825,0.0,0.0,0.0,0.0,0.0,0.005250000000000005,0.005250000000000005,False
2026-06-30T21:03:00.608641+00:00,#1890,france_champion_yes,1782853380190,0.295,0.295,0.30336,0.30336,0.0,0.0,0.0,0.0,0.0,0.008360000000000034,0.008360000000000034,False
2026-06-30T21:03:00.608853+00:00,#1891,france_champion_no,1782853380190,0.69664,0.69664,0.705,0.705,0.0,0.0,0.0,0.0,0.0,0.008359999999999923,0.008359999999999923,False
2026-06-30T21:03:00.608956+00:00,#2130,sweden_champion_yes,1782853380190,0.00063,0.00063,0.00225,0.00225,0.0,0.0,0.0,0.0,0.0,0.00162,0.00162,False
2026-06-30T21:03:00.609051+00:00,#2131,sweden_champion_no,1782853380190,0.99775,0.99775,0.99937,0.99937,0.0,0.0,0.0,0.0,0.0,0.0016199999999999548,0.0016199999999999548,False
2026-06-30T21:03:00.609137+00:00,#6740,France,1782853380190,0.87175,0.87175,0.877,0.877,0.0,0.0,0.0,0.0,0.0,0.005249999999999977,0.005249999999999977,False
2026-06-30T21:03:00.609223+00:00,#6741,Sweden,1782853380190,0.123,0.123,0.12825,0.12825,0.0,0.0,0.0,0.0,0.0,0.005250000000000005,0.005250000000000005,False
2026-06-30T21:03:01.166193+00:00,#1890,france_champion_yes,1782853380758,0.295,0.295,0.30336,0.30336,0.0,0.0,0.0,0.0,0.0,0.008360000000000034,0.008360000000000034,False
2026-06-30T21:03:01.166377+00:00,#1891,france_champion_no,1782853380758,0.69664,0.69664,0.705,0.705,0.0,0.0,0.0,0.0,0.0,0.008359999999999923,0.008359999999999923,False
2026-06-30T21:03:01.166478+00:00,#2130,sweden_champion_yes,1782853380758,0.00063,0.00063,0.00225,0.00225,0.0,0.0,0.0,0.0,0.0,0.00162,0.00162,False
2026-06-30T21:03:01.166558+00:00,#2131,sweden_champion_no,1782853380758,0.99775,0.99775,0.99937,0.99937,0.0,0.0,0.0,0.0,0.0,0.0016199999999999548,0.0016199999999999548,False
2026-06-30T21:03:01.166632+00:00,#6740,France,1782853380758,0.87175,0.87383,0.877,0.877,0.0,0.0,15.600000000000364,0.0,0.001040000000000041,0.005249999999999977,0.003170000000000006,False
2026-06-30T21:03:01.166710+00:00,#6741,Sweden,1782853380758,0.123,0.123,0.12825,0.12617,0.0,0.0,0.0,-15.600000000000136,-0.0010399999999999854,0.005250000000000005,0.003170000000000006,False
2026-06-30T21:03:01.777149+00:00,#1890,france_champion_yes,1782853381298,0.295,0.295,0.30336,0.30336,0.0,0.0,0.0,0.0,0.0,0.008360000000000034,0.008360000000000034,False
2026-06-30T21:03:01.777353+00:00,#1891,france_champion_no,1782853381298,0.69664,0.69664,0.705,0.705,0.0,0.0,0.0,0.0,0.0,0.008359999999999923,0.008359999999999923,False
2026-06-30T21:03:01.777457+00:00,#2130,sweden_champion_yes,1782853381298,0.00063,0.00063,0.00225,0.00225,0.0,0.0,0.0,0.0,0.0,0.00162,0.00162,False
2026-06-30T21:03:01.777540+00:00,#2131,sweden_champion_no,1782853381298,0.99775,0.99775,0.99937,0.99937,0.0,0.0,0.0,0.0,0.0,0.0016199999999999548,0.0016199999999999548,False
2026-06-30T21:03:01.777618+00:00,#6740,France,1782853381298,0.87383,0.87383,0.877,0.877,0.0,0.0,0.0,0.0,0.0,0.003170000000000006,0.003170000000000006,False
2026-06-30T21:03:01.777704+00:00,#6741,Sweden,1782853381298,0.123,0.123,0.12617,0.12617,0.0,0.0,0.0,0.0,0.0,0.003170000000000006,0.003170000000000006,False
2026-06-30T21:03:02.337786+00:00,#1890,france_champion_yes,1782853381839,0.295,0.295,0.30336,0.30336,0.0,0.0,0.0,0.0,0.0,0.008360000000000034,0.008360000000000034,False
2026-06-30T21:03:02.338111+00:00,#1891,france_champion_no,1782853381839,0.69664,0.69664,0.705,0.705,0.0,0.0,0.0,0.0,0.0,0.008359999999999923,0.008359999999999923,False
2026-06-30T21:03:02.338286+00:00,#2130,sweden_champion_yes,1782853381839,0.00063,0.00063,0.00225,0.00225,0.0,0.0,0.0,0.0,0.0,0.00162,0.00162,False
2026-06-30T21:03:02.338511+00:00,#2131,sweden_champion_no,1782853381839,0.99775,0.99775,0.99937,0.99937,0.0,0.0,0.0,0.0,0.0,0.0016199999999999548,0.0016199999999999548,False
2026-06-30T21:03:02.338666+00:00,#6740,France,1782853381839,0.87383,0.87383,0.877,0.877,0.0,0.0,0.0,0.0,0.0,0.003170000000000006,0.003170000000000006,False
2026-06-30T21:03:02.338847+00:00,#6741,Sweden,1782853381839,0.123,0.123,0.12617,0.12617,0.0,0.0,0.0,0.0,0.0,0.003170000000000006,0.003170000000000006,False
2026-06-30T21:03:02.825792+00:00,#1890,france_champion_yes,1782853382369,0.295,0.295,0.30336,0.30336,0.0,0.0,0.0,0.0,0.0,0.008360000000000034,0.008360000000000034,False
2026-06-30T21:03:02.826004+00:00,#1891,france_champion_no,1782853382369,0.69664,0.69664,0.705,0.705,0.0,0.0,0.0,0.0,0.0,0.008359999999999923,0.008359999999999923,False
2026-06-30T21:03:02.826098+00:00,#2130,sweden_champion_yes,1782853382369,0.00063,0.00063,0.00225,0.00225,0.0,0.0,0.0,0.0,0.0,0.00162,0.00162,False
2026-06-30T21:03:02.826179+00:00,#2131,sweden_champion_no,1782853382369,0.99775,0.99775,0.99937,0.99937,0.0,0.0,0.0,0.0,0.0,0.0016199999999999548,0.0016199999999999548,False
2026-06-30T21:03:02.826254+00:00,#6740,France,1782853382369,0.87383,0.87383,0.877,0.877,0.0,0.0,0.0,0.0,0.0,0.003170000000000006,0.003170000000000006,False
2026-06-30T21:03:02.826329+00:00,#6741,Sweden,1782853382369,0.123,0.123,0.12617,0.12617,0.0,0.0,0.0,0.0,0.0,0.003170000000000006,0.003170000000000006,False
2026-06-30T21:03:03.301951+00:00,#1890,france_champion_yes,1782853382902,0.295,0.295,0.30336,0.30336,0.0,0.0,0.0,0.0,0.0,0.008360000000000034,0.008360000000000034,False
2026-06-30T21:03:03.302298+00:00,#1891,france_champion_no,1782853382902,0.69664,0.69664,0.705,0.705,0.0,0.0,0.0,0.0,0.0,0.008359999999999923,0.008359999999999923,False
2026-06-30T21:03:03.302478+00:00,#2130,sweden_champion_yes,1782853382902,0.00063,0.00063,0.00225,0.00225,0.0,0.0,0.0,0.0,0.0,0.00162,0.00162,False
2026-06-30T21:03:03.302615+00:00,#2131,sweden_champion_no,1782853382902,0.99775,0.99775,0.99937,0.99937,0.0,0.0,0.0,0.0,0.0,0.0016199999999999548,0.0016199999999999548,False
2026-06-30T21:03:03.302747+00:00,#6740,France,1782853382902,0.87383,0.87222,0.877,0.877,0.0,0.0,-12.075000000000728,0.0,-0.0008050000000000557,0.003170000000000006,0.0047800000000000065,False
2026-06-30T21:03:03.302931+00:00,#6741,Sweden,1782853382902,0.123,0.123,0.12617,0.12778,0.0,0.0,0.0,12.075000000000045,0.0008050000000000002,0.003170000000000006,0.0047800000000000065,False
2026-06-30T21:03:03.846327+00:00,#1890,france_champion_yes,1782853383404,0.295,0.295,0.30336,0.30336,0.0,0.0,0.0,0.0,0.0,0.008360000000000034,0.008360000000000034,False
2026-06-30T21:03:03.846587+00:00,#1891,france_champion_no,1782853383404,0.69664,0.69664,0.705,0.705,0.0,0.0,0.0,0.0,0.0,0.008359999999999923,0.008359999999999923,False
2026-06-30T21:03:03.846704+00:00,#2130,sweden_champion_yes,1782853383404,0.00063,0.00063,0.00225,0.00225,0.0,0.0,0.0,0.0,0.0,0.00162,0.00162,False
2026-06-30T21:03:03.846826+00:00,#2131,sweden_champion_no,1782853383404,0.99775,0.99775,0.99937,0.99937,0.0,0.0,0.0,0.0,0.0,0.0016199999999999548,0.0016199999999999548,False
2026-06-30T21:03:03.846928+00:00,#6740,France,1782853383404,0.87222,0.87222,0.877,0.877,0.0,0.0,0.0,0.0,0.0,0.0047800000000000065,0.0047800000000000065,False
2026-06-30T21:03:03.847010+00:00,#6741,Sweden,1782853383404,0.123,0.123,0.12778,0.12778,0.0,0.0,0.0,0.0,0.0,0.0047800000000000065,0.0047800000000000065,False
2026-06-30T21:03:04.430046+00:00,#1890,france_champion_yes,1782853383953,0.295,0.295,0.30336,0.30336,0.0,0.0,0.0,0.0,0.0,0.008360000000000034,0.008360000000000034,False
2026-06-30T21:03:04.430310+00:00,#1891,france_champion_no,1782853383953,0.69664,0.69664,0.705,0.705,0.0,0.0,0.0,0.0,0.0,0.008359999999999923,0.008359999999999923,False
2026-06-30T21:03:04.430547+00:00,#2130,sweden_champion_yes,1782853383953,0.00063,0.00063,0.00225,0.00225,0.0,0.0,0.0,0.0,0.0,0.00162,0.00162,False
2026-06-30T21:03:04.430664+00:00,#2131,sweden_champion_no,1782853383953,0.99775,0.99775,0.99937,0.99937,0.0,0.0,0.0,0.0,0.0,0.0016199999999999548,0.0016199999999999548,False
2026-06-30T21:03:04.430765+00:00,#6740,France,1782853383953,0.87222,0.87131,0.877,0.877,0.0,0.0,-6.824999999999818,0.0,-0.0004549999999999832,0.0047800000000000065,0.005689999999999973,False
2026-06-30T21:03:04.430868+00:00,#6741,Sweden,1782853383953,0.123,0.123,0.12778,0.12869,0.0,0.0,0.0,6.8250000000000455,0.0004549999999999832,0.0047800000000000065,0.005690000000000001,False
2026-06-30T21:03:05.609240+00:00,#1890,france_champion_yes,1782853384492,0.295,0.295,0.30336,0.30336,0.0,0.0,0.0,0.0,0.0,0.008360000000000034,0.008360000000000034,False
2026-06-30T21:03:05.609457+00:00,#1891,france_champion_no,1782853384492,0.69664,0.69664,0.705,0.705,0.0,0.0,0.0,0.0,0.0,0.008359999999999923,0.008359999999999923,False
2026-06-30T21:03:05.609580+00:00,#2130,sweden_champion_yes,1782853384492,0.00063,0.00063,0.00225,0.00225,0.0,0.0,0.0,0.0,0.0,0.00162,0.00162,False
2026-06-30T21:03:05.609662+00:00,#2131,sweden_champion_no,1782853384492,0.99775,0.99775,0.99937,0.99937,0.0,0.0,0.0,0.0,0.0,0.0016199999999999548,0.0016199999999999548,False
2026-06-30T21:03:05.609732+00:00,#6740,France,1782853384492,0.87131,0.87126,0.877,0.877,-7200.0,0.0,-6275.508,0.0,-2.4999999999941735e-05,0.005689999999999973,0.005739999999999967,True
2026-06-30T21:03:05.609828+00:00,#6741,Sweden,1782853384492,0.123,0.123,0.12869,0.12874,0.0,-7200.0,0.0,-924.492,2.4999999999997247e-05,0.005690000000000001,0.005739999999999995,True
2026-06-30T21:03:05.610006+00:00,#1890,france_champion_yes,1782853385076,0.295,0.295,0.30336,0.30336,0.0,0.0,0.0,0.0,0.0,0.008360000000000034,0.008360000000000034,False
2026-06-30T21:03:05.610081+00:00,#1891,france_champion_no,1782853385076,0.69664,0.69664,0.705,0.705,0.0,0.0,0.0,0.0,0.0,0.008359999999999923,0.008359999999999923,False
2026-06-30T21:03:05.610157+00:00,#2130,sweden_champion_yes,1782853385076,0.00063,0.00063,0.00225,0.00225,0.0,0.0,0.0,0.0,0.0,0.00162,0.00162,False
2026-06-30T21:03:05.610229+00:00,#2131,sweden_champion_no,1782853385076,0.99775,0.99775,0.99937,0.99937,0.0,0.0,0.0,0.0,0.0,0.0016199999999999548,0.0016199999999999548,False
2026-06-30T21:03:05.610299+00:00,#6740,France,1782853385076,0.87126,0.87126,0.877,0.877,7200.0,0.0,6273.3330000000005,0.0,0.0,0.005739999999999967,0.005739999999999967,True
2026-06-30T21:03:05.610389+00:00,#6741,Sweden,1782853385076,0.123,0.123,0.12874,0.12874,0.0,7200.0,0.0,926.6670000000001,0.0,0.005739999999999995,0.005739999999999995,True
2026-06-30T21:03:06.059164+00:00,#1890,france_champion_yes,1782853385548,0.295,0.295,0.30336,0.30336,0.0,0.0,0.0,0.0,0.0,0.008360000000000034,0.008360000000000034,False
2026-06-30T21:03:06.059409+00:00,#1891,france_champion_no,1782853385548,0.69664,0.69664,0.705,0.705,0.0,0.0,0.0,0.0,0.0,0.008359999999999923,0.008359999999999923,False
2026-06-30T21:03:06.059535+00:00,#2130,sweden_champion_yes,1782853385548,0.00063,0.00063,0.00225,0.00225,0.0,0.0,0.0,0.0,0.0,0.00162,0.00162,False
2026-06-30T21:03:06.059641+00:00,#2131,sweden_champion_no,1782853385548,0.99775,0.99775,0.99937,0.99937,0.0,0.0,0.0,0.0,0.0,0.0016199999999999548,0.0016199999999999548,False
2026-06-30T21:03:06.059736+00:00,#6740,France,1782853385548,0.87126,0.87126,0.877,0.877,0.0,0.0,0.0,0.0,0.0,0.005739999999999967,0.005739999999999967,False
2026-06-30T21:03:06.059845+00:00,#6741,Sweden,1782853385548,0.123,0.123,0.12874,0.12874,0.0,0.0,0.0,0.0,0.0,0.005739999999999995,0.005739999999999995,False
2026-06-30T21:03:06.536838+00:00,#1890,france_champion_yes,1782853386085,0.295,0.295,0.30336,0.30336,0.0,0.0,0.0,0.0,0.0,0.008360000000000034,0.008360000000000034,False
2026-06-30T21:03:06.537116+00:00,#1891,france_champion_no,1782853386085,0.69664,0.69664,0.705,0.705,0.0,0.0,0.0,0.0,0.0,0.008359999999999923,0.008359999999999923,False
2026-06-30T21:03:06.537261+00:00,#2130,sweden_champion_yes,1782853386085,0.00063,0.00063,0.00225,0.00225,0.0,0.0,0.0,0.0,0.0,0.00162,0.00162,False
2026-06-30T21:03:06.537361+00:00,#2131,sweden_champion_no,1782853386085,0.99775,0.99775,0.99937,0.99937,0.0,0.0,0.0,0.0,0.0,0.0016199999999999548,0.0016199999999999548,False
2026-06-30T21:03:06.537478+00:00,#6740,France,1782853386085,0.87126,0.87126,0.877,0.877,0.0,0.0,0.0,0.0,0.0,0.005739999999999967,0.005739999999999967,False
2026-06-30T21:03:06.537595+00:00,#6741,Sweden,1782853386085,0.123,0.123,0.12874,0.12874,0.0,0.0,0.0,0.0,0.0,0.005739999999999995,0.005739999999999995,False
2026-06-30T21:03:07.044977+00:00,#1890,france_champion_yes,1782853386629,0.295,0.295,0.30336,0.30336,0.0,0.0,0.0,0.0,0.0,0.008360000000000034,0.008360000000000034,False
2026-06-30T21:03:07.045168+00:00,#1891,france_champion_no,1782853386629,0.69664,0.69664,0.705,0.705,0.0,0.0,0.0,0.0,0.0,0.008359999999999923,0.008359999999999923,False
2026-06-30T21:03:07.045258+00:00,#2130,sweden_champion_yes,1782853386629,0.00063,0.00063,0.00225,0.00225,0.0,0.0,0.0,0.0,0.0,0.00162,0.00162,False
2026-06-30T21:03:07.045339+00:00,#2131,sweden_champion_no,1782853386629,0.99775,0.99775,0.99937,0.99937,0.0,0.0,0.0,0.0,0.0,0.0016199999999999548,0.0016199999999999548,False
2026-06-30T21:03:07.045430+00:00,#6740,France,1782853386629,0.87126,0.87126,0.877,0.877,0.0,0.0,0.0,0.0,0.0,0.005739999999999967,0.005739999999999967,False
2026-06-30T21:03:07.045507+00:00,#6741,Sweden,1782853386629,0.123,0.123,0.12874,0.12874,0.0,0.0,0.0,0.0,0.0,0.005739999999999995,0.005739999999999995,False
2026-06-30T21:03:07.552259+00:00,#1890,france_champion_yes,1782853387155,0.295,0.295,0.30336,0.30336,0.0,0.0,0.0,0.0,0.0,0.008360000000000034,0.008360000000000034,False
2026-06-30T21:03:07.552450+00:00,#1891,france_champion_no,1782853387155,0.69664,0.69664,0.705,0.705,0.0,0.0,0.0,0.0,0.0,0.008359999999999923,0.008359999999999923,False
2026-06-30T21:03:07.552541+00:00,#2130,sweden_champion_yes,1782853387155,0.00063,0.00063,0.00225,0.00225,0.0,0.0,0.0,0.0,0.0,0.00162,0.00162,False
2026-06-30T21:03:07.552614+00:00,#2131,sweden_champion_no,1782853387155,0.99775,0.99775,0.99937,0.99937,0.0,0.0,0.0,0.0,0.0,0.0016199999999999548,0.0016199999999999548,False
2026-06-30T21:03:07.552691+00:00,#6740,France,1782853387155,0.87126,0.87126,0.877,0.877,0.0,0.0,0.0,0.0,0.0,0.005739999999999967,0.005739999999999967,False
2026-06-30T21:03:07.552774+00:00,#6741,Sweden,1782853387155,0.123,0.123,0.12874,0.12874,0.0,0.0,0.0,0.0,0.0,0.005739999999999995,0.005739999999999995,False
2026-06-30T21:03:08.250023+00:00,#1890,france_champion_yes,1782853387714,0.295,0.295,0.30336,0.30336,0.0,0.0,0.0,0.0,0.0,0.008360000000000034,0.008360000000000034,False
2026-06-30T21:03:08.250215+00:00,#1891,france_champion_no,1782853387714,0.69664,0.69664,0.705,0.705,0.0,0.0,0.0,0.0,0.0,0.008359999999999923,0.008359999999999923,False
2026-06-30T21:03:08.250310+00:00,#2130,sweden_champion_yes,1782853387714,0.00063,0.00063,0.00225,0.00225,0.0,0.0,0.0,0.0,0.0,0.00162,0.00162,False
2026-06-30T21:03:08.250387+00:00,#2131,sweden_champion_no,1782853387714,0.99775,0.99775,0.99937,0.99937,0.0,0.0,0.0,0.0,0.0,0.0016199999999999548,0.0016199999999999548,False
2026-06-30T21:03:08.250478+00:00,#6740,France,1782853387714,0.87126,0.87126,0.877,0.877,0.0,0.0,0.0,0.0,0.0,0.005739999999999967,0.005739999999999967,False
2026-06-30T21:03:08.250561+00:00,#6741,Sweden,1782853387714,0.123,0.123,0.12874,0.12874,0.0,0.0,0.0,0.0,0.0,0.005739999999999995,0.005739999999999995,False
2026-06-30T21:03:08.687945+00:00,#1890,france_champion_yes,1782853388245,0.295,0.295,0.30336,0.30336,0.0,0.0,0.0,0.0,0.0,0.008360000000000034,0.008360000000000034,False
2026-06-30T21:03:08.688206+00:00,#1891,france_champion_no,1782853388245,0.69664,0.69664,0.705,0.705,0.0,0.0,0.0,0.0,0.0,0.008359999999999923,0.008359999999999923,False
2026-06-30T21:03:08.688297+00:00,#2130,sweden_champion_yes,1782853388245,0.00063,0.00063,0.00225,0.00225,0.0,0.0,0.0,0.0,0.0,0.00162,0.00162,False
2026-06-30T21:03:08.688380+00:00,#2131,sweden_champion_no,1782853388245,0.99775,0.99775,0.99937,0.99937,0.0,0.0,0.0,0.0,0.0,0.0016199999999999548,0.0016199999999999548,False
2026-06-30T21:03:08.688482+00:00,#6740,France,1782853388245,0.87126,0.87126,0.877,0.877,0.0,0.0,0.0,0.0,0.0,0.005739999999999967,0.005739999999999967,False
2026-06-30T21:03:08.688566+00:00,#6741,Sweden,1782853388245,0.123,0.123,0.12874,0.12874,0.0,0.0,0.0,0.0,0.0,0.005739999999999995,0.005739999999999995,False
2026-06-30T21:03:09.252155+00:00,#1890,france_champion_yes,1782853388764,0.295,0.295,0.30336,0.30336,0.0,0.0,0.0,0.0,0.0,0.008360000000000034,0.008360000000000034,False
2026-06-30T21:03:09.252396+00:00,#1891,france_champion_no,1782853388764,0.69664,0.69664,0.705,0.705,0.0,0.0,0.0,0.0,0.0,0.008359999999999923,0.008359999999999923,False
2026-06-30T21:03:09.252537+00:00,#2130,sweden_champion_yes,1782853388764,0.00063,0.00063,0.00225,0.00225,0.0,0.0,0.0,0.0,0.0,0.00162,0.00162,False
2026-06-30T21:03:09.252637+00:00,#2131,sweden_champion_no,1782853388764,0.99775,0.99775,0.99937,0.99937,0.0,0.0,0.0,0.0,0.0,0.0016199999999999548,0.0016199999999999548,False
2026-06-30T21:03:09.252730+00:00,#6740,France,1782853388764,0.87126,0.87126,0.877,0.877,0.0,0.0,0.0,0.0,0.0,0.005739999999999967,0.005739999999999967,False
2026-06-30T21:03:09.252807+00:00,#6741,Sweden,1782853388764,0.123,0.123,0.12874,0.12874,0.0,0.0,0.0,0.0,0.0,0.005739999999999995,0.005739999999999995,False
2026-06-30T21:03:09.761162+00:00,#1890,france_champion_yes,1782853389291,0.295,0.295,0.30336,0.29927,0.0,-2722.0,0.0,-899.9501499999999,-0.002045000000000019,0.008360000000000034,0.004269999999999996,True
2026-06-30T21:03:09.761481+00:00,#1891,france_champion_no,1782853389291,0.69664,0.70073,0.705,0.705,-2722.0,0.0,-1822.0498500000003,0.0,0.0020449999999999635,0.008359999999999923,0.004269999999999996,True
2026-06-30T21:03:09.761686+00:00,#2130,sweden_champion_yes,1782853389291,0.00063,0.00063,0.00225,0.00225,0.0,0.0,0.0,0.0,0.0,0.00162,0.00162,False
2026-06-30T21:03:09.761804+00:00,#2131,sweden_champion_no,1782853389291,0.99775,0.99775,0.99937,0.99937,0.0,0.0,0.0,0.0,0.0,0.0016199999999999548,0.0016199999999999548,False
2026-06-30T21:03:09.761923+00:00,#6740,France,1782853389291,0.87126,0.87126,0.877,0.877,0.0,0.0,0.0,0.0,0.0,0.005739999999999967,0.005739999999999967,False
2026-06-30T21:03:09.762044+00:00,#6741,Sweden,1782853389291,0.123,0.123,0.12874,0.12874,0.0,0.0,0.0,0.0,0.0,0.005739999999999995,0.005739999999999995,False
2026-06-30T21:03:10.442383+00:00,#1890,france_champion_yes,1782853389793,0.295,0.295,0.29927,0.29927,0.0,0.0,0.0,0.0,0.0,0.004269999999999996,0.004269999999999996,False
2026-06-30T21:03:10.442551+00:00,#1891,france_champion_no,1782853389793,0.70073,0.70073,0.705,0.705,0.0,0.0,0.0,0.0,0.0,0.004269999999999996,0.004269999999999996,False
2026-06-30T21:03:10.442671+00:00,#2130,sweden_champion_yes,1782853389793,0.00063,0.00063,0.00225,0.00225,0.0,0.0,0.0,0.0,0.0,0.00162,0.00162,False
2026-06-30T21:03:10.442751+00:00,#2131,sweden_champion_no,1782853389793,0.99775,0.99775,0.99937,0.99937,0.0,0.0,0.0,0.0,0.0,0.0016199999999999548,0.0016199999999999548,False
2026-06-30T21:03:10.442822+00:00,#6740,France,1782853389793,0.87126,0.87126,0.877,0.877,0.0,0.0,0.0,0.0,0.0,0.005739999999999967,0.005739999999999967,False
2026-06-30T21:03:10.442895+00:00,#6741,Sweden,1782853389793,0.123,0.123,0.12874,0.12874,0.0,0.0,0.0,0.0,0.0,0.005739999999999995,0.005739999999999995,False
2026-06-30T21:03:10.727862+00:00,#1890,france_champion_yes,1782853390355,0.295,0.295,0.29927,0.29927,0.0,0.0,0.0,0.0,0.0,0.004269999999999996,0.004269999999999996,False
2026-06-30T21:03:10.728095+00:00,#1891,france_champion_no,1782853390355,0.70073,0.70073,0.705,0.705,0.0,0.0,0.0,0.0,0.0,0.004269999999999996,0.004269999999999996,False
2026-06-30T21:03:10.728228+00:00,#2130,sweden_champion_yes,1782853390355,0.00063,0.00063,0.00225,0.00225,0.0,0.0,0.0,0.0,0.0,0.00162,0.00162,False
2026-06-30T21:03:10.728317+00:00,#2131,sweden_champion_no,1782853390355,0.99775,0.99775,0.99937,0.99937,0.0,0.0,0.0,0.0,0.0,0.0016199999999999548,0.0016199999999999548,False
2026-06-30T21:03:10.728500+00:00,#6740,France,1782853390355,0.87126,0.87126,0.877,0.877,0.0,0.0,0.0,0.0,0.0,0.005739999999999967,0.005739999999999967,False
2026-06-30T21:03:10.728641+00:00,#6741,Sweden,1782853390355,0.123,0.123,0.12874,0.12874,0.0,0.0,0.0,0.0,0.0,0.005739999999999995,0.005739999999999995,False
2026-06-30T21:03:11.336839+00:00,#1890,france_champion_yes,1782853390958,0.295,0.295,0.29927,0.29927,0.0,0.0,0.0,0.0,0.0,0.004269999999999996,0.004269999999999996,False
2026-06-30T21:03:11.336945+00:00,#1891,france_champion_no,1782853390958,0.70073,0.70073,0.705,0.705,0.0,0.0,0.0,0.0,0.0,0.004269999999999996,0.004269999999999996,False
2026-06-30T21:03:11.337037+00:00,#2130,sweden_champion_yes,1782853390958,0.00063,0.00063,0.00225,0.00225,0.0,0.0,0.0,0.0,0.0,0.00162,0.00162,False
2026-06-30T21:03:11.337109+00:00,#2131,sweden_champion_no,1782853390958,0.99775,0.99775,0.99937,0.99937,0.0,0.0,0.0,0.0,0.0,0.0016199999999999548,0.0016199999999999548,False
2026-06-30T21:03:11.337179+00:00,#6740,France,1782853390958,0.87126,0.87126,0.877,0.877,0.0,0.0,0.0,0.0,0.0,0.005739999999999967,0.005739999999999967,False
2026-06-30T21:03:11.337256+00:00,#6741,Sweden,1782853390958,0.123,0.123,0.12874,0.12874,0.0,0.0,0.0,0.0,0.0,0.005739999999999995,0.005739999999999995,False
2026-06-30T21:03:12.808008+00:00,#1890,france_champion_yes,1782853391421,0.295,0.295,0.29927,0.29927,0.0,0.0,0.0,0.0,0.0,0.004269999999999996,0.004269999999999996,False
2026-06-30T21:03:12.808146+00:00,#1891,france_champion_no,1782853391421,0.70073,0.70073,0.705,0.705,0.0,0.0,0.0,0.0,0.0,0.004269999999999996,0.004269999999999996,False
2026-06-30T21:03:12.808231+00:00,#2130,sweden_champion_yes,1782853391421,0.00063,0.00063,0.00225,0.00225,0.0,0.0,0.0,0.0,0.0,0.00162,0.00162,False
2026-06-30T21:03:12.808304+00:00,#2131,sweden_champion_no,1782853391421,0.99775,0.99775,0.99937,0.99937,0.0,0.0,0.0,0.0,0.0,0.0016199999999999548,0.0016199999999999548,False
2026-06-30T21:03:12.808384+00:00,#6740,France,1782853391421,0.87126,0.87126,0.877,0.877,0.0,0.0,0.0,0.0,0.0,0.005739999999999967,0.005739999999999967,False
2026-06-30T21:03:12.808473+00:00,#6741,Sweden,1782853391421,0.123,0.123,0.12874,0.12874,0.0,0.0,0.0,0.0,0.0,0.005739999999999995,0.005739999999999995,False
2026-06-30T21:03:12.808611+00:00,#1890,france_champion_yes,1782853391962,0.295,0.295,0.29927,0.29927,0.0,0.0,0.0,0.0,0.0,0.004269999999999996,0.004269999999999996,False
2026-06-30T21:03:12.808689+00:00,#1891,france_champion_no,1782853391962,0.70073,0.70073,0.705,0.705,0.0,0.0,0.0,0.0,0.0,0.004269999999999996,0.004269999999999996,False
2026-06-30T21:03:12.808764+00:00,#2130,sweden_champion_yes,1782853391962,0.00063,0.00063,0.00225,0.00225,0.0,0.0,0.0,0.0,0.0,0.00162,0.00162,False
2026-06-30T21:03:12.808831+00:00,#2131,sweden_champion_no,1782853391962,0.99775,0.99775,0.99937,0.99937,0.0,0.0,0.0,0.0,0.0,0.0016199999999999548,0.0016199999999999548,False
2026-06-30T21:03:12.808900+00:00,#6740,France,1782853391962,0.87126,0.87126,0.877,0.877,0.0,0.0,0.0,0.0,0.0,0.005739999999999967,0.005739999999999967,False
2026-06-30T21:03:12.808971+00:00,#6741,Sweden,1782853391962,0.123,0.123,0.12874,0.12874,0.0,0.0,0.0,0.0,0.0,0.005739999999999995,0.005739999999999995,False
2026-06-30T21:03:14.910771+00:00,#1890,france_champion_yes,1782853392462,0.295,0.295,0.29927,0.29927,0.0,0.0,0.0,0.0,0.0,0.004269999999999996,0.004269999999999996,False
2026-06-30T21:03:14.910953+00:00,#1891,france_champion_no,1782853392462,0.70073,0.70073,0.705,0.705,0.0,0.0,0.0,0.0,0.0,0.004269999999999996,0.004269999999999996,False
2026-06-30T21:03:14.911054+00:00,#2130,sweden_champion_yes,1782853392462,0.00063,0.00063,0.00225,0.00225,0.0,0.0,0.0,0.0,0.0,0.00162,0.00162,False
2026-06-30T21:03:14.911133+00:00,#2131,sweden_champion_no,1782853392462,0.99775,0.99775,0.99937,0.99937,0.0,0.0,0.0,0.0,0.0,0.0016199999999999548,0.0016199999999999548,False
2026-06-30T21:03:14.911241+00:00,#6740,France,1782853392462,0.87126,0.87126,0.877,0.877,0.0,0.0,0.0,0.0,0.0,0.005739999999999967,0.005739999999999967,False
2026-06-30T21:03:14.911318+00:00,#6741,Sweden,1782853392462,0.123,0.123,0.12874,0.12874,0.0,0.0,0.0,0.0,0.0,0.005739999999999995,0.005739999999999995,False
2026-06-30T21:03:14.911729+00:00,#1890,france_champion_yes,1782853392993,0.295,0.295,0.29927,0.29927,0.0,0.0,0.0,0.0,0.0,0.004269999999999996,0.004269999999999996,False
2026-06-30T21:03:14.911827+00:00,#1891,france_champion_no,1782853392993,0.70073,0.70073,0.705,0.705,0.0,0.0,0.0,0.0,0.0,0.004269999999999996,0.004269999999999996,False
2026-06-30T21:03:14.911909+00:00,#2130,sweden_champion_yes,1782853392993,0.00063,0.00063,0.00225,0.00225,0.0,0.0,0.0,0.0,0.0,0.00162,0.00162,False
2026-06-30T21:03:14.911977+00:00,#2131,sweden_champion_no,1782853392993,0.99775,0.99775,0.99937,0.99937,0.0,0.0,0.0,0.0,0.0,0.0016199999999999548,0.0016199999999999548,False
2026-06-30T21:03:14.912049+00:00,#6740,France,1782853392993,0.87126,0.87126,0.877,0.877,-12.0,0.0,-10.455119999999624,0.0,0.0,0.005739999999999967,0.005739999999999967,False
2026-06-30T21:03:14.912124+00:00,#6741,Sweden,1782853392993,0.123,0.123,0.12874,0.12874,0.0,-12.0,0.0,-1.544879999999921,0.0,0.005739999999999995,0.005739999999999995,False
2026-06-30T21:03:14.912235+00:00,#1890,france_champion_yes,1782853393507,0.295,0.295,0.29927,0.29927,0.0,0.0,0.0,0.0,0.0,0.004269999999999996,0.004269999999999996,False
2026-06-30T21:03:14.912306+00:00,#1891,france_champion_no,1782853393507,0.70073,0.70073,0.705,0.705,0.0,0.0,0.0,0.0,0.0,0.004269999999999996,0.004269999999999996,False
2026-06-30T21:03:14.912380+00:00,#2130,sweden_champion_yes,1782853393507,0.00063,0.00063,0.00225,0.00225,0.0,0.0,0.0,0.0,0.0,0.00162,0.00162,False
2026-06-30T21:03:14.912458+00:00,#2131,sweden_champion_no,1782853393507,0.99775,0.99775,0.99937,0.99937,0.0,0.0,0.0,0.0,0.0,0.0016199999999999548,0.0016199999999999548,False
2026-06-30T21:03:14.912535+00:00,#6740,France,1782853393507,0.87126,0.875,0.877,0.877,32.0,0.0,28.202500000000327,0.0,0.0018699999999999273,0.005739999999999967,0.0020000000000000018,False
2026-06-30T21:03:14.912612+00:00,#6741,Sweden,1782853393507,0.123,0.123,0.12874,0.125,0.0,32.0,0.0,3.7974999999999,-0.0018699999999999828,0.005739999999999995,0.0020000000000000018,False
2026-06-30T21:03:14.912734+00:00,#1890,france_champion_yes,1782853394110,0.295,0.295,0.29927,0.29927,0.0,0.0,0.0,0.0,0.0,0.004269999999999996,0.004269999999999996,False
2026-06-30T21:03:14.912813+00:00,#1891,france_champion_no,1782853394110,0.70073,0.70073,0.705,0.705,0.0,0.0,0.0,0.0,0.0,0.004269999999999996,0.004269999999999996,False
2026-06-30T21:03:14.912888+00:00,#2130,sweden_champion_yes,1782853394110,0.00063,0.00063,0.00225,0.00225,0.0,0.0,0.0,0.0,0.0,0.00162,0.00162,False
2026-06-30T21:03:14.912960+00:00,#2131,sweden_champion_no,1782853394110,0.99775,0.99775,0.99937,0.99937,0.0,0.0,0.0,0.0,0.0,0.0016199999999999548,0.0016199999999999548,False
2026-06-30T21:03:14.913028+00:00,#6740,France,1782853394110,0.875,0.875,0.877,0.877,0.0,0.0,0.0,0.0,0.0,0.0020000000000000018,0.0020000000000000018,False
2026-06-30T21:03:14.913099+00:00,#6741,Sweden,1782853394110,0.123,0.123,0.125,0.125,0.0,0.0,0.0,0.0,0.0,0.0020000000000000018,0.0020000000000000018,False
2026-06-30T21:03:15.455434+00:00,#1890,france_champion_yes,1782853394599,0.295,0.295,0.29927,0.29927,0.0,0.0,0.0,0.0,0.0,0.004269999999999996,0.004269999999999996,False
2026-06-30T21:03:15.455747+00:00,#1891,france_champion_no,1782853394599,0.70073,0.70073,0.705,0.705,0.0,0.0,0.0,0.0,0.0,0.004269999999999996,0.004269999999999996,False
2026-06-30T21:03:15.455903+00:00,#2130,sweden_champion_yes,1782853394599,0.00063,0.00063,0.00225,0.00225,0.0,0.0,0.0,0.0,0.0,0.00162,0.00162,False
2026-06-30T21:03:15.456019+00:00,#2131,sweden_champion_no,1782853394599,0.99775,0.99775,0.99937,0.99937,0.0,0.0,0.0,0.0,0.0,0.0016199999999999548,0.0016199999999999548,False
2026-06-30T21:03:15.456134+00:00,#6740,France,1782853394599,0.875,0.875,0.877,0.877,0.0,0.0,0.0,0.0,0.0,0.0020000000000000018,0.0020000000000000018,False
2026-06-30T21:03:15.456247+00:00,#6741,Sweden,1782853394599,0.123,0.123,0.125,0.125,0.0,0.0,0.0,0.0,0.0,0.0020000000000000018,0.0020000000000000018,False
2026-06-30T21:03:15.543388+00:00,#1890,france_champion_yes,1782853395057,0.295,0.295,0.29927,0.29927,0.0,0.0,0.0,0.0,0.0,0.004269999999999996,0.004269999999999996,False
2026-06-30T21:03:15.543623+00:00,#1891,france_champion_no,1782853395057,0.70073,0.70073,0.705,0.705,0.0,0.0,0.0,0.0,0.0,0.004269999999999996,0.004269999999999996,False
2026-06-30T21:03:15.543710+00:00,#2130,sweden_champion_yes,1782853395057,0.00063,0.00063,0.00225,0.00225,0.0,0.0,0.0,0.0,0.0,0.00162,0.00162,False
2026-06-30T21:03:15.543784+00:00,#2131,sweden_champion_no,1782853395057,0.99775,0.99775,0.99937,0.99937,0.0,0.0,0.0,0.0,0.0,0.0016199999999999548,0.0016199999999999548,False
2026-06-30T21:03:15.543853+00:00,#6740,France,1782853395057,0.875,0.875,0.877,0.877,0.0,0.0,0.0,0.0,0.0,0.0020000000000000018,0.0020000000000000018,False
2026-06-30T21:03:15.543928+00:00,#6741,Sweden,1782853395057,0.123,0.123,0.125,0.125,0.0,0.0,0.0,0.0,0.0,0.0020000000000000018,0.0020000000000000018,False
2026-06-30T21:03:16.070033+00:00,#1890,france_champion_yes,1782853395591,0.295,0.295,0.29927,0.29927,0.0,0.0,0.0,0.0,0.0,0.004269999999999996,0.004269999999999996,False
2026-06-30T21:03:16.070273+00:00,#1891,france_champion_no,1782853395591,0.70073,0.70073,0.705,0.705,0.0,0.0,0.0,0.0,0.0,0.004269999999999996,0.004269999999999996,False
2026-06-30T21:03:16.070386+00:00,#2130,sweden_champion_yes,1782853395591,0.00063,0.00063,0.00225,0.00225,0.0,0.0,0.0,0.0,0.0,0.00162,0.00162,False
2026-06-30T21:03:16.070505+00:00,#2131,sweden_champion_no,1782853395591,0.99775,0.99775,0.99937,0.99937,0.0,0.0,0.0,0.0,0.0,0.0016199999999999548,0.0016199999999999548,False
2026-06-30T21:03:16.070607+00:00,#6740,France,1782853395591,0.875,0.875,0.877,0.877,0.0,0.0,0.0,0.0,0.0,0.0020000000000000018,0.0020000000000000018,False
2026-06-30T21:03:16.070703+00:00,#6741,Sweden,1782853395591,0.123,0.123,0.125,0.125,0.0,0.0,0.0,0.0,0.0,0.0020000000000000018,0.0020000000000000018,False
2026-06-30T21:03:16.655638+00:00,#1890,france_champion_yes,1782853396129,0.295,0.295,0.29927,0.29927,0.0,0.0,0.0,0.0,0.0,0.004269999999999996,0.004269999999999996,False
2026-06-30T21:03:16.655942+00:00,#1891,france_champion_no,1782853396129,0.70073,0.70073,0.705,0.705,0.0,0.0,0.0,0.0,0.0,0.004269999999999996,0.004269999999999996,False
2026-06-30T21:03:16.656078+00:00,#2130,sweden_champion_yes,1782853396129,0.00063,0.00063,0.00225,0.00225,0.0,0.0,0.0,0.0,0.0,0.00162,0.00162,False
2026-06-30T21:03:16.656216+00:00,#2131,sweden_champion_no,1782853396129,0.99775,0.99775,0.99937,0.99937,0.0,0.0,0.0,0.0,0.0,0.0016199999999999548,0.0016199999999999548,False
2026-06-30T21:03:16.656341+00:00,#6740,France,1782853396129,0.875,0.875,0.877,0.877,0.0,0.0,0.0,0.0,0.0,0.0020000000000000018,0.0020000000000000018,False
2026-06-30T21:03:16.656470+00:00,#6741,Sweden,1782853396129,0.123,0.123,0.125,0.125,0.0,0.0,0.0,0.0,0.0,0.0020000000000000018,0.0020000000000000018,False
2026-06-30T21:03:17.013293+00:00,#1890,france_champion_yes,1782853396674,0.295,0.295,0.29927,0.29927,0.0,0.0,0.0,0.0,0.0,0.004269999999999996,0.004269999999999996,False
2026-06-30T21:03:17.016038+00:00,#1891,france_champion_no,1782853396674,0.70073,0.70073,0.705,0.705,0.0,0.0,0.0,0.0,0.0,0.004269999999999996,0.004269999999999996,False
2026-06-30T21:03:17.016155+00:00,#2130,sweden_champion_yes,1782853396674,0.00063,0.00063,0.00225,0.00225,0.0,0.0,0.0,0.0,0.0,0.00162,0.00162,False
2026-06-30T21:03:17.016237+00:00,#2131,sweden_champion_no,1782853396674,0.99775,0.99775,0.99937,0.99937,0.0,0.0,0.0,0.0,0.0,0.0016199999999999548,0.0016199999999999548,False
2026-06-30T21:03:17.016315+00:00,#6740,France,1782853396674,0.875,0.875,0.877,0.877,0.0,0.0,0.0,0.0,0.0,0.0020000000000000018,0.0020000000000000018,False
2026-06-30T21:03:17.016408+00:00,#6741,Sweden,1782853396674,0.123,0.123,0.125,0.125,0.0,0.0,0.0,0.0,0.0,0.0020000000000000018,0.0020000000000000018,False
2026-06-30T21:03:17.634923+00:00,#1890,france_champion_yes,1782853397219,0.295,0.295,0.29927,0.30336,0.0,2722.0,0.0,899.9501499999999,0.002045000000000019,0.004269999999999996,0.008360000000000034,True
2026-06-30T21:03:17.635147+00:00,#1891,france_champion_no,1782853397219,0.70073,0.69664,0.705,0.705,2722.0,0.0,1822.0498500000003,0.0,-0.0020449999999999635,0.004269999999999996,0.008359999999999923,True
2026-06-30T21:03:17.635258+00:00,#2130,sweden_champion_yes,1782853397219,0.00063,0.00063,0.00225,0.00225,0.0,0.0,0.0,0.0,0.0,0.00162,0.00162,False
2026-06-30T21:03:17.635331+00:00,#2131,sweden_champion_no,1782853397219,0.99775,0.99775,0.99937,0.99937,0.0,0.0,0.0,0.0,0.0,0.0016199999999999548,0.0016199999999999548,False
2026-06-30T21:03:17.635408+00:00,#6740,France,1782853397219,0.875,0.875,0.877,0.877,0.0,28.0,0.0,25.910640000000058,0.0,0.0020000000000000018,0.0020000000000000018,False
2026-06-30T21:03:17.635485+00:00,#6741,Sweden,1782853397219,0.123,0.123,0.125,0.125,28.0,0.0,2.0893599999999424,0.0,0.0,0.0020000000000000018,0.0020000000000000018,False
2026-06-30T21:03:18.217231+00:00,#1890,france_champion_yes,1782853397756,0.295,0.295,0.30336,0.30336,0.0,0.0,0.0,0.0,0.0,0.008360000000000034,0.008360000000000034,False
2026-06-30T21:03:18.217387+00:00,#1891,france_champion_no,1782853397756,0.69664,0.69664,0.705,0.705,0.0,0.0,0.0,0.0,0.0,0.008359999999999923,0.008359999999999923,False
2026-06-30T21:03:18.217517+00:00,#2130,sweden_champion_yes,1782853397756,0.00063,0.00063,0.00225,0.00225,0.0,0.0,0.0,0.0,0.0,0.00162,0.00162,False
2026-06-30T21:03:18.217613+00:00,#2131,sweden_champion_no,1782853397756,0.99775,0.99775,0.99937,0.99937,0.0,0.0,0.0,0.0,0.0,0.0016199999999999548,0.0016199999999999548,False
2026-06-30T21:03:18.217707+00:00,#6740,France,1782853397756,0.875,0.875,0.877,0.877,7200.0,0.0,6280.302,0.0,0.0,0.0020000000000000018,0.0020000000000000018,True
2026-06-30T21:03:18.217809+00:00,#6741,Sweden,1782853397756,0.123,0.123,0.125,0.125,0.0,7200.0,0.0,919.6980000000003,0.0,0.0020000000000000018,0.0020000000000000018,True
2026-06-30T21:03:18.857446+00:00,#1890,france_champion_yes,1782853398288,0.295,0.295,0.30336,0.30336,0.0,0.0,0.0,0.0,0.0,0.008360000000000034,0.008360000000000034,False
2026-06-30T21:03:18.857820+00:00,#1891,france_champion_no,1782853398288,0.69664,0.69664,0.705,0.705,0.0,0.0,0.0,0.0,0.0,0.008359999999999923,0.008359999999999923,False
2026-06-30T21:03:18.858023+00:00,#2130,sweden_champion_yes,1782853398288,0.00063,0.00063,0.00225,0.00225,0.0,0.0,0.0,0.0,0.0,0.00162,0.00162,False
2026-06-30T21:03:18.858193+00:00,#2131,sweden_champion_no,1782853398288,0.99775,0.99775,0.99937,0.99937,0.0,0.0,0.0,0.0,0.0,0.0016199999999999548,0.0016199999999999548,False
2026-06-30T21:03:18.858326+00:00,#6740,France,1782853398288,0.875,0.875,0.877,0.877,-7200.0,0.0,-6272.577,0.0,0.0,0.0020000000000000018,0.0020000000000000018,True
2026-06-30T21:03:18.858532+00:00,#6741,Sweden,1782853398288,0.123,0.123,0.125,0.125,0.0,-7200.0,0.0,-927.4230000000005,0.0,0.0020000000000000018,0.0020000000000000018,True
2026-06-30T21:03:19.263659+00:00,#1890,france_champion_yes,1782853398825,0.295,0.295,0.30336,0.30336,0.0,0.0,0.0,0.0,0.0,0.008360000000000034,0.008360000000000034,False
2026-06-30T21:03:19.263883+00:00,#1891,france_champion_no,1782853398825,0.69664,0.69664,0.705,0.705,0.0,0.0,0.0,0.0,0.0,0.008359999999999923,0.008359999999999923,False
2026-06-30T21:03:19.263979+00:00,#2130,sweden_champion_yes,1782853398825,0.00063,0.00063,0.00225,0.00225,0.0,0.0,0.0,0.0,0.0,0.00162,0.00162,False
2026-06-30T21:03:19.264052+00:00,#2131,sweden_champion_no,1782853398825,0.99775,0.99775,0.99937,0.99937,0.0,0.0,0.0,0.0,0.0,0.0016199999999999548,0.0016199999999999548,False
2026-06-30T21:03:19.264123+00:00,#6740,France,1782853398825,0.875,0.875,0.877,0.877,0.0,0.0,0.0,0.0,0.0,0.0020000000000000018,0.0020000000000000018,False
2026-06-30T21:03:19.264201+00:00,#6741,Sweden,1782853398825,0.123,0.123,0.125,0.125,0.0,0.0,0.0,0.0,0.0,0.0020000000000000018,0.0020000000000000018,False
2026-06-30T21:03:19.757715+00:00,#1890,france_champion_yes,1782853399366,0.295,0.295,0.30336,0.30336,0.0,0.0,0.0,0.0,0.0,0.008360000000000034,0.008360000000000034,False
2026-06-30T21:03:19.757910+00:00,#1891,france_champion_no,1782853399366,0.69664,0.69664,0.705,0.705,0.0,0.0,0.0,0.0,0.0,0.008359999999999923,0.008359999999999923,False
2026-06-30T21:03:19.758000+00:00,#2130,sweden_champion_yes,1782853399366,0.00063,0.00063,0.00225,0.00225,0.0,0.0,0.0,0.0,0.0,0.00162,0.00162,False
2026-06-30T21:03:19.758073+00:00,#2131,sweden_champion_no,1782853399366,0.99775,0.99775,0.99937,0.99937,0.0,0.0,0.0,0.0,0.0,0.0016199999999999548,0.0016199999999999548,False
2026-06-30T21:03:19.758151+00:00,#6740,France,1782853399366,0.875,0.875,0.877,0.877,0.0,0.0,0.0,0.0,0.0,0.0020000000000000018,0.0020000000000000018,False
2026-06-30T21:03:19.758233+00:00,#6741,Sweden,1782853399366,0.123,0.123,0.125,0.125,0.0,0.0,0.0,0.0,0.0,0.0020000000000000018,0.0020000000000000018,False
2026-06-30T21:03:20.757898+00:00,#1890,france_champion_yes,1782853399901,0.295,0.295,0.30336,0.30336,0.0,0.0,0.0,0.0,0.0,0.008360000000000034,0.008360000000000034,False
2026-06-30T21:03:20.758051+00:00,#1891,france_champion_no,1782853399901,0.69664,0.69664,0.705,0.705,0.0,0.0,0.0,0.0,0.0,0.008359999999999923,0.008359999999999923,False
2026-06-30T21:03:20.758168+00:00,#2130,sweden_champion_yes,1782853399901,0.00063,0.00063,0.00225,0.00225,0.0,0.0,0.0,0.0,0.0,0.00162,0.00162,False
2026-06-30T21:03:20.758252+00:00,#2131,sweden_champion_no,1782853399901,0.99775,0.99775,0.99937,0.99937,0.0,0.0,0.0,0.0,0.0,0.0016199999999999548,0.0016199999999999548,False
2026-06-30T21:03:20.758331+00:00,#6740,France,1782853399901,0.875,0.875,0.877,0.877,0.0,0.0,0.0,0.0,0.0,0.0020000000000000018,0.0020000000000000018,False
2026-06-30T21:03:20.758426+00:00,#6741,Sweden,1782853399901,0.123,0.123,0.125,0.125,0.0,0.0,0.0,0.0,0.0,0.0020000000000000018,0.0020000000000000018,False
2026-06-30T21:03:20.913567+00:00,#1890,france_champion_yes,1782853400415,0.295,0.295,0.30336,0.30336,0.0,0.0,0.0,0.0,0.0,0.008360000000000034,0.008360000000000034,False
2026-06-30T21:03:20.913870+00:00,#1891,france_champion_no,1782853400415,0.69664,0.69664,0.705,0.705,0.0,0.0,0.0,0.0,0.0,0.008359999999999923,0.008359999999999923,False
2026-06-30T21:03:20.914064+00:00,#2130,sweden_champion_yes,1782853400415,0.00063,0.00063,0.00225,0.00225,0.0,0.0,0.0,0.0,0.0,0.00162,0.00162,False
2026-06-30T21:03:20.914207+00:00,#2131,sweden_champion_no,1782853400415,0.99775,0.99775,0.99937,0.99937,0.0,0.0,0.0,0.0,0.0,0.0016199999999999548,0.0016199999999999548,False
2026-06-30T21:03:20.914344+00:00,#6740,France,1782853400415,0.875,0.875,0.877,0.877,0.0,0.0,0.0,0.0,0.0,0.0020000000000000018,0.0020000000000000018,False
2026-06-30T21:03:20.914498+00:00,#6741,Sweden,1782853400415,0.123,0.123,0.125,0.125,0.0,0.0,0.0,0.0,0.0,0.0020000000000000018,0.0020000000000000018,False
2026-06-30T21:03:21.549941+00:00,#1890,france_champion_yes,1782853401070,0.295,0.295,0.30336,0.30336,0.0,0.0,0.0,0.0,0.0,0.008360000000000034,0.008360000000000034,False
2026-06-30T21:03:21.550139+00:00,#1891,france_champion_no,1782853401070,0.69664,0.69664,0.705,0.705,0.0,0.0,0.0,0.0,0.0,0.008359999999999923,0.008359999999999923,False
2026-06-30T21:03:21.550235+00:00,#2130,sweden_champion_yes,1782853401070,0.00063,0.00063,0.00225,0.00225,0.0,0.0,0.0,0.0,0.0,0.00162,0.00162,False
2026-06-30T21:03:21.550308+00:00,#2131,sweden_champion_no,1782853401070,0.99775,0.99775,0.99937,0.99937,0.0,0.0,0.0,0.0,0.0,0.0016199999999999548,0.0016199999999999548,False
2026-06-30T21:03:21.550388+00:00,#6740,France,1782853401070,0.875,0.875,0.877,0.877,0.0,0.0,0.0,0.0,0.0,0.0020000000000000018,0.0020000000000000018,False
2026-06-30T21:03:21.550489+00:00,#6741,Sweden,1782853401070,0.123,0.123,0.125,0.125,0.0,0.0,0.0,0.0,0.0,0.0020000000000000018,0.0020000000000000018,False
2026-06-30T21:03:21.928747+00:00,#1890,france_champion_yes,1782853401530,0.295,0.295,0.30336,0.30336,0.0,0.0,0.0,0.0,0.0,0.008360000000000034,0.008360000000000034,False
2026-06-30T21:03:21.928932+00:00,#1891,france_champion_no,1782853401530,0.69664,0.69664,0.705,0.705,0.0,0.0,0.0,0.0,0.0,0.008359999999999923,0.008359999999999923,False
2026-06-30T21:03:21.929033+00:00,#2130,sweden_champion_yes,1782853401530,0.00063,0.00063,0.00225,0.00225,0.0,0.0,0.0,0.0,0.0,0.00162,0.00162,False
2026-06-30T21:03:21.929115+00:00,#2131,sweden_champion_no,1782853401530,0.99775,0.99775,0.99937,0.99937,0.0,0.0,0.0,0.0,0.0,0.0016199999999999548,0.0016199999999999548,False
2026-06-30T21:03:21.929270+00:00,#6740,France,1782853401530,0.875,0.875,0.877,0.877,0.0,0.0,0.0,0.0,0.0,0.0020000000000000018,0.0020000000000000018,False
2026-06-30T21:03:21.929362+00:00,#6741,Sweden,1782853401530,0.123,0.123,0.125,0.125,0.0,0.0,0.0,0.0,0.0,0.0020000000000000018,0.0020000000000000018,False
2026-06-30T21:03:22.649940+00:00,#1890,france_champion_yes,1782853402135,0.295,0.295,0.30336,0.30336,318.0,0.0,89.47574000000003,0.0,0.0,0.008360000000000034,0.008360000000000034,False
2026-06-30T21:03:22.650160+00:00,#1891,france_champion_no,1782853402135,0.69664,0.69664,0.705,0.705,0.0,318.0,0.0,228.52426000000003,0.0,0.008359999999999923,0.008359999999999923,False
2026-06-30T21:03:22.650325+00:00,#2130,sweden_champion_yes,1782853402135,0.00063,0.00063,0.00225,0.00225,0.0,0.0,0.0,0.0,0.0,0.00162,0.00162,False
2026-06-30T21:03:22.650423+00:00,#2131,sweden_champion_no,1782853402135,0.99775,0.99775,0.99937,0.99937,0.0,0.0,0.0,0.0,0.0,0.0016199999999999548,0.0016199999999999548,False
2026-06-30T21:03:22.650566+00:00,#6740,France,1782853402135,0.875,0.875,0.877,0.877,0.0,0.0,0.0,0.0,0.0,0.0020000000000000018,0.0020000000000000018,False
2026-06-30T21:03:22.650670+00:00,#6741,Sweden,1782853402135,0.123,0.123,0.125,0.125,0.0,0.0,0.0,0.0,0.0,0.0020000000000000018,0.0020000000000000018,False
2026-06-30T21:03:23.055609+00:00,#1890,france_champion_yes,1782853402554,0.295,0.295,0.30336,0.30336,0.0,0.0,0.0,0.0,0.0,0.008360000000000034,0.008360000000000034,False
2026-06-30T21:03:23.055859+00:00,#1891,france_champion_no,1782853402554,0.69664,0.69664,0.705,0.705,0.0,0.0,0.0,0.0,0.0,0.008359999999999923,0.008359999999999923,False
2026-06-30T21:03:23.055993+00:00,#2130,sweden_champion_yes,1782853402554,0.00063,0.00063,0.00225,0.00225,0.0,0.0,0.0,0.0,0.0,0.00162,0.00162,False
2026-06-30T21:03:23.056143+00:00,#2131,sweden_champion_no,1782853402554,0.99775,0.99775,0.99937,0.99937,0.0,0.0,0.0,0.0,0.0,0.0016199999999999548,0.0016199999999999548,False
2026-06-30T21:03:23.056249+00:00,#6740,France,1782853402554,0.875,0.875,0.877,0.877,0.0,0.0,0.0,0.0,0.0,0.0020000000000000018,0.0020000000000000018,False
2026-06-30T21:03:23.056351+00:00,#6741,Sweden,1782853402554,0.123,0.123,0.125,0.125,0.0,0.0,0.0,0.0,0.0,0.0020000000000000018,0.0020000000000000018,False
2026-06-30T21:03:23.481642+00:00,#1890,france_champion_yes,1782853403079,0.295,0.295,0.30336,0.30336,0.0,0.0,0.0,0.0,0.0,0.008360000000000034,0.008360000000000034,False
2026-06-30T21:03:23.481836+00:00,#1891,france_champion_no,1782853403079,0.69664,0.69664,0.705,0.705,0.0,0.0,0.0,0.0,0.0,0.008359999999999923,0.008359999999999923,False
2026-06-30T21:03:23.481935+00:00,#2130,sweden_champion_yes,1782853403079,0.00063,0.00063,0.00225,0.00225,0.0,0.0,0.0,0.0,0.0,0.00162,0.00162,False
2026-06-30T21:03:23.482017+00:00,#2131,sweden_champion_no,1782853403079,0.99775,0.99775,0.99937,0.99937,0.0,0.0,0.0,0.0,0.0,0.0016199999999999548,0.0016199999999999548,False
2026-06-30T21:03:23.482097+00:00,#6740,France,1782853403079,0.875,0.875,0.877,0.877,0.0,0.0,0.0,0.0,0.0,0.0020000000000000018,0.0020000000000000018,False
2026-06-30T21:03:23.482188+00:00,#6741,Sweden,1782853403079,0.123,0.123,0.125,0.125,0.0,0.0,0.0,0.0,0.0,0.0020000000000000018,0.0020000000000000018,False
2026-06-30T21:03:24.169357+00:00,#1890,france_champion_yes,1782853403634,0.295,0.295,0.30336,0.30336,0.0,0.0,0.0,0.0,0.0,0.008360000000000034,0.008360000000000034,False
2026-06-30T21:03:24.169659+00:00,#1891,france_champion_no,1782853403634,0.69664,0.69664,0.705,0.705,0.0,0.0,0.0,0.0,0.0,0.008359999999999923,0.008359999999999923,False
2026-06-30T21:03:24.169802+00:00,#2130,sweden_champion_yes,1782853403634,0.00063,0.00063,0.00225,0.00225,0.0,0.0,0.0,0.0,0.0,0.00162,0.00162,False
2026-06-30T21:03:24.169920+00:00,#2131,sweden_champion_no,1782853403634,0.99775,0.99775,0.99937,0.99937,0.0,0.0,0.0,0.0,0.0,0.0016199999999999548,0.0016199999999999548,False
2026-06-30T21:03:24.170023+00:00,#6740,France,1782853403634,0.875,0.875,0.877,0.877,7200.0,0.0,6270.402000000001,0.0,0.0,0.0020000000000000018,0.0020000000000000018,True
2026-06-30T21:03:24.170153+00:00,#6741,Sweden,1782853403634,0.123,0.123,0.125,0.125,0.0,7200.0,0.0,929.5980000000002,0.0,0.0020000000000000018,0.0020000000000000018,True
2026-06-30T21:03:24.607858+00:00,#1890,france_champion_yes,1782853404174,0.295,0.295,0.30336,0.30336,0.0,0.0,0.0,0.0,0.0,0.008360000000000034,0.008360000000000034,False
2026-06-30T21:03:24.608100+00:00,#1891,france_champion_no,1782853404174,0.69664,0.69664,0.705,0.705,0.0,0.0,0.0,0.0,0.0,0.008359999999999923,0.008359999999999923,False
2026-06-30T21:03:24.608220+00:00,#2130,sweden_champion_yes,1782853404174,0.00063,0.00063,0.00225,0.00225,0.0,0.0,0.0,0.0,0.0,0.00162,0.00162,False
2026-06-30T21:03:24.608298+00:00,#2131,sweden_champion_no,1782853404174,0.99775,0.99775,0.99937,0.99937,0.0,0.0,0.0,0.0,0.0,0.0016199999999999548,0.0016199999999999548,False
2026-06-30T21:03:24.608421+00:00,#6740,France,1782853404174,0.875,0.875,0.877,0.877,-7200.0,0.0,-6280.302000000001,0.0,0.0,0.0020000000000000018,0.0020000000000000018,True
2026-06-30T21:03:24.608587+00:00,#6741,Sweden,1782853404174,0.123,0.123,0.125,0.125,0.0,-7200.0,0.0,-919.6980000000003,0.0,0.0020000000000000018,0.0020000000000000018,True
2026-06-30T21:03:25.577867+00:00,#1890,france_champion_yes,1782853404730,0.295,0.295,0.30336,0.30336,0.0,0.0,0.0,0.0,0.0,0.008360000000000034,0.008360000000000034,False
2026-06-30T21:03:25.578000+00:00,#1891,france_champion_no,1782853404730,0.69664,0.69664,0.705,0.705,0.0,0.0,0.0,0.0,0.0,0.008359999999999923,0.008359999999999923,False
2026-06-30T21:03:25.578090+00:00,#2130,sweden_champion_yes,1782853404730,0.00063,0.00063,0.00225,0.00225,0.0,0.0,0.0,0.0,0.0,0.00162,0.00162,False
2026-06-30T21:03:25.578161+00:00,#2131,sweden_champion_no,1782853404730,0.99775,0.99775,0.99937,0.99937,0.0,0.0,0.0,0.0,0.0,0.0016199999999999548,0.0016199999999999548,False
2026-06-30T21:03:25.578230+00:00,#6740,France,1782853404730,0.875,0.875,0.877,0.877,0.0,0.0,10.949999999999818,0.0,0.0,0.0020000000000000018,0.0020000000000000018,False
2026-06-30T21:03:25.578307+00:00,#6741,Sweden,1782853404730,0.123,0.123,0.125,0.125,0.0,0.0,0.0,-10.949999999999818,0.0,0.0020000000000000018,0.0020000000000000018,False
2026-06-30T21:03:25.613692+00:00,#1890,france_champion_yes,1782853405289,0.295,0.295,0.30336,0.30336,0.0,0.0,0.0,0.0,0.0,0.008360000000000034,0.008360000000000034,False
2026-06-30T21:03:25.613887+00:00,#1891,france_champion_no,1782853405289,0.69664,0.69664,0.705,0.705,0.0,0.0,0.0,0.0,0.0,0.008359999999999923,0.008359999999999923,False
2026-06-30T21:03:25.613986+00:00,#2130,sweden_champion_yes,1782853405289,0.00063,0.00063,0.00225,0.00225,0.0,0.0,0.0,0.0,0.0,0.00162,0.00162,False
2026-06-30T21:03:25.614064+00:00,#2131,sweden_champion_no,1782853405289,0.99775,0.99775,0.99937,0.99937,0.0,0.0,0.0,0.0,0.0,0.0016199999999999548,0.0016199999999999548,False
2026-06-30T21:03:25.614137+00:00,#6740,France,1782853405289,0.875,0.875,0.877,0.877,0.0,-25.0,0.0,-23.40600000000086,0.0,0.0020000000000000018,0.0020000000000000018,False
2026-06-30T21:03:25.614215+00:00,#6741,Sweden,1782853405289,0.123,0.123,0.125,0.125,-25.0,0.0,-1.5939999999999372,0.0,0.0,0.0020000000000000018,0.0020000000000000018,False
2026-06-30T21:03:26.201640+00:00,#1890,france_champion_yes,1782853405762,0.295,0.295,0.30336,0.30336,0.0,0.0,0.0,0.0,0.0,0.008360000000000034,0.008360000000000034,False
2026-06-30T21:03:26.201860+00:00,#1891,france_champion_no,1782853405762,0.69664,0.69664,0.705,0.705,0.0,0.0,0.0,0.0,0.0,0.008359999999999923,0.008359999999999923,False
2026-06-30T21:03:26.201982+00:00,#2130,sweden_champion_yes,1782853405762,0.00063,0.00063,0.00225,0.00225,0.0,0.0,0.0,0.0,0.0,0.00162,0.00162,False
2026-06-30T21:03:26.202059+00:00,#2131,sweden_champion_no,1782853405762,0.99775,0.99775,0.99937,0.99937,0.0,0.0,0.0,0.0,0.0,0.0016199999999999548,0.0016199999999999548,False
2026-06-30T21:03:26.202156+00:00,#6740,France,1782853405762,0.875,0.875,0.877,0.877,0.0,0.0,0.0,0.0,0.0,0.0020000000000000018,0.0020000000000000018,False
2026-06-30T21:03:26.202255+00:00,#6741,Sweden,1782853405762,0.123,0.123,0.125,0.125,0.0,0.0,0.0,0.0,0.0,0.0020000000000000018,0.0020000000000000018,False
2026-06-30T21:03:26.909069+00:00,#1890,france_champion_yes,1782853406297,0.295,0.295,0.30336,0.30336,0.0,0.0,0.0,0.0,0.0,0.008360000000000034,0.008360000000000034,False
2026-06-30T21:03:26.909189+00:00,#1891,france_champion_no,1782853406297,0.69664,0.69664,0.705,0.705,0.0,0.0,0.0,0.0,0.0,0.008359999999999923,0.008359999999999923,False
2026-06-30T21:03:26.909299+00:00,#2130,sweden_champion_yes,1782853406297,0.00063,0.00063,0.00225,0.00225,0.0,0.0,0.0,0.0,0.0,0.00162,0.00162,False
2026-06-30T21:03:26.909384+00:00,#2131,sweden_champion_no,1782853406297,0.99775,0.99775,0.99937,0.99937,0.0,0.0,0.0,0.0,0.0,0.0016199999999999548,0.0016199999999999548,False
2026-06-30T21:03:26.909468+00:00,#6740,France,1782853406297,0.875,0.875,0.877,0.877,0.0,0.0,0.0,0.0,0.0,0.0020000000000000018,0.0020000000000000018,False
2026-06-30T21:03:26.909569+00:00,#6741,Sweden,1782853406297,0.123,0.123,0.125,0.125,0.0,0.0,0.0,0.0,0.0,0.0020000000000000018,0.0020000000000000018,False
2026-06-30T21:03:27.295710+00:00,#1890,france_champion_yes,1782853406857,0.295,0.295,0.30336,0.30336,0.0,0.0,0.0,0.0,0.0,0.008360000000000034,0.008360000000000034,False
2026-06-30T21:03:27.295888+00:00,#1891,france_champion_no,1782853406857,0.69664,0.69664,0.705,0.705,0.0,0.0,0.0,0.0,0.0,0.008359999999999923,0.008359999999999923,False
2026-06-30T21:03:27.295979+00:00,#2130,sweden_champion_yes,1782853406857,0.00063,0.00063,0.00225,0.00225,0.0,0.0,0.0,0.0,0.0,0.00162,0.00162,False
2026-06-30T21:03:27.296053+00:00,#2131,sweden_champion_no,1782853406857,0.99775,0.99775,0.99937,0.99937,0.0,0.0,0.0,0.0,0.0,0.0016199999999999548,0.0016199999999999548,False
2026-06-30T21:03:27.296124+00:00,#6740,France,1782853406857,0.875,0.875,0.877,0.877,0.0,0.0,0.0,0.0,0.0,0.0020000000000000018,0.0020000000000000018,False
2026-06-30T21:03:27.296199+00:00,#6741,Sweden,1782853406857,0.123,0.123,0.125,0.125,0.0,0.0,0.0,0.0,0.0,0.0020000000000000018,0.0020000000000000018,False
2026-06-30T21:03:27.786938+00:00,#1890,france_champion_yes,1782853407365,0.295,0.295,0.30336,0.30336,0.0,0.0,0.0,0.0,0.0,0.008360000000000034,0.008360000000000034,False
2026-06-30T21:03:27.787221+00:00,#1891,france_champion_no,1782853407365,0.69664,0.69664,0.705,0.705,0.0,0.0,0.0,0.0,0.0,0.008359999999999923,0.008359999999999923,False
2026-06-30T21:03:27.787354+00:00,#2130,sweden_champion_yes,1782853407365,0.00063,0.00063,0.00225,0.00225,0.0,0.0,0.0,0.0,0.0,0.00162,0.00162,False
2026-06-30T21:03:27.787478+00:00,#2131,sweden_champion_no,1782853407365,0.99775,0.99775,0.99937,0.99937,0.0,0.0,0.0,0.0,0.0,0.0016199999999999548,0.0016199999999999548,False
2026-06-30T21:03:27.787598+00:00,#6740,France,1782853407365,0.875,0.875,0.877,0.877,0.0,0.0,0.0,0.0,0.0,0.0020000000000000018,0.0020000000000000018,False
2026-06-30T21:03:27.787679+00:00,#6741,Sweden,1782853407365,0.123,0.123,0.125,0.125,0.0,0.0,0.0,0.0,0.0,0.0020000000000000018,0.0020000000000000018,False
2026-06-30T21:03:28.392098+00:00,#1890,france_champion_yes,1782853407879,0.295,0.295,0.30336,0.30336,-303.0,0.0,-85.25318000000004,0.0,0.0,0.008360000000000034,0.008360000000000034,False
2026-06-30T21:03:28.392341+00:00,#1891,france_champion_no,1782853407879,0.69664,0.69664,0.705,0.705,0.0,-303.0,0.0,-217.74681999999996,0.0,0.008359999999999923,0.008359999999999923,False
2026-06-30T21:03:28.392457+00:00,#2130,sweden_champion_yes,1782853407879,0.00063,0.00063,0.00225,0.00225,0.0,0.0,0.0,0.0,0.0,0.00162,0.00162,False
2026-06-30T21:03:28.392563+00:00,#2131,sweden_champion_no,1782853407879,0.99775,0.99775,0.99937,0.99937,0.0,0.0,0.0,0.0,0.0,0.0016199999999999548,0.0016199999999999548,False
2026-06-30T21:03:28.392679+00:00,#6740,France,1782853407879,0.875,0.875,0.877,0.877,0.0,0.0,0.0,0.0,0.0,0.0020000000000000018,0.0020000000000000018,False
2026-06-30T21:03:28.392801+00:00,#6741,Sweden,1782853407879,0.123,0.123,0.125,0.125,0.0,0.0,0.0,0.0,0.0,0.0020000000000000018,0.0020000000000000018,False
2026-06-30T21:03:28.987611+00:00,#1890,france_champion_yes,1782853408482,0.295,0.295,0.30336,0.30336,0.0,0.0,0.0,0.0,0.0,0.008360000000000034,0.008360000000000034,False
2026-06-30T21:03:28.987875+00:00,#1891,france_champion_no,1782853408482,0.69664,0.69664,0.705,0.705,0.0,0.0,0.0,0.0,0.0,0.008359999999999923,0.008359999999999923,False
2026-06-30T21:03:28.988010+00:00,#2130,sweden_champion_yes,1782853408482,0.00063,0.00063,0.00225,0.00225,0.0,0.0,0.0,0.0,0.0,0.00162,0.00162,False
2026-06-30T21:03:28.988101+00:00,#2131,sweden_champion_no,1782853408482,0.99775,0.99775,0.99937,0.99937,0.0,0.0,0.0,0.0,0.0,0.0016199999999999548,0.0016199999999999548,False
2026-06-30T21:03:28.988213+00:00,#6740,France,1782853408482,0.875,0.875,0.877,0.877,0.0,0.0,0.0,0.0,0.0,0.0020000000000000018,0.0020000000000000018,False
2026-06-30T21:03:28.988334+00:00,#6741,Sweden,1782853408482,0.123,0.123,0.125,0.125,0.0,0.0,0.0,0.0,0.0,0.0020000000000000018,0.0020000000000000018,False
2026-06-30T21:03:29.521118+00:00,#1890,france_champion_yes,1782853409086,0.295,0.295,0.30336,0.29939,0.0,-2754.0,0.0,-909.52403,-0.0019850000000000145,0.008360000000000034,0.004390000000000005,True
2026-06-30T21:03:29.521355+00:00,#1891,france_champion_no,1782853409086,0.69664,0.70061,0.705,0.705,-2754.0,0.0,-1844.4759700000004,0.0,0.0019849999999999035,0.008359999999999923,0.004390000000000005,True
2026-06-30T21:03:29.521479+00:00,#2130,sweden_champion_yes,1782853409086,0.00063,0.00063,0.00225,0.00225,0.0,0.0,0.0,0.0,0.0,0.00162,0.00162,False
2026-06-30T21:03:29.521561+00:00,#2131,sweden_champion_no,1782853409086,0.99775,0.99775,0.99937,0.99937,0.0,0.0,0.0,0.0,0.0,0.0016199999999999548,0.0016199999999999548,False
2026-06-30T21:03:29.521640+00:00,#6740,France,1782853409086,0.875,0.875,0.877,0.877,0.0,0.0,0.0,0.0,0.0,0.0020000000000000018,0.0020000000000000018,False
2026-06-30T21:03:29.521727+00:00,#6741,Sweden,1782853409086,0.123,0.123,0.125,0.125,0.0,0.0,0.0,0.0,0.0,0.0020000000000000018,0.0020000000000000018,False
2026-06-30T21:03:31.967151+00:00,#1890,france_champion_yes,1782853409538,0.295,0.295,0.29939,0.29939,0.0,0.0,0.0,0.0,0.0,0.004390000000000005,0.004390000000000005,False
2026-06-30T21:03:31.967292+00:00,#1891,france_champion_no,1782853409538,0.70061,0.70061,0.705,0.705,0.0,0.0,0.0,0.0,0.0,0.004390000000000005,0.004390000000000005,False
2026-06-30T21:03:31.967389+00:00,#2130,sweden_champion_yes,1782853409538,0.00063,0.00063,0.00225,0.00225,0.0,0.0,0.0,0.0,0.0,0.00162,0.00162,False
2026-06-30T21:03:31.967485+00:00,#2131,sweden_champion_no,1782853409538,0.99775,0.99775,0.99937,0.99937,0.0,0.0,0.0,0.0,0.0,0.0016199999999999548,0.0016199999999999548,False
2026-06-30T21:03:31.967558+00:00,#6740,France,1782853409538,0.875,0.875,0.877,0.877,0.0,0.0,0.0,0.0,0.0,0.0020000000000000018,0.0020000000000000018,False
2026-06-30T21:03:31.967635+00:00,#6741,Sweden,1782853409538,0.123,0.123,0.125,0.125,0.0,0.0,0.0,0.0,0.0,0.0020000000000000018,0.0020000000000000018,False
2026-06-30T21:03:31.968079+00:00,#1890,france_champion_yes,1782853410207,0.295,0.295,0.29939,0.29939,0.0,0.0,0.0,0.0,0.0,0.004390000000000005,0.004390000000000005,False
2026-06-30T21:03:31.968160+00:00,#1891,france_champion_no,1782853410207,0.70061,0.70061,0.705,0.705,0.0,0.0,0.0,0.0,0.0,0.004390000000000005,0.004390000000000005,False
2026-06-30T21:03:31.968239+00:00,#2130,sweden_champion_yes,1782853410207,0.00063,0.00033,0.00225,0.00225,-37660.0,0.0,-23.7258,0.0,-0.00014999999999999996,0.00162,0.0019199999999999998,True
2026-06-30T21:03:31.968334+00:00,#2131,sweden_champion_no,1782853410207,0.99775,0.99775,0.99937,0.99967,0.0,-37660.0,0.0,-37636.27419999999,0.00014999999999998348,0.0016199999999999548,0.0019199999999999218,True
2026-06-30T21:03:31.968428+00:00,#6740,France,1782853410207,0.875,0.875,0.877,0.877,0.0,0.0,0.0,0.0,0.0,0.0020000000000000018,0.0020000000000000018,False
2026-06-30T21:03:31.968503+00:00,#6741,Sweden,1782853410207,0.123,0.123,0.125,0.125,0.0,0.0,0.0,0.0,0.0,0.0020000000000000018,0.0020000000000000018,False
2026-06-30T21:03:31.968628+00:00,#1890,france_champion_yes,1782853410691,0.295,0.295,0.29939,0.29939,0.0,0.0,0.0,0.0,0.0,0.004390000000000005,0.004390000000000005,False
2026-06-30T21:03:31.968701+00:00,#1891,france_champion_no,1782853410691,0.70061,0.70061,0.705,0.705,0.0,0.0,0.0,0.0,0.0,0.004390000000000005,0.004390000000000005,False
2026-06-30T21:03:31.968775+00:00,#2130,sweden_champion_yes,1782853410691,0.00033,0.00033,0.00225,0.00225,0.0,0.0,0.0,0.0,0.0,0.0019199999999999998,0.0019199999999999998,False
2026-06-30T21:03:31.968843+00:00,#2131,sweden_champion_no,1782853410691,0.99775,0.99775,0.99967,0.99967,0.0,0.0,0.0,0.0,0.0,0.0019199999999999218,0.0019199999999999218,False
2026-06-30T21:03:31.968910+00:00,#6740,France,1782853410691,0.875,0.875,0.877,0.877,0.0,0.0,0.0,0.0,0.0,0.0020000000000000018,0.0020000000000000018,False
2026-06-30T21:03:31.968989+00:00,#6741,Sweden,1782853410691,0.123,0.123,0.125,0.125,0.0,0.0,0.0,0.0,0.0,0.0020000000000000018,0.0020000000000000018,False
2026-06-30T21:03:31.969066+00:00,#1890,france_champion_yes,1782853411228,0.295,0.295,0.29939,0.29939,0.0,0.0,0.0,0.0,0.0,0.004390000000000005,0.004390000000000005,False
2026-06-30T21:03:31.969139+00:00,#1891,france_champion_no,1782853411228,0.70061,0.70061,0.705,0.705,0.0,0.0,0.0,0.0,0.0,0.004390000000000005,0.004390000000000005,False
2026-06-30T21:03:31.969214+00:00,#2130,sweden_champion_yes,1782853411228,0.00033,0.00033,0.00225,0.00225,0.0,0.0,0.0,0.0,0.0,0.0019199999999999998,0.0019199999999999998,False
2026-06-30T21:03:31.969281+00:00,#2131,sweden_champion_no,1782853411228,0.99775,0.99775,0.99967,0.99967,0.0,0.0,0.0,0.0,0.0,0.0019199999999999218,0.0019199999999999218,False
2026-06-30T21:03:31.969353+00:00,#6740,France,1782853411228,0.875,0.875,0.877,0.877,0.0,0.0,0.0,0.0,0.0,0.0020000000000000018,0.0020000000000000018,False
2026-06-30T21:03:31.969432+00:00,#6741,Sweden,1782853411228,0.123,0.123,0.125,0.125,0.0,0.0,0.0,0.0,0.0,0.0020000000000000018,0.0020000000000000018,False
2026-06-30T21:03:32.113366+00:00,#1890,france_champion_yes,1782853411757,0.295,0.295,0.29939,0.29939,0.0,0.0,0.0,0.0,0.0,0.004390000000000005,0.004390000000000005,False
2026-06-30T21:03:32.113594+00:00,#1891,france_champion_no,1782853411757,0.70061,0.70061,0.705,0.705,0.0,0.0,0.0,0.0,0.0,0.004390000000000005,0.004390000000000005,False
2026-06-30T21:03:32.113693+00:00,#2130,sweden_champion_yes,1782853411757,0.00033,0.00033,0.00225,0.00225,0.0,0.0,0.0,0.0,0.0,0.0019199999999999998,0.0019199999999999998,False
2026-06-30T21:03:32.113776+00:00,#2131,sweden_champion_no,1782853411757,0.99775,0.99775,0.99967,0.99967,0.0,0.0,0.0,0.0,0.0,0.0019199999999999218,0.0019199999999999218,False
2026-06-30T21:03:32.113847+00:00,#6740,France,1782853411757,0.875,0.87219,0.877,0.877,0.0,0.0,-0.22800000000006548,0.0,-0.0014049999999999896,0.0020000000000000018,0.004809999999999981,False
2026-06-30T21:03:32.113924+00:00,#6741,Sweden,1782853411757,0.123,0.123,0.125,0.12781,0.0,0.0,0.0,0.2279999999998381,0.0014049999999999896,0.0020000000000000018,0.004810000000000009,False
2026-06-30T21:03:32.694274+00:00,#1890,france_champion_yes,1782853412305,0.295,0.295,0.29939,0.29939,0.0,0.0,0.0,0.0,0.0,0.004390000000000005,0.004390000000000005,False
2026-06-30T21:03:32.694499+00:00,#1891,france_champion_no,1782853412305,0.70061,0.70061,0.705,0.705,0.0,0.0,0.0,0.0,0.0,0.004390000000000005,0.004390000000000005,False
2026-06-30T21:03:32.694628+00:00,#2130,sweden_champion_yes,1782853412305,0.00033,0.00033,0.00225,0.00225,0.0,0.0,0.0,0.0,0.0,0.0019199999999999998,0.0019199999999999998,False
2026-06-30T21:03:32.694715+00:00,#2131,sweden_champion_no,1782853412305,0.99775,0.99775,0.99967,0.99967,0.0,0.0,0.0,0.0,0.0,0.0019199999999999218,0.0019199999999999218,False
2026-06-30T21:03:32.694786+00:00,#6740,France,1782853412305,0.87219,0.87219,0.877,0.877,0.0,0.0,0.0,0.0,0.0,0.004809999999999981,0.004809999999999981,False
2026-06-30T21:03:32.694865+00:00,#6741,Sweden,1782853412305,0.123,0.123,0.12781,0.12781,0.0,0.0,0.0,0.0,0.0,0.004810000000000009,0.004810000000000009,False
2026-06-30T21:03:33.311440+00:00,#1890,france_champion_yes,1782853412908,0.295,0.295,0.29939,0.29939,0.0,0.0,0.0,0.0,0.0,0.004390000000000005,0.004390000000000005,False
2026-06-30T21:03:33.311684+00:00,#1891,france_champion_no,1782853412908,0.70061,0.70061,0.705,0.705,0.0,0.0,0.0,0.0,0.0,0.004390000000000005,0.004390000000000005,False
2026-06-30T21:03:33.311816+00:00,#2130,sweden_champion_yes,1782853412908,0.00033,0.00033,0.00225,0.00225,0.0,0.0,0.0,0.0,0.0,0.0019199999999999998,0.0019199999999999998,False
2026-06-30T21:03:33.311920+00:00,#2131,sweden_champion_no,1782853412908,0.99775,0.99775,0.99967,0.99967,0.0,0.0,0.0,0.0,0.0,0.0019199999999999218,0.0019199999999999218,False
2026-06-30T21:03:33.312017+00:00,#6740,France,1782853412908,0.87219,0.87219,0.877,0.877,0.0,0.0,0.0,0.0,0.0,0.004809999999999981,0.004809999999999981,False
2026-06-30T21:03:33.312114+00:00,#6741,Sweden,1782853412908,0.123,0.123,0.12781,0.12781,0.0,0.0,0.0,0.0,0.0,0.004810000000000009,0.004810000000000009,False
2026-06-30T21:03:33.738072+00:00,#1890,france_champion_yes,1782853413387,0.295,0.295,0.29939,0.29939,0.0,0.0,0.0,0.0,0.0,0.004390000000000005,0.004390000000000005,False
2026-06-30T21:03:33.738322+00:00,#1891,france_champion_no,1782853413387,0.70061,0.70061,0.705,0.705,0.0,0.0,0.0,0.0,0.0,0.004390000000000005,0.004390000000000005,False
2026-06-30T21:03:33.738493+00:00,#2130,sweden_champion_yes,1782853413387,0.00033,0.00033,0.00225,0.00225,0.0,0.0,0.0,0.0,0.0,0.0019199999999999998,0.0019199999999999998,False
2026-06-30T21:03:33.738622+00:00,#2131,sweden_champion_no,1782853413387,0.99775,0.99775,0.99967,0.99967,0.0,0.0,0.0,0.0,0.0,0.0019199999999999218,0.0019199999999999218,False
2026-06-30T21:03:33.738735+00:00,#6740,France,1782853413387,0.87219,0.87219,0.877,0.877,0.0,0.0,0.0,0.0,0.0,0.004809999999999981,0.004809999999999981,False
2026-06-30T21:03:33.738866+00:00,#6741,Sweden,1782853413387,0.123,0.123,0.12781,0.12781,0.0,0.0,0.0,0.0,0.0,0.004810000000000009,0.004810000000000009,False
2026-06-30T21:03:34.418768+00:00,#1890,france_champion_yes,1782853413916,0.295,0.295,0.29939,0.29939,0.0,0.0,0.0,0.0,0.0,0.004390000000000005,0.004390000000000005,False
2026-06-30T21:03:34.419027+00:00,#1891,france_champion_no,1782853413916,0.70061,0.70061,0.705,0.705,0.0,0.0,0.0,0.0,0.0,0.004390000000000005,0.004390000000000005,False
2026-06-30T21:03:34.419141+00:00,#2130,sweden_champion_yes,1782853413916,0.00033,0.00033,0.00225,0.00225,0.0,0.0,0.0,0.0,0.0,0.0019199999999999998,0.0019199999999999998,False
2026-06-30T21:03:34.419243+00:00,#2131,sweden_champion_no,1782853413916,0.99775,0.99775,0.99967,0.99967,0.0,0.0,0.0,0.0,0.0,0.0019199999999999218,0.0019199999999999218,False
2026-06-30T21:03:34.419322+00:00,#6740,France,1782853413916,0.87219,0.87219,0.877,0.877,0.0,0.0,0.0,0.0,0.0,0.004809999999999981,0.004809999999999981,False
2026-06-30T21:03:34.419433+00:00,#6741,Sweden,1782853413916,0.123,0.123,0.12781,0.12781,0.0,0.0,0.0,0.0,0.0,0.004810000000000009,0.004810000000000009,False
2026-06-30T21:03:35.048234+00:00,#1890,france_champion_yes,1782853414470,0.295,0.295,0.29939,0.29939,0.0,0.0,0.0,0.0,0.0,0.004390000000000005,0.004390000000000005,False
2026-06-30T21:03:35.048481+00:00,#1891,france_champion_no,1782853414470,0.70061,0.70061,0.705,0.705,0.0,0.0,0.0,0.0,0.0,0.004390000000000005,0.004390000000000005,False
2026-06-30T21:03:35.048618+00:00,#2130,sweden_champion_yes,1782853414470,0.00033,0.00033,0.00225,0.00225,0.0,0.0,0.0,0.0,0.0,0.0019199999999999998,0.0019199999999999998,False
2026-06-30T21:03:35.048705+00:00,#2131,sweden_champion_no,1782853414470,0.99775,0.99775,0.99967,0.99967,0.0,0.0,0.0,0.0,0.0,0.0019199999999999218,0.0019199999999999218,False
2026-06-30T21:03:35.048800+00:00,#6740,France,1782853414470,0.87219,0.87219,0.877,0.877,0.0,0.0,0.0,0.0,0.0,0.004809999999999981,0.004809999999999981,False
2026-06-30T21:03:35.048907+00:00,#6741,Sweden,1782853414470,0.123,0.123,0.12781,0.12781,0.0,0.0,0.0,0.0,0.0,0.004810000000000009,0.004810000000000009,False
2026-06-30T21:03:35.884668+00:00,#1890,france_champion_yes,1782853415074,0.295,0.295,0.29939,0.29939,0.0,0.0,0.0,0.0,0.0,0.004390000000000005,0.004390000000000005,False
2026-06-30T21:03:35.884827+00:00,#1891,france_champion_no,1782853415074,0.70061,0.70061,0.705,0.705,0.0,0.0,0.0,0.0,0.0,0.004390000000000005,0.004390000000000005,False
2026-06-30T21:03:35.884965+00:00,#2130,sweden_champion_yes,1782853415074,0.00033,0.00033,0.00225,0.9,0.0,-5000.0,0.0,-11.25,0.448875,0.0019199999999999998,0.89967,True
2026-06-30T21:03:35.885124+00:00,#2131,sweden_champion_no,1782853415074,0.99775,0.1,0.99967,0.99967,-5000.0,0.0,-4988.75,0.0,-0.448875,0.0019199999999999218,0.89967,True
2026-06-30T21:03:35.885279+00:00,#6740,France,1782853415074,0.87219,0.87219,0.877,0.877,0.0,0.0,0.0,0.0,0.0,0.004809999999999981,0.004809999999999981,False
2026-06-30T21:03:35.885421+00:00,#6741,Sweden,1782853415074,0.123,0.123,0.12781,0.12781,0.0,0.0,0.0,0.0,0.0,0.004810000000000009,0.004810000000000009,False
2026-06-30T21:03:36.022211+00:00,#1890,france_champion_yes,1782853415576,0.295,0.295,0.29939,0.29939,0.0,0.0,0.0,0.0,0.0,0.004390000000000005,0.004390000000000005,False
2026-06-30T21:03:36.022321+00:00,#1891,france_champion_no,1782853415576,0.70061,0.70061,0.705,0.705,0.0,0.0,0.0,0.0,0.0,0.004390000000000005,0.004390000000000005,False
2026-06-30T21:03:36.022411+00:00,#2130,sweden_champion_yes,1782853415576,0.00033,0.00033,0.9,0.9,0.0,0.0,0.0,0.0,0.0,0.89967,0.89967,False
2026-06-30T21:03:36.022490+00:00,#2131,sweden_champion_no,1782853415576,0.1,0.1,0.99967,0.99967,0.0,0.0,0.0,0.0,0.0,0.89967,0.89967,False
2026-06-30T21:03:36.022563+00:00,#6740,France,1782853415576,0.87219,0.87219,0.877,0.877,0.0,0.0,0.0,0.0,0.0,0.004809999999999981,0.004809999999999981,False
2026-06-30T21:03:36.022642+00:00,#6741,Sweden,1782853415576,0.123,0.123,0.12781,0.12781,0.0,0.0,0.0,0.0,0.0,0.004810000000000009,0.004810000000000009,False
2026-06-30T21:03:36.602096+00:00,#1890,france_champion_yes,1782853416114,0.295,0.295,0.29939,0.30336,0.0,2754.0,0.0,909.52403,0.0019850000000000145,0.004390000000000005,0.008360000000000034,True
2026-06-30T21:03:36.602374+00:00,#1891,france_champion_no,1782853416114,0.70061,0.69664,0.705,0.705,2754.0,0.0,1844.4759700000004,0.0,-0.0019849999999999035,0.004390000000000005,0.008359999999999923,True
2026-06-30T21:03:36.602607+00:00,#2130,sweden_champion_yes,1782853416114,0.00033,0.00033,0.9,0.9,0.0,0.0,0.0,0.0,0.0,0.89967,0.89967,False
2026-06-30T21:03:36.602701+00:00,#2131,sweden_champion_no,1782853416114,0.1,0.1,0.99967,0.99967,0.0,0.0,0.0,0.0,0.0,0.89967,0.89967,False
2026-06-30T21:03:36.602772+00:00,#6740,France,1782853416114,0.87219,0.87219,0.877,0.877,0.0,0.0,0.0,0.0,0.0,0.004809999999999981,0.004809999999999981,False
2026-06-30T21:03:36.602867+00:00,#6741,Sweden,1782853416114,0.123,0.123,0.12781,0.12781,0.0,0.0,0.0,0.0,0.0,0.004810000000000009,0.004810000000000009,False
2026-06-30T21:03:37.199698+00:00,#1890,france_champion_yes,1782853416677,0.295,0.295,0.30336,0.30336,0.0,0.0,0.0,0.0,0.0,0.008360000000000034,0.008360000000000034,False
2026-06-30T21:03:37.200055+00:00,#1891,france_champion_no,1782853416677,0.69664,0.69664,0.705,0.705,0.0,0.0,0.0,0.0,0.0,0.008359999999999923,0.008359999999999923,False
2026-06-30T21:03:37.200294+00:00,#2130,sweden_champion_yes,1782853416677,0.00033,0.00033,0.9,0.9,0.0,0.0,0.0,0.0,0.0,0.89967,0.89967,False
2026-06-30T21:03:37.200501+00:00,#2131,sweden_champion_no,1782853416677,0.1,0.1,0.99967,0.99967,0.0,0.0,0.0,0.0,0.0,0.89967,0.89967,False
2026-06-30T21:03:37.200631+00:00,#6740,France,1782853416677,0.87219,0.87219,0.877,0.877,0.0,0.0,0.0,0.0,0.0,0.004809999999999981,0.004809999999999981,False
2026-06-30T21:03:37.200780+00:00,#6741,Sweden,1782853416677,0.123,0.123,0.12781,0.12781,0.0,0.0,0.0,0.0,0.0,0.004810000000000009,0.004810000000000009,False
2026-06-30T21:03:37.637147+00:00,#1890,france_champion_yes,1782853417216,0.295,0.295,0.30336,0.30336,0.0,0.0,0.0,0.0,0.0,0.008360000000000034,0.008360000000000034,False
2026-06-30T21:03:37.637327+00:00,#1891,france_champion_no,1782853417216,0.69664,0.69664,0.705,0.705,0.0,0.0,0.0,0.0,0.0,0.008359999999999923,0.008359999999999923,False
2026-06-30T21:03:37.637427+00:00,#2130,sweden_champion_yes,1782853417216,0.00033,0.00033,0.9,0.9,0.0,0.0,0.0,0.0,0.0,0.89967,0.89967,False
2026-06-30T21:03:37.637499+00:00,#2131,sweden_champion_no,1782853417216,0.1,0.1,0.99967,0.99967,0.0,0.0,0.0,0.0,0.0,0.89967,0.89967,False
2026-06-30T21:03:37.637565+00:00,#6740,France,1782853417216,0.87219,0.87219,0.877,0.877,0.0,0.0,0.0,0.0,0.0,0.004809999999999981,0.004809999999999981,False
2026-06-30T21:03:37.637647+00:00,#6741,Sweden,1782853417216,0.123,0.123,0.12781,0.12781,0.0,0.0,0.0,0.0,0.0,0.004810000000000009,0.004810000000000009,False
2026-06-30T21:03:38.197547+00:00,#1890,france_champion_yes,1782853417765,0.295,0.295,0.30336,0.30336,0.0,0.0,0.0,0.0,0.0,0.008360000000000034,0.008360000000000034,False
2026-06-30T21:03:38.197735+00:00,#1891,france_champion_no,1782853417765,0.69664,0.69664,0.705,0.705,0.0,0.0,0.0,0.0,0.0,0.008359999999999923,0.008359999999999923,False
2026-06-30T21:03:38.197829+00:00,#2130,sweden_champion_yes,1782853417765,0.00033,0.00033,0.9,0.9,0.0,0.0,0.0,0.0,0.0,0.89967,0.89967,False
2026-06-30T21:03:38.197906+00:00,#2131,sweden_champion_no,1782853417765,0.1,0.1,0.99967,0.99967,0.0,0.0,0.0,0.0,0.0,0.89967,0.89967,False
2026-06-30T21:03:38.197973+00:00,#6740,France,1782853417765,0.87219,0.87219,0.877,0.877,0.0,0.0,0.0,0.0,0.0,0.004809999999999981,0.004809999999999981,False
2026-06-30T21:03:38.198049+00:00,#6741,Sweden,1782853417765,0.123,0.123,0.12781,0.12781,0.0,0.0,0.0,0.0,0.0,0.004810000000000009,0.004810000000000009,False
2026-06-30T21:03:38.791339+00:00,#1890,france_champion_yes,1782853418307,0.295,0.295,0.30336,0.30336,0.0,0.0,0.0,0.0,0.0,0.008360000000000034,0.008360000000000034,False
2026-06-30T21:03:38.791564+00:00,#1891,france_champion_no,1782853418307,0.69664,0.69664,0.705,0.705,0.0,0.0,0.0,0.0,0.0,0.008359999999999923,0.008359999999999923,False
2026-06-30T21:03:38.791676+00:00,#2130,sweden_champion_yes,1782853418307,0.00033,0.00033,0.9,0.9,0.0,0.0,0.0,0.0,0.0,0.89967,0.89967,False
2026-06-30T21:03:38.791772+00:00,#2131,sweden_champion_no,1782853418307,0.1,0.1,0.99967,0.99967,0.0,0.0,0.0,0.0,0.0,0.89967,0.89967,False
2026-06-30T21:03:38.791885+00:00,#6740,France,1782853418307,0.87219,0.87219,0.877,0.877,0.0,0.0,0.0,0.0,0.0,0.004809999999999981,0.004809999999999981,False
2026-06-30T21:03:38.792004+00:00,#6741,Sweden,1782853418307,0.123,0.123,0.12781,0.12781,0.0,0.0,0.0,0.0,0.0,0.004810000000000009,0.004810000000000009,False
2026-06-30T21:03:39.301507+00:00,#1890,france_champion_yes,1782853418850,0.295,0.295,0.30336,0.30336,0.0,0.0,0.0,0.0,0.0,0.008360000000000034,0.008360000000000034,False
2026-06-30T21:03:39.301808+00:00,#1891,france_champion_no,1782853418850,0.69664,0.69664,0.705,0.705,0.0,0.0,0.0,0.0,0.0,0.008359999999999923,0.008359999999999923,False
2026-06-30T21:03:39.301978+00:00,#2130,sweden_champion_yes,1782853418850,0.00033,0.00033,0.9,0.9,0.0,0.0,0.0,0.0,0.0,0.89967,0.89967,False
2026-06-30T21:03:39.302159+00:00,#2131,sweden_champion_no,1782853418850,0.1,0.1,0.99967,0.99967,0.0,0.0,0.0,0.0,0.0,0.89967,0.89967,False
2026-06-30T21:03:39.302276+00:00,#6740,France,1782853418850,0.87219,0.87219,0.877,0.877,0.0,0.0,0.0,0.0,0.0,0.004809999999999981,0.004809999999999981,False
2026-06-30T21:03:39.302369+00:00,#6741,Sweden,1782853418850,0.123,0.123,0.12781,0.12781,0.0,0.0,0.0,0.0,0.0,0.004810000000000009,0.004810000000000009,False
2026-06-30T21:03:39.814134+00:00,#1890,france_champion_yes,1782853419410,0.295,0.295,0.30336,0.30336,0.0,0.0,0.0,0.0,0.0,0.008360000000000034,0.008360000000000034,False
2026-06-30T21:03:39.814325+00:00,#1891,france_champion_no,1782853419410,0.69664,0.69664,0.705,0.705,0.0,0.0,0.0,0.0,0.0,0.008359999999999923,0.008359999999999923,False
2026-06-30T21:03:39.814430+00:00,#2130,sweden_champion_yes,1782853419410,0.00033,0.00033,0.9,0.9,0.0,0.0,0.0,0.0,0.0,0.89967,0.89967,False
2026-06-30T21:03:39.814510+00:00,#2131,sweden_champion_no,1782853419410,0.1,0.1,0.99967,0.99967,0.0,0.0,0.0,0.0,0.0,0.89967,0.89967,False
2026-06-30T21:03:39.814584+00:00,#6740,France,1782853419410,0.87219,0.87219,0.877,0.877,0.0,0.0,0.0,0.0,0.0,0.004809999999999981,0.004809999999999981,False
2026-06-30T21:03:39.814663+00:00,#6741,Sweden,1782853419410,0.123,0.123,0.12781,0.12781,0.0,0.0,0.0,0.0,0.0,0.004810000000000009,0.004810000000000009,False
2026-06-30T21:03:40.660259+00:00,#1890,france_champion_yes,1782853419947,0.295,0.295,0.30336,0.30336,-50.0,0.0,-14.749999999999972,0.0,0.0,0.008360000000000034,0.008360000000000034,False
2026-06-30T21:03:40.660380+00:00,#1891,france_champion_no,1782853419947,0.69664,0.69664,0.705,0.705,0.0,-50.0,0.0,-35.25,0.0,0.008359999999999923,0.008359999999999923,False
2026-06-30T21:03:40.660502+00:00,#2130,sweden_champion_yes,1782853419947,0.00033,0.00033,0.9,0.9,0.0,0.0,0.0,0.0,0.0,0.89967,0.89967,False
2026-06-30T21:03:40.660571+00:00,#2131,sweden_champion_no,1782853419947,0.1,0.1,0.99967,0.99967,0.0,0.0,0.0,0.0,0.0,0.89967,0.89967,False
2026-06-30T21:03:40.660637+00:00,#6740,France,1782853419947,0.87219,0.87219,0.877,0.877,0.0,0.0,0.0,0.0,0.0,0.004809999999999981,0.004809999999999981,False
2026-06-30T21:03:40.660710+00:00,#6741,Sweden,1782853419947,0.123,0.123,0.12781,0.12781,0.0,0.0,0.0,0.0,0.0,0.004810000000000009,0.004810000000000009,False
2026-06-30T21:03:41.014093+00:00,#1890,france_champion_yes,1782853420506,0.295,0.295,0.30336,0.30336,0.0,0.0,0.0,0.0,0.0,0.008360000000000034,0.008360000000000034,False
2026-06-30T21:03:41.014291+00:00,#1891,france_champion_no,1782853420506,0.69664,0.69664,0.705,0.705,0.0,0.0,0.0,0.0,0.0,0.008359999999999923,0.008359999999999923,False
2026-06-30T21:03:41.014422+00:00,#2130,sweden_champion_yes,1782853420506,0.00033,0.00033,0.9,0.9,0.0,0.0,0.0,0.0,0.0,0.89967,0.89967,False
2026-06-30T21:03:41.014511+00:00,#2131,sweden_champion_no,1782853420506,0.1,0.1,0.99967,0.99967,0.0,0.0,0.0,0.0,0.0,0.89967,0.89967,False
2026-06-30T21:03:41.014588+00:00,#6740,France,1782853420506,0.87219,0.87219,0.877,0.877,0.0,0.0,0.0,0.0,0.0,0.004809999999999981,0.004809999999999981,False
2026-06-30T21:03:41.014673+00:00,#6741,Sweden,1782853420506,0.123,0.123,0.12781,0.12781,0.0,0.0,0.0,0.0,0.0,0.004810000000000009,0.004810000000000009,False
2026-06-30T21:03:41.615785+00:00,#1890,france_champion_yes,1782853421107,0.295,0.295,0.30336,0.30336,0.0,0.0,0.0,0.0,0.0,0.008360000000000034,0.008360000000000034,False
2026-06-30T21:03:41.615920+00:00,#1891,france_champion_no,1782853421107,0.69664,0.69664,0.705,0.705,0.0,0.0,0.0,0.0,0.0,0.008359999999999923,0.008359999999999923,False
2026-06-30T21:03:41.616052+00:00,#2130,sweden_champion_yes,1782853421107,0.00033,0.00033,0.9,0.00225,0.0,7500.0,0.0,2261.25,-0.448875,0.89967,0.0019199999999999998,True
2026-06-30T21:03:41.616176+00:00,#2131,sweden_champion_no,1782853421107,0.1,0.99775,0.99967,0.99967,7500.0,0.0,5238.75,0.0,0.448875,0.89967,0.0019199999999999218,True
2026-06-30T21:03:41.616298+00:00,#6740,France,1782853421107,0.87219,0.87219,0.877,0.877,0.0,-95.0,0.0,-81.83399999999892,0.0,0.004809999999999981,0.004809999999999981,False
2026-06-30T21:03:41.616409+00:00,#6741,Sweden,1782853421107,0.123,0.123,0.12781,0.12781,-95.0,0.0,-13.166000000000054,0.0,0.0,0.004810000000000009,0.004810000000000009,False
2026-06-30T21:03:41.974620+00:00,#1890,france_champion_yes,1782853421562,0.295,0.295,0.30336,0.30336,0.0,0.0,0.0,0.0,0.0,0.008360000000000034,0.008360000000000034,False
2026-06-30T21:03:41.974811+00:00,#1891,france_champion_no,1782853421562,0.69664,0.69664,0.705,0.705,0.0,0.0,0.0,0.0,0.0,0.008359999999999923,0.008359999999999923,False
2026-06-30T21:03:41.974902+00:00,#2130,sweden_champion_yes,1782853421562,0.00033,0.00033,0.00225,0.00225,0.0,0.0,0.0,0.0,0.0,0.0019199999999999998,0.0019199999999999998,False
2026-06-30T21:03:41.974977+00:00,#2131,sweden_champion_no,1782853421562,0.99775,0.99775,0.99967,0.99967,0.0,0.0,0.0,0.0,0.0,0.0019199999999999218,0.0019199999999999218,False
2026-06-30T21:03:41.975047+00:00,#6740,France,1782853421562,0.87219,0.87219,0.877,0.877,0.0,-29.0,0.0,-26.90140000000065,0.0,0.004809999999999981,0.004809999999999981,False
2026-06-30T21:03:41.975123+00:00,#6741,Sweden,1782853421562,0.123,0.123,0.12781,0.12781,-29.0,0.0,-2.098600000000033,0.0,0.0,0.004810000000000009,0.004810000000000009,False
2026-06-30T21:03:42.598020+00:00,#1890,france_champion_yes,1782853422168,0.295,0.295,0.30336,0.30336,0.0,0.0,0.0,0.0,0.0,0.008360000000000034,0.008360000000000034,False
2026-06-30T21:03:42.598269+00:00,#1891,france_champion_no,1782853422168,0.69664,0.69664,0.705,0.705,0.0,0.0,0.0,0.0,0.0,0.008359999999999923,0.008359999999999923,False
2026-06-30T21:03:42.598391+00:00,#2130,sweden_champion_yes,1782853422168,0.00033,0.00033,0.00225,0.00225,0.0,0.0,0.0,0.0,0.0,0.0019199999999999998,0.0019199999999999998,False
2026-06-30T21:03:42.598508+00:00,#2131,sweden_champion_no,1782853422168,0.99775,0.99775,0.99967,0.99967,0.0,0.0,0.0,0.0,0.0,0.0019199999999999218,0.0019199999999999218,False
2026-06-30T21:03:42.598590+00:00,#6740,France,1782853422168,0.87219,0.87219,0.877,0.877,0.0,0.0,0.0,0.0,0.0,0.004809999999999981,0.004809999999999981,False
2026-06-30T21:03:42.598677+00:00,#6741,Sweden,1782853422168,0.123,0.123,0.12781,0.12781,0.0,0.0,0.0,0.0,0.0,0.004810000000000009,0.004810000000000009,False
2026-06-30T21:03:43.276744+00:00,#1890,france_champion_yes,1782853422685,0.295,0.295,0.30336,0.30336,0.0,0.0,0.0,0.0,0.0,0.008360000000000034,0.008360000000000034,False
2026-06-30T21:03:43.276997+00:00,#1891,france_champion_no,1782853422685,0.69664,0.69664,0.705,0.705,0.0,0.0,0.0,0.0,0.0,0.008359999999999923,0.008359999999999923,False
2026-06-30T21:03:43.277102+00:00,#2130,sweden_champion_yes,1782853422685,0.00033,0.00033,0.00225,0.00225,0.0,0.0,0.0,0.0,0.0,0.0019199999999999998,0.0019199999999999998,False
2026-06-30T21:03:43.277186+00:00,#2131,sweden_champion_no,1782853422685,0.99775,0.99775,0.99967,0.99967,0.0,0.0,0.0,0.0,0.0,0.0019199999999999218,0.0019199999999999218,False
2026-06-30T21:03:43.277266+00:00,#6740,France,1782853422685,0.87219,0.87219,0.877,0.877,7200.0,0.0,6280.602000000002,0.0,0.0,0.004809999999999981,0.004809999999999981,True
2026-06-30T21:03:43.277387+00:00,#6741,Sweden,1782853422685,0.123,0.123,0.12781,0.12781,0.0,7200.0,0.0,919.3980000000004,0.0,0.004810000000000009,0.004810000000000009,True
2026-06-30T21:03:43.595580+00:00,#1890,france_champion_yes,1782853423151,0.295,0.295,0.30336,0.30336,-130.0,0.0,-36.51014000000001,0.0,0.0,0.008360000000000034,0.008360000000000034,False
2026-06-30T21:03:43.595800+00:00,#1891,france_champion_no,1782853423151,0.69664,0.69664,0.705,0.705,0.0,-130.0,0.0,-93.48986000000002,0.0,0.008359999999999923,0.008359999999999923,False
2026-06-30T21:03:43.595899+00:00,#2130,sweden_champion_yes,1782853423151,0.00033,0.00033,0.00225,0.00225,0.0,0.0,0.0,0.0,0.0,0.0019199999999999998,0.0019199999999999998,False
2026-06-30T21:03:43.595976+00:00,#2131,sweden_champion_no,1782853423151,0.99775,0.99775,0.99967,0.99967,0.0,0.0,0.0,0.0,0.0,0.0019199999999999218,0.0019199999999999218,False
2026-06-30T21:03:43.596047+00:00,#6740,France,1782853423151,0.87219,0.87209,0.877,0.877,-7200.0,0.0,-6281.352000000002,0.0,-4.999999999999449e-05,0.004809999999999981,0.00490999999999997,True
2026-06-30T21:03:43.596147+00:00,#6741,Sweden,1782853423151,0.123,0.123,0.12781,0.12791,0.0,-7200.0,0.0,-918.6480000000004,4.999999999999449e-05,0.004810000000000009,0.004909999999999998,True
2026-06-30T21:03:44.136801+00:00,#1890,france_champion_yes,1782853423687,0.295,0.295,0.30336,0.30336,127.0,0.0,35.73382000000001,0.0,0.0,0.008360000000000034,0.008360000000000034,False
2026-06-30T21:03:44.137000+00:00,#1891,france_champion_no,1782853423687,0.69664,0.69664,0.705,0.705,0.0,127.0,0.0,91.26617999999996,0.0,0.008359999999999923,0.008359999999999923,False
2026-06-30T21:03:44.137098+00:00,#2130,sweden_champion_yes,1782853423687,0.00033,0.00033,0.00225,0.00225,0.0,0.0,0.0,0.0,0.0,0.0019199999999999998,0.0019199999999999998,False
2026-06-30T21:03:44.137176+00:00,#2131,sweden_champion_no,1782853423687,0.99775,0.99775,0.99967,0.99967,0.0,0.0,0.0,0.0,0.0,0.0019199999999999218,0.0019199999999999218,False
2026-06-30T21:03:44.137247+00:00,#6740,France,1782853423687,0.87209,0.87209,0.877,0.877,0.0,0.0,0.0,0.0,0.0,0.00490999999999997,0.00490999999999997,False
2026-06-30T21:03:44.137322+00:00,#6741,Sweden,1782853423687,0.123,0.123,0.12791,0.12791,0.0,0.0,0.0,0.0,0.0,0.004909999999999998,0.004909999999999998,False
2026-06-30T21:03:44.652528+00:00,#1890,france_champion_yes,1782853424217,0.295,0.295,0.30336,0.30336,0.0,0.0,0.0,0.0,0.0,0.008360000000000034,0.008360000000000034,False
2026-06-30T21:03:44.652774+00:00,#1891,france_champion_no,1782853424217,0.69664,0.69664,0.705,0.705,0.0,0.0,0.0,0.0,0.0,0.008359999999999923,0.008359999999999923,False
2026-06-30T21:03:44.652911+00:00,#2130,sweden_champion_yes,1782853424217,0.00033,0.00033,0.00225,0.00225,0.0,0.0,0.0,0.0,0.0,0.0019199999999999998,0.0019199999999999998,False
2026-06-30T21:03:44.653006+00:00,#2131,sweden_champion_no,1782853424217,0.99775,0.99775,0.99967,0.99967,0.0,0.0,0.0,0.0,0.0,0.0019199999999999218,0.0019199999999999218,False
2026-06-30T21:03:44.653089+00:00,#6740,France,1782853424217,0.87209,0.87209,0.877,0.877,0.0,0.0,0.0,0.0,0.0,0.00490999999999997,0.00490999999999997,False
2026-06-30T21:03:44.653169+00:00,#6741,Sweden,1782853424217,0.123,0.123,0.12791,0.12791,0.0,0.0,0.0,0.0,0.0,0.004909999999999998,0.004909999999999998,False
2026-06-30T21:03:45.329417+00:00,#1890,france_champion_yes,1782853424763,0.295,0.295,0.30336,0.30336,0.0,0.0,0.0,0.0,0.0,0.008360000000000034,0.008360000000000034,False
2026-06-30T21:03:45.329592+00:00,#1891,france_champion_no,1782853424763,0.69664,0.69664,0.705,0.705,0.0,0.0,0.0,0.0,0.0,0.008359999999999923,0.008359999999999923,False
2026-06-30T21:03:45.329716+00:00,#2130,sweden_champion_yes,1782853424763,0.00033,0.00033,0.00225,0.00225,0.0,0.0,0.0,0.0,0.0,0.0019199999999999998,0.0019199999999999998,False
2026-06-30T21:03:45.329818+00:00,#2131,sweden_champion_no,1782853424763,0.99775,0.99775,0.99967,0.99967,0.0,0.0,0.0,0.0,0.0,0.0019199999999999218,0.0019199999999999218,False
2026-06-30T21:03:45.329913+00:00,#6740,France,1782853424763,0.87209,0.87209,0.877,0.877,0.0,0.0,0.0,0.0,0.0,0.00490999999999997,0.00490999999999997,False
2026-06-30T21:03:45.330024+00:00,#6741,Sweden,1782853424763,0.123,0.123,0.12791,0.12791,0.0,0.0,0.0,0.0,0.0,0.004909999999999998,0.004909999999999998,False
2026-06-30T21:03:45.793434+00:00,#1890,france_champion_yes,1782853425303,0.295,0.295,0.30336,0.30336,0.0,0.0,0.0,0.0,0.0,0.008360000000000034,0.008360000000000034,False
2026-06-30T21:03:45.793670+00:00,#1891,france_champion_no,1782853425303,0.69664,0.69664,0.705,0.705,0.0,0.0,0.0,0.0,0.0,0.008359999999999923,0.008359999999999923,False
2026-06-30T21:03:45.793760+00:00,#2130,sweden_champion_yes,1782853425303,0.00033,0.00033,0.00225,0.00225,0.0,0.0,0.0,0.0,0.0,0.0019199999999999998,0.0019199999999999998,False
2026-06-30T21:03:45.793836+00:00,#2131,sweden_champion_no,1782853425303,0.99775,0.99775,0.99967,0.99967,0.0,0.0,0.0,0.0,0.0,0.0019199999999999218,0.0019199999999999218,False
2026-06-30T21:03:45.793909+00:00,#6740,France,1782853425303,0.87209,0.87209,0.877,0.877,0.0,0.0,0.0,0.0,0.0,0.00490999999999997,0.00490999999999997,False
2026-06-30T21:03:45.793985+00:00,#6741,Sweden,1782853425303,0.123,0.123,0.12791,0.12791,0.0,0.0,0.0,0.0,0.0,0.004909999999999998,0.004909999999999998,False
2026-06-30T21:03:46.292128+00:00,#1890,france_champion_yes,1782853425866,0.295,0.295,0.30336,0.30336,0.0,0.0,0.0,0.0,0.0,0.008360000000000034,0.008360000000000034,False
2026-06-30T21:03:46.292351+00:00,#1891,france_champion_no,1782853425866,0.69664,0.69664,0.705,0.705,0.0,0.0,0.0,0.0,0.0,0.008359999999999923,0.008359999999999923,False
2026-06-30T21:03:46.292469+00:00,#2130,sweden_champion_yes,1782853425866,0.00033,0.00033,0.00225,0.00225,0.0,0.0,0.0,0.0,0.0,0.0019199999999999998,0.0019199999999999998,False
2026-06-30T21:03:46.292546+00:00,#2131,sweden_champion_no,1782853425866,0.99775,0.99775,0.99967,0.99967,0.0,0.0,0.0,0.0,0.0,0.0019199999999999218,0.0019199999999999218,False
2026-06-30T21:03:46.292619+00:00,#6740,France,1782853425866,0.87209,0.87209,0.877,0.877,0.0,0.0,0.0,0.0,0.0,0.00490999999999997,0.00490999999999997,False
2026-06-30T21:03:46.292698+00:00,#6741,Sweden,1782853425866,0.123,0.123,0.12791,0.12791,0.0,0.0,0.0,0.0,0.0,0.004909999999999998,0.004909999999999998,False
2026-06-30T21:03:46.889392+00:00,#1890,france_champion_yes,1782853426396,0.295,0.295,0.30336,0.30336,0.0,0.0,0.0,0.0,0.0,0.008360000000000034,0.008360000000000034,False
2026-06-30T21:03:46.889606+00:00,#1891,france_champion_no,1782853426396,0.69664,0.69664,0.705,0.705,0.0,0.0,0.0,0.0,0.0,0.008359999999999923,0.008359999999999923,False
2026-06-30T21:03:46.889742+00:00,#2130,sweden_champion_yes,1782853426396,0.00033,0.00033,0.00225,0.00225,0.0,-2500.0,0.0,-2250.0,0.0,0.0019199999999999998,0.0019199999999999998,True
2026-06-30T21:03:46.889850+00:00,#2131,sweden_champion_no,1782853426396,0.99775,0.99775,0.99967,0.99967,-2500.0,0.0,-250.0,0.0,0.0,0.0019199999999999218,0.0019199999999999218,True
2026-06-30T21:03:46.889942+00:00,#6740,France,1782853426396,0.87209,0.87209,0.877,0.877,0.0,0.0,0.0,0.0,0.0,0.00490999999999997,0.00490999999999997,False
2026-06-30T21:03:46.890022+00:00,#6741,Sweden,1782853426396,0.123,0.123,0.12791,0.12791,0.0,0.0,0.0,0.0,0.0,0.004909999999999998,0.004909999999999998,False
2026-06-30T21:03:48.967920+00:00,#1890,france_champion_yes,1782853426900,0.295,0.295,0.30336,0.30336,0.0,0.0,0.0,0.0,0.0,0.008360000000000034,0.008360000000000034,False
2026-06-30T21:03:48.968010+00:00,#1891,france_champion_no,1782853426900,0.69664,0.69664,0.705,0.705,0.0,0.0,0.0,0.0,0.0,0.008359999999999923,0.008359999999999923,False
2026-06-30T21:03:48.968091+00:00,#2130,sweden_champion_yes,1782853426900,0.00033,0.00033,0.00225,0.00225,0.0,0.0,0.0,0.0,0.0,0.0019199999999999998,0.0019199999999999998,False
2026-06-30T21:03:48.968205+00:00,#2131,sweden_champion_no,1782853426900,0.99775,0.99775,0.99967,0.99967,0.0,0.0,0.0,0.0,0.0,0.0019199999999999218,0.0019199999999999218,False
2026-06-30T21:03:48.968310+00:00,#6740,France,1782853426900,0.87209,0.87209,0.877,0.877,0.0,0.0,0.0,0.0,0.0,0.00490999999999997,0.00490999999999997,False
2026-06-30T21:03:48.968412+00:00,#6741,Sweden,1782853426900,0.123,0.123,0.12791,0.12791,0.0,0.0,0.0,0.0,0.0,0.004909999999999998,0.004909999999999998,False
2026-06-30T21:03:48.968530+00:00,#1890,france_champion_yes,1782853427444,0.295,0.295,0.30336,0.29927,0.0,-2722.0,0.0,-899.9501499999999,-0.002045000000000019,0.008360000000000034,0.004269999999999996,True
2026-06-30T21:03:48.968627+00:00,#1891,france_champion_no,1782853427444,0.69664,0.70073,0.705,0.705,-2722.0,0.0,-1822.0498500000003,0.0,0.0020449999999999635,0.008359999999999923,0.004269999999999996,True
2026-06-30T21:03:48.968749+00:00,#2130,sweden_champion_yes,1782853427444,0.00033,0.00033,0.00225,0.00225,0.0,0.0,0.0,0.0,0.0,0.0019199999999999998,0.0019199999999999998,False
2026-06-30T21:03:48.968818+00:00,#2131,sweden_champion_no,1782853427444,0.99775,0.99775,0.99967,0.99967,0.0,0.0,0.0,0.0,0.0,0.0019199999999999218,0.0019199999999999218,False
2026-06-30T21:03:48.968909+00:00,#6740,France,1782853427444,0.87209,0.87209,0.877,0.877,0.0,0.0,0.0,0.0,0.0,0.00490999999999997,0.00490999999999997,False
2026-06-30T21:03:48.968982+00:00,#6741,Sweden,1782853427444,0.123,0.123,0.12791,0.12791,0.0,0.0,0.0,0.0,0.0,0.004909999999999998,0.004909999999999998,False
2026-06-30T21:03:48.969112+00:00,#1890,france_champion_yes,1782853427979,0.295,0.295,0.29927,0.29927,0.0,0.0,0.0,0.0,0.0,0.004269999999999996,0.004269999999999996,False
2026-06-30T21:03:48.969186+00:00,#1891,france_champion_no,1782853427979,0.70073,0.70073,0.705,0.705,0.0,0.0,0.0,0.0,0.0,0.004269999999999996,0.004269999999999996,False
2026-06-30T21:03:48.969259+00:00,#2130,sweden_champion_yes,1782853427979,0.00033,0.00033,0.00225,0.00225,0.0,0.0,0.0,0.0,0.0,0.0019199999999999998,0.0019199999999999998,False
2026-06-30T21:03:48.969325+00:00,#2131,sweden_champion_no,1782853427979,0.99775,0.99775,0.99967,0.99967,0.0,0.0,0.0,0.0,0.0,0.0019199999999999218,0.0019199999999999218,False
2026-06-30T21:03:48.969392+00:00,#6740,France,1782853427979,0.87209,0.87209,0.877,0.877,0.0,0.0,0.0,0.0,0.0,0.00490999999999997,0.00490999999999997,False
2026-06-30T21:03:48.969470+00:00,#6741,Sweden,1782853427979,0.123,0.123,0.12791,0.12791,0.0,0.0,0.0,0.0,0.0,0.004909999999999998,0.004909999999999998,False
2026-06-30T21:03:48.969544+00:00,#1890,france_champion_yes,1782853428507,0.295,0.295,0.29927,0.29927,0.0,0.0,0.0,0.0,0.0,0.004269999999999996,0.004269999999999996,False
2026-06-30T21:03:48.969622+00:00,#1891,france_champion_no,1782853428507,0.70073,0.70073,0.705,0.705,0.0,0.0,0.0,0.0,0.0,0.004269999999999996,0.004269999999999996,False
2026-06-30T21:03:48.969696+00:00,#2130,sweden_champion_yes,1782853428507,0.00033,0.00033,0.00225,0.00225,0.0,0.0,0.0,0.0,0.0,0.0019199999999999998,0.0019199999999999998,False
2026-06-30T21:03:48.969761+00:00,#2131,sweden_champion_no,1782853428507,0.99775,0.99775,0.99967,0.99967,0.0,0.0,0.0,0.0,0.0,0.0019199999999999218,0.0019199999999999218,False
2026-06-30T21:03:48.969827+00:00,#6740,France,1782853428507,0.87209,0.87209,0.877,0.877,0.0,0.0,0.0,0.0,0.0,0.00490999999999997,0.00490999999999997,False
2026-06-30T21:03:48.969928+00:00,#6741,Sweden,1782853428507,0.123,0.123,0.12791,0.12791,0.0,0.0,0.0,0.0,0.0,0.004909999999999998,0.004909999999999998,False
2026-06-30T21:03:49.537195+00:00,#1890,france_champion_yes,1782853429050,0.295,0.295,0.29927,0.29927,0.0,0.0,0.0,0.0,0.0,0.004269999999999996,0.004269999999999996,False
2026-06-30T21:03:49.537466+00:00,#1891,france_champion_no,1782853429050,0.70073,0.70073,0.705,0.705,0.0,0.0,0.0,0.0,0.0,0.004269999999999996,0.004269999999999996,False
2026-06-30T21:03:49.537642+00:00,#2130,sweden_champion_yes,1782853429050,0.00033,0.00033,0.00225,0.00225,0.0,0.0,0.0,0.0,0.0,0.0019199999999999998,0.0019199999999999998,False
2026-06-30T21:03:49.537757+00:00,#2131,sweden_champion_no,1782853429050,0.99775,0.99775,0.99967,0.99967,0.0,0.0,0.0,0.0,0.0,0.0019199999999999218,0.0019199999999999218,False
2026-06-30T21:03:49.537844+00:00,#6740,France,1782853429050,0.87209,0.87209,0.877,0.877,0.0,0.0,0.0,0.0,0.0,0.00490999999999997,0.00490999999999997,False
2026-06-30T21:03:49.537929+00:00,#6741,Sweden,1782853429050,0.123,0.123,0.12791,0.12791,0.0,0.0,0.0,0.0,0.0,0.004909999999999998,0.004909999999999998,False
2026-06-30T21:03:50.025546+00:00,#1890,france_champion_yes,1782853429587,0.295,0.295,0.29927,0.29927,0.0,0.0,0.0,0.0,0.0,0.004269999999999996,0.004269999999999996,False
2026-06-30T21:03:50.025791+00:00,#1891,france_champion_no,1782853429587,0.70073,0.70073,0.705,0.705,0.0,0.0,0.0,0.0,0.0,0.004269999999999996,0.004269999999999996,False
2026-06-30T21:03:50.025902+00:00,#2130,sweden_champion_yes,1782853429587,0.00033,0.00033,0.00225,0.00225,0.0,0.0,0.0,0.0,0.0,0.0019199999999999998,0.0019199999999999998,False
2026-06-30T21:03:50.025985+00:00,#2131,sweden_champion_no,1782853429587,0.99775,0.99775,0.99967,0.99967,0.0,0.0,0.0,0.0,0.0,0.0019199999999999218,0.0019199999999999218,False
2026-06-30T21:03:50.026064+00:00,#6740,France,1782853429587,0.87209,0.87209,0.877,0.877,0.0,0.0,0.0,0.0,0.0,0.00490999999999997,0.00490999999999997,False
2026-06-30T21:03:50.026150+00:00,#6741,Sweden,1782853429587,0.123,0.123,0.12791,0.12791,0.0,0.0,0.0,0.0,0.0,0.004909999999999998,0.004909999999999998,False
2026-06-30T21:03:51.045219+00:00,#1890,france_champion_yes,1782853430191,0.295,0.295,0.29927,0.29927,0.0,0.0,0.0,0.0,0.0,0.004269999999999996,0.004269999999999996,False
2026-06-30T21:03:51.045317+00:00,#1891,france_champion_no,1782853430191,0.70073,0.70073,0.705,0.705,0.0,0.0,0.0,0.0,0.0,0.004269999999999996,0.004269999999999996,False
2026-06-30T21:03:51.045395+00:00,#2130,sweden_champion_yes,1782853430191,0.00033,0.00033,0.00225,0.00225,0.0,0.0,0.0,0.0,0.0,0.0019199999999999998,0.0019199999999999998,False
2026-06-30T21:03:51.045481+00:00,#2131,sweden_champion_no,1782853430191,0.99775,0.99775,0.99967,0.99967,0.0,0.0,0.0,0.0,0.0,0.0019199999999999218,0.0019199999999999218,False
2026-06-30T21:03:51.045558+00:00,#6740,France,1782853430191,0.87209,0.87209,0.877,0.877,0.0,0.0,0.0,0.0,0.0,0.00490999999999997,0.00490999999999997,False
2026-06-30T21:03:51.045637+00:00,#6741,Sweden,1782853430191,0.123,0.123,0.12791,0.12791,0.0,0.0,0.0,0.0,0.0,0.004909999999999998,0.004909999999999998,False
2026-06-30T21:03:51.184552+00:00,#1890,france_champion_yes,1782853430637,0.295,0.295,0.29927,0.29927,0.0,0.0,0.0,0.0,0.0,0.004269999999999996,0.004269999999999996,False
2026-06-30T21:03:51.184688+00:00,#1891,france_champion_no,1782853430637,0.70073,0.70073,0.705,0.705,0.0,0.0,0.0,0.0,0.0,0.004269999999999996,0.004269999999999996,False
2026-06-30T21:03:51.184782+00:00,#2130,sweden_champion_yes,1782853430637,0.00033,0.00033,0.00225,0.00225,0.0,0.0,0.0,0.0,0.0,0.0019199999999999998,0.0019199999999999998,False
2026-06-30T21:03:51.184863+00:00,#2131,sweden_champion_no,1782853430637,0.99775,0.99775,0.99967,0.99967,0.0,0.0,0.0,0.0,0.0,0.0019199999999999218,0.0019199999999999218,False
2026-06-30T21:03:51.184939+00:00,#6740,France,1782853430637,0.87209,0.87209,0.877,0.877,0.0,0.0,0.0,0.0,0.0,0.00490999999999997,0.00490999999999997,False
2026-06-30T21:03:51.185023+00:00,#6741,Sweden,1782853430637,0.123,0.123,0.12791,0.12791,0.0,0.0,0.0,0.0,0.0,0.004909999999999998,0.004909999999999998,False
2026-06-30T21:03:51.606060+00:00,#1890,france_champion_yes,1782853431179,0.295,0.295,0.29927,0.29927,0.0,0.0,0.0,0.0,0.0,0.004269999999999996,0.004269999999999996,False
2026-06-30T21:03:51.606393+00:00,#1891,france_champion_no,1782853431179,0.70073,0.70073,0.705,0.705,0.0,0.0,0.0,0.0,0.0,0.004269999999999996,0.004269999999999996,False
2026-06-30T21:03:51.606607+00:00,#2130,sweden_champion_yes,1782853431179,0.00033,0.00033,0.00225,0.00225,0.0,0.0,0.0,0.0,0.0,0.0019199999999999998,0.0019199999999999998,False
2026-06-30T21:03:51.606780+00:00,#2131,sweden_champion_no,1782853431179,0.99775,0.99775,0.99967,0.99967,0.0,0.0,0.0,0.0,0.0,0.0019199999999999218,0.0019199999999999218,False
2026-06-30T21:03:51.606914+00:00,#6740,France,1782853431179,0.87209,0.87209,0.877,0.877,0.0,0.0,0.0,0.0,0.0,0.00490999999999997,0.00490999999999997,False
2026-06-30T21:03:51.607081+00:00,#6741,Sweden,1782853431179,0.123,0.123,0.12791,0.12791,0.0,0.0,0.0,0.0,0.0,0.004909999999999998,0.004909999999999998,False
2026-06-30T21:03:52.138834+00:00,#1890,france_champion_yes,1782853431714,0.295,0.295,0.29927,0.29927,0.0,0.0,0.0,0.0,0.0,0.004269999999999996,0.004269999999999996,False
2026-06-30T21:03:52.139028+00:00,#1891,france_champion_no,1782853431714,0.70073,0.70073,0.705,0.705,0.0,0.0,0.0,0.0,0.0,0.004269999999999996,0.004269999999999996,False
2026-06-30T21:03:52.139118+00:00,#2130,sweden_champion_yes,1782853431714,0.00033,0.00033,0.00225,0.00225,0.0,0.0,0.0,0.0,0.0,0.0019199999999999998,0.0019199999999999998,False
2026-06-30T21:03:52.139197+00:00,#2131,sweden_champion_no,1782853431714,0.99775,0.99775,0.99967,0.99967,0.0,0.0,0.0,0.0,0.0,0.0019199999999999218,0.0019199999999999218,False
2026-06-30T21:03:52.139267+00:00,#6740,France,1782853431714,0.87209,0.87209,0.877,0.877,0.0,0.0,0.0,0.0,0.0,0.00490999999999997,0.00490999999999997,False
2026-06-30T21:03:52.139343+00:00,#6741,Sweden,1782853431714,0.123,0.123,0.12791,0.12791,0.0,0.0,0.0,0.0,0.0,0.004909999999999998,0.004909999999999998,False
2026-06-30T21:03:52.683028+00:00,#1890,france_champion_yes,1782853432252,0.295,0.295,0.29927,0.29927,0.0,0.0,0.0,0.0,0.0,0.004269999999999996,0.004269999999999996,False
2026-06-30T21:03:52.683246+00:00,#1891,france_champion_no,1782853432252,0.70073,0.70073,0.705,0.705,0.0,0.0,0.0,0.0,0.0,0.004269999999999996,0.004269999999999996,False
2026-06-30T21:03:52.683345+00:00,#2130,sweden_champion_yes,1782853432252,0.00033,0.00033,0.00225,0.00225,0.0,0.0,0.0,0.0,0.0,0.0019199999999999998,0.0019199999999999998,False
2026-06-30T21:03:52.683451+00:00,#2131,sweden_champion_no,1782853432252,0.99775,0.99775,0.99967,0.99967,0.0,0.0,0.0,0.0,0.0,0.0019199999999999218,0.0019199999999999218,False
2026-06-30T21:03:52.683583+00:00,#6740,France,1782853432252,0.87209,0.87209,0.877,0.877,0.0,0.0,0.0,0.0,0.0,0.00490999999999997,0.00490999999999997,False
2026-06-30T21:03:52.683727+00:00,#6741,Sweden,1782853432252,0.123,0.123,0.12791,0.12791,0.0,0.0,0.0,0.0,0.0,0.004909999999999998,0.004909999999999998,False
2026-06-30T21:03:53.375222+00:00,#1890,france_champion_yes,1782853432804,0.295,0.295,0.29927,0.29927,0.0,0.0,0.0,0.0,0.0,0.004269999999999996,0.004269999999999996,False
2026-06-30T21:03:53.375437+00:00,#1891,france_champion_no,1782853432804,0.70073,0.70073,0.705,0.705,0.0,0.0,0.0,0.0,0.0,0.004269999999999996,0.004269999999999996,False
2026-06-30T21:03:53.375547+00:00,#2130,sweden_champion_yes,1782853432804,0.00033,0.00033,0.00225,0.00225,0.0,0.0,0.0,0.0,0.0,0.0019199999999999998,0.0019199999999999998,False
2026-06-30T21:03:53.375640+00:00,#2131,sweden_champion_no,1782853432804,0.99775,0.99775,0.99967,0.99967,0.0,0.0,0.0,0.0,0.0,0.0019199999999999218,0.0019199999999999218,False
2026-06-30T21:03:53.375724+00:00,#6740,France,1782853432804,0.87209,0.87209,0.877,0.877,0.0,0.0,0.0,0.0,0.0,0.00490999999999997,0.00490999999999997,False
2026-06-30T21:03:53.375812+00:00,#6741,Sweden,1782853432804,0.123,0.123,0.12791,0.12791,0.0,0.0,0.0,0.0,0.0,0.004909999999999998,0.004909999999999998,False
2026-06-30T21:03:53.771881+00:00,#1890,france_champion_yes,1782853433332,0.295,0.295,0.29927,0.29927,0.0,0.0,0.0,0.0,0.0,0.004269999999999996,0.004269999999999996,False
2026-06-30T21:03:53.772091+00:00,#1891,france_champion_no,1782853433332,0.70073,0.70073,0.705,0.705,0.0,0.0,0.0,0.0,0.0,0.004269999999999996,0.004269999999999996,False
2026-06-30T21:03:53.772177+00:00,#2130,sweden_champion_yes,1782853433332,0.00033,0.00033,0.00225,0.00225,0.0,0.0,0.0,0.0,0.0,0.0019199999999999998,0.0019199999999999998,False
2026-06-30T21:03:53.772258+00:00,#2131,sweden_champion_no,1782853433332,0.99775,0.99775,0.99967,0.99967,0.0,0.0,0.0,0.0,0.0,0.0019199999999999218,0.0019199999999999218,False
2026-06-30T21:03:53.772335+00:00,#6740,France,1782853433332,0.87209,0.87209,0.877,0.877,0.0,0.0,0.0,0.0,0.0,0.00490999999999997,0.00490999999999997,False
2026-06-30T21:03:53.772426+00:00,#6741,Sweden,1782853433332,0.123,0.123,0.12791,0.12791,0.0,0.0,0.0,0.0,0.0,0.004909999999999998,0.004909999999999998,False
2026-06-30T21:03:54.302067+00:00,#1890,france_champion_yes,1782853433876,0.295,0.295,0.29927,0.29927,0.0,0.0,0.0,0.0,0.0,0.004269999999999996,0.004269999999999996,False
2026-06-30T21:03:54.302249+00:00,#1891,france_champion_no,1782853433876,0.70073,0.70073,0.705,0.705,0.0,0.0,0.0,0.0,0.0,0.004269999999999996,0.004269999999999996,False
2026-06-30T21:03:54.302348+00:00,#2130,sweden_champion_yes,1782853433876,0.00033,0.00033,0.00225,0.00225,0.0,0.0,0.0,0.0,0.0,0.0019199999999999998,0.0019199999999999998,False
2026-06-30T21:03:54.302440+00:00,#2131,sweden_champion_no,1782853433876,0.99775,0.99775,0.99967,0.99967,0.0,0.0,0.0,0.0,0.0,0.0019199999999999218,0.0019199999999999218,False
2026-06-30T21:03:54.302512+00:00,#6740,France,1782853433876,0.87209,0.87209,0.877,0.877,0.0,0.0,0.0,0.0,0.0,0.00490999999999997,0.00490999999999997,False
2026-06-30T21:03:54.302586+00:00,#6741,Sweden,1782853433876,0.123,0.123,0.12791,0.12791,0.0,0.0,0.0,0.0,0.0,0.004909999999999998,0.004909999999999998,False
2026-06-30T21:03:54.879314+00:00,#1890,france_champion_yes,1782853434423,0.295,0.295,0.29927,0.30336,0.0,2722.0,0.0,899.9501499999999,0.002045000000000019,0.004269999999999996,0.008360000000000034,True
2026-06-30T21:03:54.879569+00:00,#1891,france_champion_no,1782853434423,0.70073,0.69664,0.705,0.705,2722.0,0.0,1822.0498500000003,0.0,-0.0020449999999999635,0.004269999999999996,0.008359999999999923,True
2026-06-30T21:03:54.879674+00:00,#2130,sweden_champion_yes,1782853434423,0.00033,0.00033,0.00225,0.00225,0.0,0.0,0.0,0.0,0.0,0.0019199999999999998,0.0019199999999999998,False
2026-06-30T21:03:54.879755+00:00,#2131,sweden_champion_no,1782853434423,0.99775,0.99775,0.99967,0.99967,0.0,0.0,0.0,0.0,0.0,0.0019199999999999218,0.0019199999999999218,False
2026-06-30T21:03:54.879833+00:00,#6740,France,1782853434423,0.87209,0.87209,0.877,0.877,-2050.0,0.0,-1787.7844999999998,0.0,0.0,0.00490999999999997,0.00490999999999997,True
2026-06-30T21:03:54.879928+00:00,#6741,Sweden,1782853434423,0.123,0.123,0.12791,0.12791,0.0,-2050.0,0.0,-262.2154999999998,0.0,0.004909999999999998,0.004909999999999998,True
2026-06-30T21:03:55.687580+00:00,#1890,france_champion_yes,1782853435091,0.295,0.295,0.30336,0.30336,0.0,0.0,0.0,0.0,0.0,0.008360000000000034,0.008360000000000034,False
2026-06-30T21:03:55.687677+00:00,#1891,france_champion_no,1782853435091,0.69664,0.69664,0.705,0.705,0.0,0.0,0.0,0.0,0.0,0.008359999999999923,0.008359999999999923,False
2026-06-30T21:03:55.687788+00:00,#2130,sweden_champion_yes,1782853435091,0.00033,0.00033,0.00225,0.00225,0.0,0.0,0.0,0.0,0.0,0.0019199999999999998,0.0019199999999999998,False
2026-06-30T21:03:55.687859+00:00,#2131,sweden_champion_no,1782853435091,0.99775,0.99775,0.99967,0.99967,0.0,0.0,0.0,0.0,0.0,0.0019199999999999218,0.0019199999999999218,False
2026-06-30T21:03:55.687926+00:00,#6740,France,1782853435091,0.87209,0.87221,0.877,0.877,1750.0,0.0,1528.1614999999993,0.0,6.0000000000060005e-05,0.00490999999999997,0.004789999999999961,True
2026-06-30T21:03:55.688021+00:00,#6741,Sweden,1782853435091,0.123,0.123,0.12791,0.12779,0.0,1750.0,0.0,221.83849999999984,-6.0000000000004494e-05,0.004909999999999998,0.004789999999999989,True
2026-06-30T21:03:55.963759+00:00,#1890,france_champion_yes,1782853435569,0.295,0.295,0.30336,0.30336,0.0,0.0,0.0,0.0,0.0,0.008360000000000034,0.008360000000000034,False
2026-06-30T21:03:55.963997+00:00,#1891,france_champion_no,1782853435569,0.69664,0.69664,0.705,0.705,0.0,0.0,0.0,0.0,0.0,0.008359999999999923,0.008359999999999923,False
2026-06-30T21:03:55.964083+00:00,#2130,sweden_champion_yes,1782853435569,0.00033,0.00033,0.00225,0.00225,0.0,0.0,0.0,0.0,0.0,0.0019199999999999998,0.0019199999999999998,False
2026-06-30T21:03:55.964165+00:00,#2131,sweden_champion_no,1782853435569,0.99775,0.99775,0.99967,0.99967,0.0,0.0,0.0,0.0,0.0,0.0019199999999999218,0.0019199999999999218,False
2026-06-30T21:03:55.964234+00:00,#6740,France,1782853435569,0.87221,0.87221,0.877,0.877,0.0,0.0,0.0,0.0,0.0,0.004789999999999961,0.004789999999999961,False
2026-06-30T21:03:55.964308+00:00,#6741,Sweden,1782853435569,0.123,0.123,0.12779,0.12779,0.0,0.0,0.0,0.0,0.0,0.004789999999999989,0.004789999999999989,False
2026-06-30T21:03:56.582912+00:00,#1890,france_champion_yes,1782853436108,0.295,0.295,0.30336,0.30336,0.0,0.0,0.0,0.0,0.0,0.008360000000000034,0.008360000000000034,False
2026-06-30T21:03:56.583134+00:00,#1891,france_champion_no,1782853436108,0.69664,0.69664,0.705,0.705,0.0,0.0,0.0,0.0,0.0,0.008359999999999923,0.008359999999999923,False
2026-06-30T21:03:56.583230+00:00,#2130,sweden_champion_yes,1782853436108,0.00033,0.00033,0.00225,0.00225,0.0,0.0,0.0,0.0,0.0,0.0019199999999999998,0.0019199999999999998,False
2026-06-30T21:03:56.583305+00:00,#2131,sweden_champion_no,1782853436108,0.99775,0.99775,0.99967,0.99967,0.0,0.0,0.0,0.0,0.0,0.0019199999999999218,0.0019199999999999218,False
2026-06-30T21:03:56.583377+00:00,#6740,France,1782853436108,0.87221,0.87221,0.877,0.877,807.0,660.0,702.0900000000001,584.4150600000003,0.0,0.004789999999999961,0.004789999999999961,False
2026-06-30T21:03:56.583482+00:00,#6741,Sweden,1782853436108,0.123,0.123,0.12779,0.12779,660.0,807.0,75.58493999999996,104.91000000000008,0.0,0.004789999999999989,0.004789999999999989,False
2026-06-30T21:03:57.100293+00:00,#1890,france_champion_yes,1782853436641,0.295,0.295,0.30336,0.30336,0.0,0.0,0.0,0.0,0.0,0.008360000000000034,0.008360000000000034,False
2026-06-30T21:03:57.100510+00:00,#1891,france_champion_no,1782853436641,0.69664,0.69664,0.705,0.705,0.0,0.0,0.0,0.0,0.0,0.008359999999999923,0.008359999999999923,False
2026-06-30T21:03:57.100607+00:00,#2130,sweden_champion_yes,1782853436641,0.00033,0.00033,0.00225,0.00225,0.0,0.0,0.0,0.0,0.0,0.0019199999999999998,0.0019199999999999998,False
2026-06-30T21:03:57.100687+00:00,#2131,sweden_champion_no,1782853436641,0.99775,0.99775,0.99967,0.99967,0.0,0.0,0.0,0.0,0.0,0.0019199999999999218,0.0019199999999999218,False
2026-06-30T21:03:57.100764+00:00,#6740,France,1782853436641,0.87221,0.87126,0.877,0.877,-7505.0,-35.0,-6549.4375,-34.962100000000646,-0.0004750000000000032,0.004789999999999961,0.005739999999999967,True
2026-06-30T21:03:57.100865+00:00,#6741,Sweden,1782853436641,0.123,0.123,0.12779,0.12874,-35.0,-7505.0,-0.03789999999980864,-955.5625,0.0004750000000000032,0.004789999999999989,0.005739999999999995,True
2026-06-30T21:03:57.641158+00:00,#1890,france_champion_yes,1782853437182,0.295,0.295,0.30336,0.30336,0.0,0.0,0.0,0.0,0.0,0.008360000000000034,0.008360000000000034,False
2026-06-30T21:03:57.641381+00:00,#1891,france_champion_no,1782853437182,0.69664,0.69664,0.705,0.705,0.0,0.0,0.0,0.0,0.0,0.008359999999999923,0.008359999999999923,False
2026-06-30T21:03:57.641504+00:00,#2130,sweden_champion_yes,1782853437182,0.00033,0.00033,0.00225,0.00225,0.0,0.0,0.0,0.0,0.0,0.0019199999999999998,0.0019199999999999998,False
2026-06-30T21:03:57.641587+00:00,#2131,sweden_champion_no,1782853437182,0.99775,0.99775,0.99967,0.99967,0.0,0.0,0.0,0.0,0.0,0.0019199999999999218,0.0019199999999999218,False
2026-06-30T21:03:57.641664+00:00,#6740,France,1782853437182,0.87126,0.87126,0.877,0.877,0.0,-7698.0,0.0,-6799.877339999999,0.0,0.005739999999999967,0.005739999999999967,True
2026-06-30T21:03:57.641781+00:00,#6741,Sweden,1782853437182,0.123,0.123,0.12874,0.12874,-7698.0,0.0,-898.1226600000001,0.0,0.0,0.005739999999999995,0.005739999999999995,True
2026-06-30T21:03:58.168450+00:00,#1890,france_champion_yes,1782853437732,0.295,0.295,0.30336,0.30336,0.0,0.0,0.0,0.0,0.0,0.008360000000000034,0.008360000000000034,False
2026-06-30T21:03:58.168745+00:00,#1891,france_champion_no,1782853437732,0.69664,0.69664,0.705,0.705,0.0,0.0,0.0,0.0,0.0,0.008359999999999923,0.008359999999999923,False
2026-06-30T21:03:58.168886+00:00,#2130,sweden_champion_yes,1782853437732,0.00033,0.00033,0.00225,0.00225,0.0,0.0,0.0,0.0,0.0,0.0019199999999999998,0.0019199999999999998,False
2026-06-30T21:03:58.168997+00:00,#2131,sweden_champion_no,1782853437732,0.99775,0.99775,0.99967,0.99967,0.0,0.0,0.0,0.0,0.0,0.0019199999999999218,0.0019199999999999218,False
2026-06-30T21:03:58.169101+00:00,#6740,France,1782853437732,0.87126,0.87126,0.877,0.877,0.0,0.0,0.0,0.0,0.0,0.005739999999999967,0.005739999999999967,False
2026-06-30T21:03:58.169234+00:00,#6741,Sweden,1782853437732,0.123,0.123,0.12874,0.12874,0.0,0.0,0.0,0.0,0.0,0.005739999999999995,0.005739999999999995,False
2026-06-30T21:03:58.714912+00:00,#1890,france_champion_yes,1782853438265,0.295,0.295,0.30336,0.30336,0.0,0.0,0.0,0.0,0.0,0.008360000000000034,0.008360000000000034,False
2026-06-30T21:03:58.715117+00:00,#1891,france_champion_no,1782853438265,0.69664,0.69664,0.705,0.705,0.0,0.0,0.0,0.0,0.0,0.008359999999999923,0.008359999999999923,False
2026-06-30T21:03:58.715208+00:00,#2130,sweden_champion_yes,1782853438265,0.00033,0.00033,0.00225,0.00225,0.0,0.0,0.0,0.0,0.0,0.0019199999999999998,0.0019199999999999998,False
2026-06-30T21:03:58.715281+00:00,#2131,sweden_champion_no,1782853438265,0.99775,0.99775,0.99967,0.99967,0.0,0.0,0.0,0.0,0.0,0.0019199999999999218,0.0019199999999999218,False
2026-06-30T21:03:58.715349+00:00,#6740,France,1782853438265,0.87126,0.87126,0.877,0.877,0.0,7915.0,0.0,6991.9827399999995,0.0,0.005739999999999967,0.005739999999999967,True
2026-06-30T21:03:58.715456+00:00,#6741,Sweden,1782853438265,0.123,0.123,0.12874,0.12874,7915.0,0.0,923.01726,0.0,0.0,0.005739999999999995,0.005739999999999995,True
2026-06-30T21:03:59.275941+00:00,#1890,france_champion_yes,1782853438828,0.295,0.295,0.30336,0.30336,0.0,0.0,0.0,0.0,0.0,0.008360000000000034,0.008360000000000034,False
2026-06-30T21:03:59.276162+00:00,#1891,france_champion_no,1782853438828,0.69664,0.69664,0.705,0.705,0.0,0.0,0.0,0.0,0.0,0.008359999999999923,0.008359999999999923,False
2026-06-30T21:03:59.276303+00:00,#2130,sweden_champion_yes,1782853438828,0.00033,0.00033,0.00225,0.00225,0.0,0.0,0.0,0.0,0.0,0.0019199999999999998,0.0019199999999999998,False
2026-06-30T21:03:59.276431+00:00,#2131,sweden_champion_no,1782853438828,0.99775,0.99775,0.99967,0.99967,0.0,0.0,0.0,0.0,0.0,0.0019199999999999218,0.0019199999999999218,False
2026-06-30T21:03:59.276528+00:00,#6740,France,1782853438828,0.87126,0.87126,0.877,0.877,0.0,0.0,0.0,0.0,0.0,0.005739999999999967,0.005739999999999967,False
2026-06-30T21:03:59.276608+00:00,#6741,Sweden,1782853438828,0.123,0.123,0.12874,0.12874,0.0,0.0,0.0,0.0,0.0,0.005739999999999995,0.005739999999999995,False
2026-06-30T21:03:59.816640+00:00,#1890,france_champion_yes,1782853439377,0.295,0.295,0.30336,0.30336,0.0,0.0,0.0,0.0,0.0,0.008360000000000034,0.008360000000000034,False
2026-06-30T21:03:59.816878+00:00,#1891,france_champion_no,1782853439377,0.69664,0.69664,0.705,0.705,0.0,0.0,0.0,0.0,0.0,0.008359999999999923,0.008359999999999923,False
2026-06-30T21:03:59.816990+00:00,#2130,sweden_champion_yes,1782853439377,0.00033,0.00033,0.00225,0.00225,0.0,0.0,0.0,0.0,0.0,0.0019199999999999998,0.0019199999999999998,False
2026-06-30T21:03:59.817085+00:00,#2131,sweden_champion_no,1782853439377,0.99775,0.99775,0.99967,0.99967,0.0,0.0,0.0,0.0,0.0,0.0019199999999999218,0.0019199999999999218,False
2026-06-30T21:03:59.817188+00:00,#6740,France,1782853439377,0.87126,0.87126,0.877,0.877,0.0,0.0,0.0,0.0,0.0,0.005739999999999967,0.005739999999999967,False
2026-06-30T21:03:59.817297+00:00,#6741,Sweden,1782853439377,0.123,0.123,0.12874,0.12874,0.0,0.0,0.0,0.0,0.0,0.005739999999999995,0.005739999999999995,False
2026-06-30T21:04:00.837591+00:00,#1890,france_champion_yes,1782853439917,0.295,0.295,0.30336,0.30336,0.0,0.0,0.0,0.0,0.0,0.008360000000000034,0.008360000000000034,False
2026-06-30T21:04:00.837732+00:00,#1891,france_champion_no,1782853439917,0.69664,0.69664,0.705,0.705,0.0,0.0,0.0,0.0,0.0,0.008359999999999923,0.008359999999999923,False
2026-06-30T21:04:00.837812+00:00,#2130,sweden_champion_yes,1782853439917,0.00033,0.00033,0.00225,0.00225,0.0,0.0,0.0,0.0,0.0,0.0019199999999999998,0.0019199999999999998,False
2026-06-30T21:04:00.837882+00:00,#2131,sweden_champion_no,1782853439917,0.99775,0.99775,0.99967,0.99967,0.0,0.0,0.0,0.0,0.0,0.0019199999999999218,0.0019199999999999218,False
2026-06-30T21:04:00.837949+00:00,#6740,France,1782853439917,0.87126,0.87126,0.877,0.877,0.0,0.0,0.0,0.0,0.0,0.005739999999999967,0.005739999999999967,False
2026-06-30T21:04:00.838022+00:00,#6741,Sweden,1782853439917,0.123,0.123,0.12874,0.12874,0.0,0.0,0.0,0.0,0.0,0.005739999999999995,0.005739999999999995,False
2026-06-30T21:04:00.890596+00:00,#1890,france_champion_yes,1782853440475,0.295,0.295,0.30336,0.30336,-2.0,0.0,-0.5396199999999851,0.0,0.0,0.008360000000000034,0.008360000000000034,False
2026-06-30T21:04:00.890794+00:00,#1891,france_champion_no,1782853440475,0.69664,0.69664,0.705,0.705,0.0,-2.0,0.0,-1.4603799999999865,0.0,0.008359999999999923,0.008359999999999923,False
2026-06-30T21:04:00.890897+00:00,#2130,sweden_champion_yes,1782853440475,0.00033,0.00033,0.00225,0.00225,0.0,0.0,0.0,0.0,0.0,0.0019199999999999998,0.0019199999999999998,False
2026-06-30T21:04:00.890972+00:00,#2131,sweden_champion_no,1782853440475,0.99775,0.99775,0.99967,0.99967,0.0,0.0,0.0,0.0,0.0,0.0019199999999999218,0.0019199999999999218,False
2026-06-30T21:04:00.891043+00:00,#6740,France,1782853440475,0.87126,0.87126,0.877,0.877,0.0,0.0,0.0,0.0,0.0,0.005739999999999967,0.005739999999999967,False
2026-06-30T21:04:00.891118+00:00,#6741,Sweden,1782853440475,0.123,0.123,0.12874,0.12874,0.0,0.0,0.0,0.0,0.0,0.005739999999999995,0.005739999999999995,False
2026-06-30T21:04:01.606969+00:00,#1890,france_champion_yes,1782853441081,0.295,0.295,0.30336,0.30336,0.0,0.0,0.0,0.0,0.0,0.008360000000000034,0.008360000000000034,False
2026-06-30T21:04:01.607266+00:00,#1891,france_champion_no,1782853441081,0.69664,0.69664,0.705,0.705,0.0,0.0,0.0,0.0,0.0,0.008359999999999923,0.008359999999999923,False
2026-06-30T21:04:01.607412+00:00,#2130,sweden_champion_yes,1782853441081,0.00033,0.00033,0.00225,0.00225,0.0,0.0,0.0,0.0,0.0,0.0019199999999999998,0.0019199999999999998,False
2026-06-30T21:04:01.607547+00:00,#2131,sweden_champion_no,1782853441081,0.99775,0.99775,0.99967,0.99967,0.0,0.0,0.0,0.0,0.0,0.0019199999999999218,0.0019199999999999218,False
2026-06-30T21:04:01.607652+00:00,#6740,France,1782853441081,0.87126,0.87126,0.877,0.877,0.0,0.0,0.0,0.0,0.0,0.005739999999999967,0.005739999999999967,False
2026-06-30T21:04:01.607767+00:00,#6741,Sweden,1782853441081,0.123,0.123,0.12874,0.12874,0.0,0.0,0.0,0.0,0.0,0.005739999999999995,0.005739999999999995,False
2026-06-30T21:04:02.037242+00:00,#1890,france_champion_yes,1782853441578,0.295,0.295,0.30336,0.30336,0.0,0.0,0.0,0.0,0.0,0.008360000000000034,0.008360000000000034,False
2026-06-30T21:04:02.037485+00:00,#1891,france_champion_no,1782853441578,0.69664,0.69664,0.705,0.705,0.0,0.0,0.0,0.0,0.0,0.008359999999999923,0.008359999999999923,False
2026-06-30T21:04:02.037573+00:00,#2130,sweden_champion_yes,1782853441578,0.00033,0.00033,0.00225,0.00225,0.0,0.0,0.0,0.0,0.0,0.0019199999999999998,0.0019199999999999998,False
2026-06-30T21:04:02.037645+00:00,#2131,sweden_champion_no,1782853441578,0.99775,0.99775,0.99967,0.99967,0.0,0.0,0.0,0.0,0.0,0.0019199999999999218,0.0019199999999999218,False
2026-06-30T21:04:02.037715+00:00,#6740,France,1782853441578,0.87126,0.87126,0.877,0.877,0.0,0.0,0.0,0.0,0.0,0.005739999999999967,0.005739999999999967,False
2026-06-30T21:04:02.037790+00:00,#6741,Sweden,1782853441578,0.123,0.123,0.12874,0.12874,0.0,0.0,0.0,0.0,0.0,0.005739999999999995,0.005739999999999995,False
2026-06-30T21:04:02.551219+00:00,#1890,france_champion_yes,1782853442119,0.295,0.295,0.30336,0.30336,0.0,0.0,0.0,0.0,0.0,0.008360000000000034,0.008360000000000034,False
2026-06-30T21:04:02.551415+00:00,#1891,france_champion_no,1782853442119,0.69664,0.69664,0.705,0.705,0.0,0.0,0.0,0.0,0.0,0.008359999999999923,0.008359999999999923,False
2026-06-30T21:04:02.551504+00:00,#2130,sweden_champion_yes,1782853442119,0.00033,0.00033,0.00225,0.00225,0.0,0.0,0.0,0.0,0.0,0.0019199999999999998,0.0019199999999999998,False
2026-06-30T21:04:02.551583+00:00,#2131,sweden_champion_no,1782853442119,0.99775,0.99775,0.99967,0.99967,0.0,0.0,0.0,0.0,0.0,0.0019199999999999218,0.0019199999999999218,False
2026-06-30T21:04:02.551655+00:00,#6740,France,1782853442119,0.87126,0.87126,0.877,0.877,0.0,0.0,0.0,0.0,0.0,0.005739999999999967,0.005739999999999967,False
2026-06-30T21:04:02.551730+00:00,#6741,Sweden,1782853442119,0.123,0.123,0.12874,0.12874,0.0,0.0,0.0,0.0,0.0,0.005739999999999995,0.005739999999999995,False
2026-06-30T21:04:03.066422+00:00,#1890,france_champion_yes,1782853442661,0.295,0.295,0.30336,0.30336,0.0,0.0,0.0,0.0,0.0,0.008360000000000034,0.008360000000000034,False
2026-06-30T21:04:03.066629+00:00,#1891,france_champion_no,1782853442661,0.69664,0.69664,0.705,0.705,0.0,0.0,0.0,0.0,0.0,0.008359999999999923,0.008359999999999923,False
2026-06-30T21:04:03.066728+00:00,#2130,sweden_champion_yes,1782853442661,0.00033,0.00033,0.00225,0.00225,0.0,0.0,0.0,0.0,0.0,0.0019199999999999998,0.0019199999999999998,False
2026-06-30T21:04:03.066801+00:00,#2131,sweden_champion_no,1782853442661,0.99775,0.99775,0.99967,0.99967,0.0,0.0,0.0,0.0,0.0,0.0019199999999999218,0.0019199999999999218,False
2026-06-30T21:04:03.066871+00:00,#6740,France,1782853442661,0.87126,0.87126,0.877,0.877,0.0,0.0,0.0,0.0,0.0,0.005739999999999967,0.005739999999999967,False
2026-06-30T21:04:03.066946+00:00,#6741,Sweden,1782853442661,0.123,0.123,0.12874,0.12874,0.0,0.0,0.0,0.0,0.0,0.005739999999999995,0.005739999999999995,False
2026-06-30T21:04:03.724179+00:00,#1890,france_champion_yes,1782853443200,0.295,0.295,0.30336,0.30336,0.0,0.0,0.0,0.0,0.0,0.008360000000000034,0.008360000000000034,False
2026-06-30T21:04:03.724332+00:00,#1891,france_champion_no,1782853443200,0.69664,0.69664,0.705,0.705,0.0,0.0,0.0,0.0,0.0,0.008359999999999923,0.008359999999999923,False
2026-06-30T21:04:03.724498+00:00,#2130,sweden_champion_yes,1782853443200,0.00033,0.00033,0.00225,0.00225,0.0,0.0,0.0,0.0,0.0,0.0019199999999999998,0.0019199999999999998,False
2026-06-30T21:04:03.724590+00:00,#2131,sweden_champion_no,1782853443200,0.99775,0.99775,0.99967,0.99967,0.0,0.0,0.0,0.0,0.0,0.0019199999999999218,0.0019199999999999218,False
2026-06-30T21:04:03.724688+00:00,#6740,France,1782853443200,0.87126,0.87126,0.877,0.877,0.0,-33.0,0.0,-27.365999999999985,0.0,0.005739999999999967,0.005739999999999967,False
2026-06-30T21:04:03.724775+00:00,#6741,Sweden,1782853443200,0.123,0.123,0.12874,0.12874,-33.0,0.0,-5.6340000000000146,0.0,0.0,0.005739999999999995,0.005739999999999995,False
2026-06-30T21:04:05.992432+00:00,#1890,france_champion_yes,1782853443717,0.295,0.295,0.30336,0.30336,0.0,0.0,0.0,0.0,0.0,0.008360000000000034,0.008360000000000034,False
2026-06-30T21:04:05.992586+00:00,#1891,france_champion_no,1782853443717,0.69664,0.69664,0.705,0.705,0.0,0.0,0.0,0.0,0.0,0.008359999999999923,0.008359999999999923,False
2026-06-30T21:04:05.992693+00:00,#2130,sweden_champion_yes,1782853443717,0.00033,0.00033,0.00225,0.00225,0.0,0.0,0.0,0.0,0.0,0.0019199999999999998,0.0019199999999999998,False
2026-06-30T21:04:05.992789+00:00,#2131,sweden_champion_no,1782853443717,0.99775,0.99775,0.99967,0.99967,0.0,0.0,0.0,0.0,0.0,0.0019199999999999218,0.0019199999999999218,False
2026-06-30T21:04:05.992885+00:00,#6740,France,1782853443717,0.87126,0.87126,0.877,0.877,0.0,33.0,0.0,29.36700000000019,0.0,0.005739999999999967,0.005739999999999967,False
2026-06-30T21:04:05.992989+00:00,#6741,Sweden,1782853443717,0.123,0.123,0.12874,0.12874,33.0,0.0,3.633000000000038,0.0,0.0,0.005739999999999995,0.005739999999999995,False
2026-06-30T21:04:05.993158+00:00,#1890,france_champion_yes,1782853444252,0.295,0.295,0.30336,0.30336,0.0,0.0,0.0,0.0,0.0,0.008360000000000034,0.008360000000000034,False
2026-06-30T21:04:05.993273+00:00,#1891,france_champion_no,1782853444252,0.69664,0.69664,0.705,0.705,0.0,0.0,0.0,0.0,0.0,0.008359999999999923,0.008359999999999923,False
2026-06-30T21:04:05.993362+00:00,#2130,sweden_champion_yes,1782853444252,0.00033,0.00033,0.00225,0.00225,0.0,0.0,0.0,0.0,0.0,0.0019199999999999998,0.0019199999999999998,False
2026-06-30T21:04:05.993461+00:00,#2131,sweden_champion_no,1782853444252,0.99775,0.99775,0.99967,0.99967,0.0,0.0,0.0,0.0,0.0,0.0019199999999999218,0.0019199999999999218,False
2026-06-30T21:04:05.993555+00:00,#6740,France,1782853444252,0.87126,0.87126,0.877,0.877,0.0,0.0,0.0,0.0,0.0,0.005739999999999967,0.005739999999999967,False
2026-06-30T21:04:05.993655+00:00,#6741,Sweden,1782853444252,0.123,0.123,0.12874,0.12874,0.0,0.0,0.0,0.0,0.0,0.005739999999999995,0.005739999999999995,False
2026-06-30T21:04:05.993741+00:00,#1890,france_champion_yes,1782853444788,0.295,0.295,0.30336,0.30336,0.0,0.0,0.0,0.0,0.0,0.008360000000000034,0.008360000000000034,False
2026-06-30T21:04:05.993818+00:00,#1891,france_champion_no,1782853444788,0.69664,0.69664,0.705,0.705,0.0,0.0,0.0,0.0,0.0,0.008359999999999923,0.008359999999999923,False
2026-06-30T21:04:05.993895+00:00,#2130,sweden_champion_yes,1782853444788,0.00033,0.00033,0.00225,0.00225,0.0,0.0,0.0,0.0,0.0,0.0019199999999999998,0.0019199999999999998,False
2026-06-30T21:04:05.993963+00:00,#2131,sweden_champion_no,1782853444788,0.99775,0.99775,0.99967,0.99967,0.0,0.0,0.0,0.0,0.0,0.0019199999999999218,0.0019199999999999218,False
2026-06-30T21:04:05.994032+00:00,#6740,France,1782853444788,0.87126,0.87126,0.877,0.877,0.0,-216.0,0.0,-193.08791999999994,0.0,0.005739999999999967,0.005739999999999967,False
2026-06-30T21:04:05.994107+00:00,#6741,Sweden,1782853444788,0.123,0.123,0.12874,0.12874,-216.0,0.0,-22.91208000000006,0.0,0.0,0.005739999999999995,0.005739999999999995,False
2026-06-30T21:04:06.223268+00:00,#1890,france_champion_yes,1782853445307,0.295,0.295,0.30336,0.30336,0.0,0.0,0.0,0.0,0.0,0.008360000000000034,0.008360000000000034,False
2026-06-30T21:04:06.223365+00:00,#1891,france_champion_no,1782853445307,0.69664,0.69664,0.705,0.705,0.0,0.0,0.0,0.0,0.0,0.008359999999999923,0.008359999999999923,False
2026-06-30T21:04:06.223495+00:00,#2130,sweden_champion_yes,1782853445307,0.00033,0.00033,0.00225,0.00225,0.0,0.0,0.0,0.0,0.0,0.0019199999999999998,0.0019199999999999998,False
2026-06-30T21:04:06.223575+00:00,#2131,sweden_champion_no,1782853445307,0.99775,0.99775,0.99967,0.99967,0.0,0.0,0.0,0.0,0.0,0.0019199999999999218,0.0019199999999999218,False
2026-06-30T21:04:06.223654+00:00,#6740,France,1782853445307,0.87126,0.87126,0.877,0.877,0.0,-100.0,0.0,-87.70000000000073,0.0,0.005739999999999967,0.005739999999999967,False
2026-06-30T21:04:06.223742+00:00,#6741,Sweden,1782853445307,0.123,0.123,0.12874,0.12874,-100.0,0.0,-12.299999999999955,0.0,0.0,0.005739999999999995,0.005739999999999995,False
2026-06-30T21:04:06.379478+00:00,#1890,france_champion_yes,1782853445850,0.295,0.295,0.30336,0.30336,0.0,0.0,0.0,0.0,0.0,0.008360000000000034,0.008360000000000034,False
2026-06-30T21:04:06.379749+00:00,#1891,france_champion_no,1782853445850,0.69664,0.69664,0.705,0.705,0.0,0.0,0.0,0.0,0.0,0.008359999999999923,0.008359999999999923,False
2026-06-30T21:04:06.379892+00:00,#2130,sweden_champion_yes,1782853445850,0.00033,0.00033,0.00225,0.00225,0.0,0.0,0.0,0.0,0.0,0.0019199999999999998,0.0019199999999999998,False
2026-06-30T21:04:06.380012+00:00,#2131,sweden_champion_no,1782853445850,0.99775,0.99775,0.99967,0.99967,0.0,0.0,0.0,0.0,0.0,0.0019199999999999218,0.0019199999999999218,False
2026-06-30T21:04:06.380120+00:00,#6740,France,1782853445850,0.87126,0.87126,0.877,0.877,0.0,0.0,0.0,0.0,0.0,0.005739999999999967,0.005739999999999967,False
2026-06-30T21:04:06.380236+00:00,#6741,Sweden,1782853445850,0.123,0.123,0.12874,0.12874,0.0,0.0,0.0,0.0,0.0,0.005739999999999995,0.005739999999999995,False
2026-06-30T21:04:06.858928+00:00,#1890,france_champion_yes,1782853446387,0.295,0.295,0.30336,0.30336,0.0,0.0,0.0,0.0,0.0,0.008360000000000034,0.008360000000000034,False
2026-06-30T21:04:06.859090+00:00,#1891,france_champion_no,1782853446387,0.69664,0.69664,0.705,0.705,0.0,0.0,0.0,0.0,0.0,0.008359999999999923,0.008359999999999923,False
2026-06-30T21:04:06.859195+00:00,#2130,sweden_champion_yes,1782853446387,0.00033,0.00033,0.00225,0.00225,0.0,0.0,0.0,0.0,0.0,0.0019199999999999998,0.0019199999999999998,False
2026-06-30T21:04:06.859276+00:00,#2131,sweden_champion_no,1782853446387,0.99775,0.99775,0.99967,0.99967,0.0,0.0,0.0,0.0,0.0,0.0019199999999999218,0.0019199999999999218,False
2026-06-30T21:04:06.859353+00:00,#6740,France,1782853446387,0.87126,0.87,0.877,0.877,7700.0,0.0,6650.06862,0.0,-0.0006300000000001305,0.005739999999999967,0.007000000000000006,True
2026-06-30T21:04:06.859482+00:00,#6741,Sweden,1782853446387,0.123,0.123,0.12874,0.13,0.0,7700.0,0.0,1049.93138,0.0006300000000000194,0.005739999999999995,0.007000000000000006,True
2026-06-30T21:04:07.351573+00:00,#1890,france_champion_yes,1782853446888,0.295,0.295,0.30336,0.30336,0.0,0.0,0.0,0.0,0.0,0.008360000000000034,0.008360000000000034,False
2026-06-30T21:04:07.351776+00:00,#1891,france_champion_no,1782853446888,0.69664,0.69664,0.705,0.705,0.0,0.0,0.0,0.0,0.0,0.008359999999999923,0.008359999999999923,False
2026-06-30T21:04:07.351862+00:00,#2130,sweden_champion_yes,1782853446888,0.00033,0.00033,0.00225,0.00225,0.0,0.0,0.0,0.0,0.0,0.0019199999999999998,0.0019199999999999998,False
2026-06-30T21:04:07.351936+00:00,#2131,sweden_champion_no,1782853446888,0.99775,0.99775,0.99967,0.99967,0.0,0.0,0.0,0.0,0.0,0.0019199999999999218,0.0019199999999999218,False
2026-06-30T21:04:07.352004+00:00,#6740,France,1782853446888,0.87,0.87,0.877,0.877,0.0,0.0,0.0,0.0,0.0,0.007000000000000006,0.007000000000000006,False
2026-06-30T21:04:07.352082+00:00,#6741,Sweden,1782853446888,0.123,0.123,0.13,0.13,0.0,0.0,0.0,0.0,0.0,0.007000000000000006,0.007000000000000006,False
2026-06-30T21:04:07.866205+00:00,#1890,france_champion_yes,1782853447441,0.295,0.295,0.30336,0.30336,-42.0,0.0,-12.390000000000015,0.0,0.0,0.008360000000000034,0.008360000000000034,False
2026-06-30T21:04:07.866412+00:00,#1891,france_champion_no,1782853447441,0.69664,0.69664,0.705,0.705,0.0,-42.0,0.0,-29.610000000000014,0.0,0.008359999999999923,0.008359999999999923,False
2026-06-30T21:04:07.866509+00:00,#2130,sweden_champion_yes,1782853447441,0.00033,0.00033,0.00225,0.00225,0.0,0.0,0.0,0.0,0.0,0.0019199999999999998,0.0019199999999999998,False
2026-06-30T21:04:07.866582+00:00,#2131,sweden_champion_no,1782853447441,0.99775,0.99775,0.99967,0.99967,0.0,0.0,0.0,0.0,0.0,0.0019199999999999218,0.0019199999999999218,False
2026-06-30T21:04:07.866653+00:00,#6740,France,1782853447441,0.87,0.87,0.877,0.877,0.0,0.0,0.0,0.0,0.0,0.007000000000000006,0.007000000000000006,False
2026-06-30T21:04:07.866726+00:00,#6741,Sweden,1782853447441,0.123,0.123,0.13,0.13,0.0,0.0,0.0,0.0,0.0,0.007000000000000006,0.007000000000000006,False
2026-06-30T21:04:08.391092+00:00,#1890,france_champion_yes,1782853447978,0.295,0.295,0.30336,0.29927,0.0,-2722.0,0.0,-899.9501499999999,-0.002045000000000019,0.008360000000000034,0.004269999999999996,True
2026-06-30T21:04:08.391420+00:00,#1891,france_champion_no,1782853447978,0.69664,0.70073,0.705,0.705,-2722.0,0.0,-1822.0498500000003,0.0,0.0020449999999999635,0.008359999999999923,0.004269999999999996,True
2026-06-30T21:04:08.391569+00:00,#2130,sweden_champion_yes,1782853447978,0.00033,0.00033,0.00225,0.00225,0.0,0.0,0.0,0.0,0.0,0.0019199999999999998,0.0019199999999999998,False
2026-06-30T21:04:08.391659+00:00,#2131,sweden_champion_no,1782853447978,0.99775,0.99775,0.99967,0.99967,0.0,0.0,0.0,0.0,0.0,0.0019199999999999218,0.0019199999999999218,False
2026-06-30T21:04:08.391740+00:00,#6740,France,1782853447978,0.87,0.87,0.877,0.877,0.0,0.0,0.0,0.0,0.0,0.007000000000000006,0.007000000000000006,False
2026-06-30T21:04:08.391824+00:00,#6741,Sweden,1782853447978,0.123,0.123,0.13,0.13,0.0,0.0,0.0,0.0,0.0,0.007000000000000006,0.007000000000000006,False
2026-06-30T21:04:08.940173+00:00,#1890,france_champion_yes,1782853448522,0.295,0.295,0.29927,0.29927,0.0,0.0,0.0,0.0,0.0,0.004269999999999996,0.004269999999999996,False
2026-06-30T21:04:08.940534+00:00,#1891,france_champion_no,1782853448522,0.70073,0.70073,0.705,0.705,0.0,0.0,0.0,0.0,0.0,0.004269999999999996,0.004269999999999996,False
2026-06-30T21:04:08.940705+00:00,#2130,sweden_champion_yes,1782853448522,0.00033,0.00033,0.00225,0.00225,0.0,0.0,0.0,0.0,0.0,0.0019199999999999998,0.0019199999999999998,False
2026-06-30T21:04:08.940844+00:00,#2131,sweden_champion_no,1782853448522,0.99775,0.99775,0.99967,0.99967,0.0,0.0,0.0,0.0,0.0,0.0019199999999999218,0.0019199999999999218,False
2026-06-30T21:04:08.940972+00:00,#6740,France,1782853448522,0.87,0.87,0.877,0.877,0.0,0.0,0.0,0.0,0.0,0.007000000000000006,0.007000000000000006,False
2026-06-30T21:04:08.941142+00:00,#6741,Sweden,1782853448522,0.123,0.123,0.13,0.13,0.0,0.0,0.0,0.0,0.0,0.007000000000000006,0.007000000000000006,False
2026-06-30T21:04:09.539546+00:00,#1890,france_champion_yes,1782853449125,0.295,0.295,0.29927,0.29927,0.0,0.0,0.0,0.0,0.0,0.004269999999999996,0.004269999999999996,False
2026-06-30T21:04:09.539746+00:00,#1891,france_champion_no,1782853449125,0.70073,0.70073,0.705,0.705,0.0,0.0,0.0,0.0,0.0,0.004269999999999996,0.004269999999999996,False
2026-06-30T21:04:09.539840+00:00,#2130,sweden_champion_yes,1782853449125,0.00033,0.00033,0.00225,0.00225,0.0,0.0,0.0,0.0,0.0,0.0019199999999999998,0.0019199999999999998,False
2026-06-30T21:04:09.539913+00:00,#2131,sweden_champion_no,1782853449125,0.99775,0.99775,0.99967,0.99967,0.0,0.0,0.0,0.0,0.0,0.0019199999999999218,0.0019199999999999218,False
2026-06-30T21:04:09.539983+00:00,#6740,France,1782853449125,0.87,0.87,0.877,0.877,0.0,0.0,0.0,0.0,0.0,0.007000000000000006,0.007000000000000006,False
2026-06-30T21:04:09.540057+00:00,#6741,Sweden,1782853449125,0.123,0.123,0.13,0.13,0.0,0.0,0.0,0.0,0.0,0.007000000000000006,0.007000000000000006,False
2026-06-30T21:04:09.979387+00:00,#1890,france_champion_yes,1782853449562,0.295,0.295,0.29927,0.29927,0.0,0.0,0.0,0.0,0.0,0.004269999999999996,0.004269999999999996,False
2026-06-30T21:04:09.979607+00:00,#1891,france_champion_no,1782853449562,0.70073,0.70073,0.705,0.705,0.0,0.0,0.0,0.0,0.0,0.004269999999999996,0.004269999999999996,False
2026-06-30T21:04:09.979700+00:00,#2130,sweden_champion_yes,1782853449562,0.00033,0.00033,0.00225,0.00225,0.0,0.0,0.0,0.0,0.0,0.0019199999999999998,0.0019199999999999998,False
2026-06-30T21:04:09.979776+00:00,#2131,sweden_champion_no,1782853449562,0.99775,0.99775,0.99967,0.99967,0.0,0.0,0.0,0.0,0.0,0.0019199999999999218,0.0019199999999999218,False
2026-06-30T21:04:09.979846+00:00,#6740,France,1782853449562,0.87,0.87,0.877,0.877,-7475.0,0.0,-6456.26175,0.0,0.0,0.007000000000000006,0.007000000000000006,True
2026-06-30T21:04:09.979941+00:00,#6741,Sweden,1782853449562,0.123,0.123,0.13,0.13,0.0,-7475.0,0.0,-1018.7382499999999,0.0,0.007000000000000006,0.007000000000000006,True
2026-06-30T21:04:10.978032+00:00,#1890,france_champion_yes,1782853450166,0.295,0.295,0.29927,0.29927,0.0,0.0,0.0,0.0,0.0,0.004269999999999996,0.004269999999999996,False
2026-06-30T21:04:10.978182+00:00,#1891,france_champion_no,1782853450166,0.70073,0.70073,0.705,0.705,0.0,0.0,0.0,0.0,0.0,0.004269999999999996,0.004269999999999996,False
2026-06-30T21:04:10.978272+00:00,#2130,sweden_champion_yes,1782853450166,0.00033,0.00033,0.00225,0.00225,0.0,0.0,0.0,0.0,0.0,0.0019199999999999998,0.0019199999999999998,False
2026-06-30T21:04:10.978351+00:00,#2131,sweden_champion_no,1782853450166,0.99775,0.99775,0.99967,0.99967,0.0,0.0,0.0,0.0,0.0,0.0019199999999999218,0.0019199999999999218,False
2026-06-30T21:04:10.978482+00:00,#6740,France,1782853450166,0.87,0.87,0.877,0.877,7475.0,0.0,6464.21175,0.0,0.0,0.007000000000000006,0.007000000000000006,True
2026-06-30T21:04:10.978592+00:00,#6741,Sweden,1782853450166,0.123,0.123,0.13,0.13,0.0,7475.0,0.0,1010.7882499999998,0.0,0.007000000000000006,0.007000000000000006,True
2026-06-30T21:04:11.087747+00:00,#1890,france_champion_yes,1782853450621,0.295,0.295,0.29927,0.29927,0.0,0.0,0.0,0.0,0.0,0.004269999999999996,0.004269999999999996,False
2026-06-30T21:04:11.088008+00:00,#1891,france_champion_no,1782853450621,0.70073,0.70073,0.705,0.705,0.0,0.0,0.0,0.0,0.0,0.004269999999999996,0.004269999999999996,False
2026-06-30T21:04:11.088136+00:00,#2130,sweden_champion_yes,1782853450621,0.00033,0.00033,0.00225,0.00225,0.0,0.0,0.0,0.0,0.0,0.0019199999999999998,0.0019199999999999998,False
2026-06-30T21:04:11.088239+00:00,#2131,sweden_champion_no,1782853450621,0.99775,0.99775,0.99967,0.99967,0.0,0.0,0.0,0.0,0.0,0.0019199999999999218,0.0019199999999999218,False
2026-06-30T21:04:11.088335+00:00,#6740,France,1782853450621,0.87,0.87,0.877,0.877,0.0,0.0,0.0,0.0,0.0,0.007000000000000006,0.007000000000000006,False
2026-06-30T21:04:11.088421+00:00,#6741,Sweden,1782853450621,0.123,0.123,0.13,0.13,0.0,0.0,0.0,0.0,0.0,0.007000000000000006,0.007000000000000006,False
2026-06-30T21:04:11.736186+00:00,#1890,france_champion_yes,1782853451181,0.295,0.295,0.29927,0.29927,0.0,0.0,0.0,0.0,0.0,0.004269999999999996,0.004269999999999996,False
2026-06-30T21:04:11.736457+00:00,#1891,france_champion_no,1782853451181,0.70073,0.70073,0.705,0.705,0.0,0.0,0.0,0.0,0.0,0.004269999999999996,0.004269999999999996,False
2026-06-30T21:04:11.736606+00:00,#2130,sweden_champion_yes,1782853451181,0.00033,0.00033,0.00225,0.00225,0.0,0.0,0.0,0.0,0.0,0.0019199999999999998,0.0019199999999999998,False
2026-06-30T21:04:11.736722+00:00,#2131,sweden_champion_no,1782853451181,0.99775,0.99775,0.99967,0.99967,0.0,0.0,0.0,0.0,0.0,0.0019199999999999218,0.0019199999999999218,False
2026-06-30T21:04:11.736817+00:00,#6740,France,1782853451181,0.87,0.87,0.877,0.877,0.0,0.0,0.0,0.0,0.0,0.007000000000000006,0.007000000000000006,False
2026-06-30T21:04:11.736919+00:00,#6741,Sweden,1782853451181,0.123,0.123,0.13,0.13,0.0,0.0,0.0,0.0,0.0,0.007000000000000006,0.007000000000000006,False
2026-06-30T21:04:12.144308+00:00,#1890,france_champion_yes,1782853451726,0.295,0.295,0.29927,0.29927,0.0,0.0,0.0,0.0,0.0,0.004269999999999996,0.004269999999999996,False
2026-06-30T21:04:12.144539+00:00,#1891,france_champion_no,1782853451726,0.70073,0.70073,0.705,0.705,0.0,0.0,0.0,0.0,0.0,0.004269999999999996,0.004269999999999996,False
2026-06-30T21:04:12.144635+00:00,#2130,sweden_champion_yes,1782853451726,0.00033,0.00033,0.00225,0.00225,0.0,0.0,0.0,0.0,0.0,0.0019199999999999998,0.0019199999999999998,False
2026-06-30T21:04:12.144708+00:00,#2131,sweden_champion_no,1782853451726,0.99775,0.99775,0.99967,0.99967,0.0,0.0,0.0,0.0,0.0,0.0019199999999999218,0.0019199999999999218,False
2026-06-30T21:04:12.144776+00:00,#6740,France,1782853451726,0.87,0.87,0.877,0.877,0.0,0.0,0.0,0.0,0.0,0.007000000000000006,0.007000000000000006,False
2026-06-30T21:04:12.144851+00:00,#6741,Sweden,1782853451726,0.123,0.123,0.13,0.13,0.0,0.0,0.0,0.0,0.0,0.007000000000000006,0.007000000000000006,False
2026-06-30T21:04:12.763775+00:00,#1890,france_champion_yes,1782853452264,0.295,0.295,0.29927,0.29927,0.0,0.0,0.0,0.0,0.0,0.004269999999999996,0.004269999999999996,False
2026-06-30T21:04:12.764024+00:00,#1891,france_champion_no,1782853452264,0.70073,0.70073,0.705,0.705,0.0,0.0,0.0,0.0,0.0,0.004269999999999996,0.004269999999999996,False
2026-06-30T21:04:12.764137+00:00,#2130,sweden_champion_yes,1782853452264,0.00033,0.00033,0.00225,0.00225,0.0,0.0,0.0,0.0,0.0,0.0019199999999999998,0.0019199999999999998,False
2026-06-30T21:04:12.764218+00:00,#2131,sweden_champion_no,1782853452264,0.99775,0.99775,0.99967,0.99967,0.0,0.0,0.0,0.0,0.0,0.0019199999999999218,0.0019199999999999218,False
2026-06-30T21:04:12.764301+00:00,#6740,France,1782853452264,0.87,0.87,0.877,0.877,0.0,0.0,0.0,0.0,0.0,0.007000000000000006,0.007000000000000006,False
2026-06-30T21:04:12.764386+00:00,#6741,Sweden,1782853452264,0.123,0.123,0.13,0.13,0.0,0.0,0.0,0.0,0.0,0.007000000000000006,0.007000000000000006,False
2026-06-30T21:04:14.995155+00:00,#1890,france_champion_yes,1782853452806,0.295,0.295,0.29927,0.29927,0.0,0.0,0.0,0.0,0.0,0.004269999999999996,0.004269999999999996,False
2026-06-30T21:04:14.995247+00:00,#1891,france_champion_no,1782853452806,0.70073,0.70073,0.705,0.705,0.0,0.0,0.0,0.0,0.0,0.004269999999999996,0.004269999999999996,False
2026-06-30T21:04:14.995331+00:00,#2130,sweden_champion_yes,1782853452806,0.00033,0.00033,0.00225,0.00225,0.0,0.0,0.0,0.0,0.0,0.0019199999999999998,0.0019199999999999998,False
2026-06-30T21:04:14.995410+00:00,#2131,sweden_champion_no,1782853452806,0.99775,0.99775,0.99967,0.99967,0.0,0.0,0.0,0.0,0.0,0.0019199999999999218,0.0019199999999999218,False
2026-06-30T21:04:14.995485+00:00,#6740,France,1782853452806,0.87,0.87,0.877,0.877,0.0,0.0,0.0,0.0,0.0,0.007000000000000006,0.007000000000000006,False
2026-06-30T21:04:14.995564+00:00,#6741,Sweden,1782853452806,0.123,0.123,0.13,0.13,0.0,0.0,0.0,0.0,0.0,0.007000000000000006,0.007000000000000006,False
2026-06-30T21:04:14.995645+00:00,#1890,france_champion_yes,1782853453351,0.295,0.295,0.29927,0.29927,0.0,0.0,0.0,0.0,0.0,0.004269999999999996,0.004269999999999996,False
2026-06-30T21:04:14.995720+00:00,#1891,france_champion_no,1782853453351,0.70073,0.70073,0.705,0.705,0.0,0.0,0.0,0.0,0.0,0.004269999999999996,0.004269999999999996,False
2026-06-30T21:04:14.995794+00:00,#2130,sweden_champion_yes,1782853453351,0.00033,0.00033,0.00225,0.00225,0.0,0.0,0.0,0.0,0.0,0.0019199999999999998,0.0019199999999999998,False
2026-06-30T21:04:14.995862+00:00,#2131,sweden_champion_no,1782853453351,0.99775,0.99775,0.99967,0.99967,0.0,0.0,0.0,0.0,0.0,0.0019199999999999218,0.0019199999999999218,False
2026-06-30T21:04:14.995932+00:00,#6740,France,1782853453351,0.87,0.87,0.877,0.877,0.0,0.0,0.0,0.0,0.0,0.007000000000000006,0.007000000000000006,False
2026-06-30T21:04:14.996005+00:00,#6741,Sweden,1782853453351,0.123,0.123,0.13,0.13,0.0,0.0,0.0,0.0,0.0,0.007000000000000006,0.007000000000000006,False
2026-06-30T21:04:14.996129+00:00,#1890,france_champion_yes,1782853453894,0.295,0.295,0.29927,0.29927,0.0,0.0,0.0,0.0,0.0,0.004269999999999996,0.004269999999999996,False
2026-06-30T21:04:14.996205+00:00,#1891,france_champion_no,1782853453894,0.70073,0.70073,0.705,0.705,0.0,0.0,0.0,0.0,0.0,0.004269999999999996,0.004269999999999996,False
2026-06-30T21:04:14.996280+00:00,#2130,sweden_champion_yes,1782853453894,0.00033,0.00033,0.00225,0.00225,0.0,0.0,0.0,0.0,0.0,0.0019199999999999998,0.0019199999999999998,False
2026-06-30T21:04:14.996348+00:00,#2131,sweden_champion_no,1782853453894,0.99775,0.99775,0.99967,0.99967,0.0,0.0,0.0,0.0,0.0,0.0019199999999999218,0.0019199999999999218,False
2026-06-30T21:04:14.996419+00:00,#6740,France,1782853453894,0.87,0.87,0.877,0.877,0.0,0.0,0.0,0.0,0.0,0.007000000000000006,0.007000000000000006,False
2026-06-30T21:04:14.996493+00:00,#6741,Sweden,1782853453894,0.123,0.123,0.13,0.13,0.0,0.0,0.0,0.0,0.0,0.007000000000000006,0.007000000000000006,False
2026-06-30T21:04:14.996682+00:00,#1890,france_champion_yes,1782853454435,0.295,0.295,0.29927,0.29927,0.0,0.0,0.0,0.0,0.0,0.004269999999999996,0.004269999999999996,False
2026-06-30T21:04:14.996752+00:00,#1891,france_champion_no,1782853454435,0.70073,0.70073,0.705,0.705,0.0,0.0,0.0,0.0,0.0,0.004269999999999996,0.004269999999999996,False
2026-06-30T21:04:14.996828+00:00,#2130,sweden_champion_yes,1782853454435,0.00033,0.00033,0.00225,0.00225,0.0,0.0,0.0,0.0,0.0,0.0019199999999999998,0.0019199999999999998,False
2026-06-30T21:04:14.996897+00:00,#2131,sweden_champion_no,1782853454435,0.99775,0.99775,0.99967,0.99967,0.0,0.0,0.0,0.0,0.0,0.0019199999999999218,0.0019199999999999218,False
2026-06-30T21:04:14.996963+00:00,#6740,France,1782853454435,0.87,0.877,0.877,0.87837,9653.0,295.0,8469.464000000004,262.612000000001,0.004185000000000105,0.007000000000000006,0.0013699999999999823,True
2026-06-30T21:04:14.997059+00:00,#6741,Sweden,1782853454435,0.123,0.12163,0.13,0.123,295.0,9653.0,32.38799999999992,1183.5359999999998,-0.004184999999999994,0.007000000000000006,0.0013699999999999962,True
2026-06-30T21:04:15.391550+00:00,#1890,france_champion_yes,1782853454962,0.295,0.295,0.29927,0.30336,0.0,2722.0,0.0,899.9501499999999,0.002045000000000019,0.004269999999999996,0.008360000000000034,True
2026-06-30T21:04:15.391687+00:00,#1891,france_champion_no,1782853454962,0.70073,0.69664,0.705,0.705,2722.0,0.0,1822.0498500000003,0.0,-0.0020449999999999635,0.004269999999999996,0.008359999999999923,True
2026-06-30T21:04:15.391801+00:00,#2130,sweden_champion_yes,1782853454962,0.00033,0.00033,0.00225,0.00225,0.0,0.0,0.0,0.0,0.0,0.0019199999999999998,0.0019199999999999998,False
2026-06-30T21:04:15.391874+00:00,#2131,sweden_champion_no,1782853454962,0.99775,0.99775,0.99967,0.99967,0.0,0.0,0.0,0.0,0.0,0.0019199999999999218,0.0019199999999999218,False
2026-06-30T21:04:15.391944+00:00,#6740,France,1782853454962,0.877,0.877,0.87837,0.87837,0.0,0.0,0.0,0.0,0.0,0.0013699999999999823,0.0013699999999999823,False
2026-06-30T21:04:15.392024+00:00,#6741,Sweden,1782853454962,0.12163,0.12163,0.123,0.123,0.0,0.0,0.0,0.0,0.0,0.0013699999999999962,0.0013699999999999962,False
2026-06-30T21:04:15.957180+00:00,#1890,france_champion_yes,1782853455521,0.295,0.295,0.30336,0.30336,0.0,0.0,0.0,0.0,0.0,0.008360000000000034,0.008360000000000034,False
2026-06-30T21:04:15.957414+00:00,#1891,france_champion_no,1782853455521,0.69664,0.69664,0.705,0.705,0.0,0.0,0.0,0.0,0.0,0.008359999999999923,0.008359999999999923,False
2026-06-30T21:04:15.957523+00:00,#2130,sweden_champion_yes,1782853455521,0.00033,0.00033,0.00225,0.00225,0.0,0.0,0.0,0.0,0.0,0.0019199999999999998,0.0019199999999999998,False
2026-06-30T21:04:15.957602+00:00,#2131,sweden_champion_no,1782853455521,0.99775,0.99775,0.99967,0.99967,0.0,0.0,0.0,0.0,0.0,0.0019199999999999218,0.0019199999999999218,False
2026-06-30T21:04:15.957672+00:00,#6740,France,1782853455521,0.877,0.877,0.87837,0.87837,0.0,0.0,0.0,0.0,0.0,0.0013699999999999823,0.0013699999999999823,False
2026-06-30T21:04:15.957750+00:00,#6741,Sweden,1782853455521,0.12163,0.12163,0.123,0.123,0.0,0.0,0.0,0.0,0.0,0.0013699999999999962,0.0013699999999999962,False
2026-06-30T21:04:16.630454+00:00,#1890,france_champion_yes,1782853456065,0.295,0.295,0.30336,0.30336,0.0,0.0,0.0,0.0,0.0,0.008360000000000034,0.008360000000000034,False
2026-06-30T21:04:16.630752+00:00,#1891,france_champion_no,1782853456065,0.69664,0.69664,0.705,0.705,0.0,0.0,0.0,0.0,0.0,0.008359999999999923,0.008359999999999923,False
2026-06-30T21:04:16.630887+00:00,#2130,sweden_champion_yes,1782853456065,0.00033,0.00033,0.00225,0.00225,0.0,0.0,0.0,0.0,0.0,0.0019199999999999998,0.0019199999999999998,False
2026-06-30T21:04:16.630985+00:00,#2131,sweden_champion_no,1782853456065,0.99775,0.99775,0.99967,0.99967,0.0,0.0,0.0,0.0,0.0,0.0019199999999999218,0.0019199999999999218,False
2026-06-30T21:04:16.631067+00:00,#6740,France,1782853456065,0.877,0.877,0.87837,0.87837,-100.0,0.0,-87.70000000000073,0.0,0.0,0.0013699999999999823,0.0013699999999999823,False
2026-06-30T21:04:16.631182+00:00,#6741,Sweden,1782853456065,0.12163,0.12163,0.123,0.123,0.0,-100.0,0.0,-12.300000000000182,0.0,0.0013699999999999962,0.0013699999999999962,False
2026-06-30T21:04:17.059782+00:00,#1890,france_champion_yes,1782853456606,0.295,0.295,0.30336,0.30336,0.0,0.0,0.0,0.0,0.0,0.008360000000000034,0.008360000000000034,False
2026-06-30T21:04:17.059933+00:00,#1891,france_champion_no,1782853456606,0.69664,0.69664,0.705,0.705,0.0,0.0,0.0,0.0,0.0,0.008359999999999923,0.008359999999999923,False
2026-06-30T21:04:17.060021+00:00,#2130,sweden_champion_yes,1782853456606,0.00033,0.00033,0.00225,0.00225,0.0,0.0,0.0,0.0,0.0,0.0019199999999999998,0.0019199999999999998,False
2026-06-30T21:04:17.060115+00:00,#2131,sweden_champion_no,1782853456606,0.99775,0.99775,0.99967,0.99967,0.0,0.0,0.0,0.0,0.0,0.0019199999999999218,0.0019199999999999218,False
2026-06-30T21:04:17.060235+00:00,#6740,France,1782853456606,0.877,0.877,0.87837,0.87837,0.0,0.0,0.0,0.0,0.0,0.0013699999999999823,0.0013699999999999823,False
2026-06-30T21:04:17.060349+00:00,#6741,Sweden,1782853456606,0.12163,0.12163,0.123,0.123,0.0,0.0,0.0,0.0,0.0,0.0013699999999999962,0.0013699999999999962,False
2026-06-30T21:04:17.562097+00:00,#1890,france_champion_yes,1782853457151,0.295,0.295,0.30336,0.30336,0.0,0.0,0.0,0.0,0.0,0.008360000000000034,0.008360000000000034,False
2026-06-30T21:04:17.562332+00:00,#1891,france_champion_no,1782853457151,0.69664,0.69664,0.705,0.705,0.0,0.0,0.0,0.0,0.0,0.008359999999999923,0.008359999999999923,False
2026-06-30T21:04:17.562467+00:00,#2130,sweden_champion_yes,1782853457151,0.00033,0.00033,0.00225,0.00225,0.0,0.0,0.0,0.0,0.0,0.0019199999999999998,0.0019199999999999998,False
2026-06-30T21:04:17.562568+00:00,#2131,sweden_champion_no,1782853457151,0.99775,0.99775,0.99967,0.99967,0.0,0.0,0.0,0.0,0.0,0.0019199999999999218,0.0019199999999999218,False
2026-06-30T21:04:17.562647+00:00,#6740,France,1782853457151,0.877,0.877,0.87837,0.87837,0.0,0.0,21.974999999998545,0.0,0.0,0.0013699999999999823,0.0013699999999999823,False
2026-06-30T21:04:17.562739+00:00,#6741,Sweden,1782853457151,0.12163,0.12163,0.123,0.123,0.0,0.0,0.0,-21.97499999999991,0.0,0.0013699999999999962,0.0013699999999999962,False
2026-06-30T21:04:18.278886+00:00,#1890,france_champion_yes,1782853457694,0.295,0.295,0.30336,0.30336,0.0,0.0,0.0,0.0,0.0,0.008360000000000034,0.008360000000000034,False
2026-06-30T21:04:18.279115+00:00,#1891,france_champion_no,1782853457694,0.69664,0.69664,0.705,0.705,0.0,0.0,0.0,0.0,0.0,0.008359999999999923,0.008359999999999923,False
2026-06-30T21:04:18.279209+00:00,#2130,sweden_champion_yes,1782853457694,0.00033,0.00033,0.00225,0.00225,0.0,0.0,0.0,0.0,0.0,0.0019199999999999998,0.0019199999999999998,False
2026-06-30T21:04:18.279294+00:00,#2131,sweden_champion_no,1782853457694,0.99775,0.99775,0.99967,0.99967,0.0,0.0,0.0,0.0,0.0,0.0019199999999999218,0.0019199999999999218,False
2026-06-30T21:04:18.279366+00:00,#6740,France,1782853457694,0.877,0.877,0.87837,0.87837,0.0,0.0,0.0,0.0,0.0,0.0013699999999999823,0.0013699999999999823,False
2026-06-30T21:04:18.279458+00:00,#6741,Sweden,1782853457694,0.12163,0.12163,0.123,0.123,0.0,0.0,0.0,0.0,0.0,0.0013699999999999962,0.0013699999999999962,False
2026-06-30T21:04:18.712942+00:00,#1890,france_champion_yes,1782853458233,0.295,0.295,0.30336,0.30336,0.0,0.0,0.0,0.0,0.0,0.008360000000000034,0.008360000000000034,False
2026-06-30T21:04:18.713164+00:00,#1891,france_champion_no,1782853458233,0.69664,0.69664,0.705,0.705,0.0,0.0,0.0,0.0,0.0,0.008359999999999923,0.008359999999999923,False
2026-06-30T21:04:18.713328+00:00,#2130,sweden_champion_yes,1782853458233,0.00033,0.00033,0.00225,0.00225,0.0,0.0,0.0,0.0,0.0,0.0019199999999999998,0.0019199999999999998,False
2026-06-30T21:04:18.713446+00:00,#2131,sweden_champion_no,1782853458233,0.99775,0.99775,0.99967,0.99967,0.0,0.0,0.0,0.0,0.0,0.0019199999999999218,0.0019199999999999218,False
2026-06-30T21:04:18.713531+00:00,#6740,France,1782853458233,0.877,0.877,0.87837,0.87837,0.0,0.0,0.0,0.0,0.0,0.0013699999999999823,0.0013699999999999823,False
2026-06-30T21:04:18.713657+00:00,#6741,Sweden,1782853458233,0.12163,0.12163,0.123,0.123,0.0,0.0,0.0,0.0,0.0,0.0013699999999999962,0.0013699999999999962,False
2026-06-30T21:04:19.176960+00:00,#1890,france_champion_yes,1782853458783,0.295,0.295,0.30336,0.30336,-134.0,0.0,-37.61583999999998,0.0,0.0,0.008360000000000034,0.008360000000000034,False
2026-06-30T21:04:19.177176+00:00,#1891,france_champion_no,1782853458783,0.69664,0.69664,0.705,0.705,0.0,-134.0,0.0,-96.38415999999995,0.0,0.008359999999999923,0.008359999999999923,False
2026-06-30T21:04:19.177265+00:00,#2130,sweden_champion_yes,1782853458783,0.00033,0.00033,0.00225,0.00225,0.0,0.0,0.0,0.0,0.0,0.0019199999999999998,0.0019199999999999998,False
2026-06-30T21:04:19.177345+00:00,#2131,sweden_champion_no,1782853458783,0.99775,0.99775,0.99967,0.99967,0.0,0.0,0.0,0.0,0.0,0.0019199999999999218,0.0019199999999999218,False
2026-06-30T21:04:19.177454+00:00,#6740,France,1782853458783,0.877,0.877,0.87837,0.87837,0.0,0.0,0.0,0.0,0.0,0.0013699999999999823,0.0013699999999999823,False
2026-06-30T21:04:19.177542+00:00,#6741,Sweden,1782853458783,0.12163,0.12163,0.123,0.123,0.0,0.0,0.0,0.0,0.0,0.0013699999999999962,0.0013699999999999962,False
2026-06-30T21:04:19.742508+00:00,#1890,france_champion_yes,1782853459330,0.295,0.295,0.30336,0.30336,132.0,0.0,37.049760000000006,0.0,0.0,0.008360000000000034,0.008360000000000034,False
2026-06-30T21:04:19.742701+00:00,#1891,france_champion_no,1782853459330,0.69664,0.69664,0.705,0.705,0.0,132.0,0.0,94.95024000000001,0.0,0.008359999999999923,0.008359999999999923,False
2026-06-30T21:04:19.742801+00:00,#2130,sweden_champion_yes,1782853459330,0.00033,0.00033,0.00225,0.00225,0.0,0.0,0.0,0.0,0.0,0.0019199999999999998,0.0019199999999999998,False
2026-06-30T21:04:19.742884+00:00,#2131,sweden_champion_no,1782853459330,0.99775,0.99775,0.99967,0.99967,0.0,0.0,0.0,0.0,0.0,0.0019199999999999218,0.0019199999999999218,False
2026-06-30T21:04:19.742955+00:00,#6740,France,1782853459330,0.877,0.877,0.87837,0.87837,-100.0,0.0,-87.70000000000073,0.0,0.0,0.0013699999999999823,0.0013699999999999823,False
2026-06-30T21:04:19.743031+00:00,#6741,Sweden,1782853459330,0.12163,0.12163,0.123,0.123,0.0,-100.0,0.0,-12.299999999999727,0.0,0.0013699999999999962,0.0013699999999999962,False
2026-06-30T21:04:20.289232+00:00,#1890,france_champion_yes,1782853459878,0.295,0.295,0.30336,0.30336,0.0,0.0,0.0,0.0,0.0,0.008360000000000034,0.008360000000000034,False
2026-06-30T21:04:20.289444+00:00,#1891,france_champion_no,1782853459878,0.69664,0.69664,0.705,0.705,0.0,0.0,0.0,0.0,0.0,0.008359999999999923,0.008359999999999923,False
2026-06-30T21:04:20.289553+00:00,#2130,sweden_champion_yes,1782853459878,0.00033,0.00033,0.00225,0.00225,0.0,0.0,0.0,0.0,0.0,0.0019199999999999998,0.0019199999999999998,False
2026-06-30T21:04:20.289641+00:00,#2131,sweden_champion_no,1782853459878,0.99775,0.99775,0.99967,0.99967,0.0,0.0,0.0,0.0,0.0,0.0019199999999999218,0.0019199999999999218,False
2026-06-30T21:04:20.289724+00:00,#6740,France,1782853459878,0.877,0.877,0.87837,0.87837,0.0,0.0,0.0,0.0,0.0,0.0013699999999999823,0.0013699999999999823,False
2026-06-30T21:04:20.289812+00:00,#6741,Sweden,1782853459878,0.12163,0.12163,0.123,0.123,0.0,0.0,0.0,0.0,0.0,0.0013699999999999962,0.0013699999999999962,False
2026-06-30T21:04:22.954356+00:00,#1890,france_champion_yes,1782853460431,0.295,0.295,0.30336,0.30336,0.0,0.0,0.0,0.0,0.0,0.008360000000000034,0.008360000000000034,False
2026-06-30T21:04:22.954510+00:00,#1891,france_champion_no,1782853460431,0.69664,0.69664,0.705,0.705,0.0,0.0,0.0,0.0,0.0,0.008359999999999923,0.008359999999999923,False
2026-06-30T21:04:22.954627+00:00,#2130,sweden_champion_yes,1782853460431,0.00033,0.00033,0.00225,0.00225,0.0,0.0,0.0,0.0,0.0,0.0019199999999999998,0.0019199999999999998,False
2026-06-30T21:04:22.954737+00:00,#2131,sweden_champion_no,1782853460431,0.99775,0.99775,0.99967,0.99967,0.0,0.0,0.0,0.0,0.0,0.0019199999999999218,0.0019199999999999218,False
2026-06-30T21:04:22.954835+00:00,#6740,France,1782853460431,0.877,0.877,0.87837,0.87837,-7200.0,0.0,-6248.433000000001,0.0,0.0,0.0013699999999999823,0.0013699999999999823,True
2026-06-30T21:04:22.954946+00:00,#6741,Sweden,1782853460431,0.12163,0.12163,0.123,0.123,0.0,-7200.0,0.0,-951.567,0.0,0.0013699999999999962,0.0013699999999999962,True
2026-06-30T21:04:22.955112+00:00,#1890,france_champion_yes,1782853460947,0.295,0.295,0.30336,0.30336,0.0,0.0,0.0,0.0,0.0,0.008360000000000034,0.008360000000000034,False
2026-06-30T21:04:22.955219+00:00,#1891,france_champion_no,1782853460947,0.69664,0.69664,0.705,0.705,0.0,0.0,0.0,0.0,0.0,0.008359999999999923,0.008359999999999923,False
2026-06-30T21:04:22.955320+00:00,#2130,sweden_champion_yes,1782853460947,0.00033,0.00033,0.00225,0.00225,0.0,0.0,0.0,0.0,0.0,0.0019199999999999998,0.0019199999999999998,False
2026-06-30T21:04:22.955424+00:00,#2131,sweden_champion_no,1782853460947,0.99775,0.99775,0.99967,0.99967,0.0,0.0,0.0,0.0,0.0,0.0019199999999999218,0.0019199999999999218,False
2026-06-30T21:04:22.955503+00:00,#6740,France,1782853460947,0.877,0.877,0.87837,0.87837,7200.0,0.0,6254.208000000002,0.0,0.0,0.0013699999999999823,0.0013699999999999823,True
2026-06-30T21:04:22.955608+00:00,#6741,Sweden,1782853460947,0.12163,0.12163,0.123,0.123,0.0,7200.0,0.0,945.7919999999999,0.0,0.0013699999999999962,0.0013699999999999962,True
2026-06-30T21:04:22.955713+00:00,#1890,france_champion_yes,1782853461480,0.295,0.295,0.30336,0.30336,0.0,0.0,0.0,0.0,0.0,0.008360000000000034,0.008360000000000034,False
2026-06-30T21:04:22.955815+00:00,#1891,france_champion_no,1782853461480,0.69664,0.69664,0.705,0.705,0.0,0.0,0.0,0.0,0.0,0.008359999999999923,0.008359999999999923,False
2026-06-30T21:04:22.955896+00:00,#2130,sweden_champion_yes,1782853461480,0.00033,0.00033,0.00225,0.00225,0.0,0.0,0.0,0.0,0.0,0.0019199999999999998,0.0019199999999999998,False
2026-06-30T21:04:22.956010+00:00,#2131,sweden_champion_no,1782853461480,0.99775,0.99775,0.99967,0.99967,0.0,0.0,0.0,0.0,0.0,0.0019199999999999218,0.0019199999999999218,False
2026-06-30T21:04:22.956083+00:00,#6740,France,1782853461480,0.877,0.877,0.87837,0.87837,0.0,0.0,0.0,0.0,0.0,0.0013699999999999823,0.0013699999999999823,False
2026-06-30T21:04:22.956159+00:00,#6741,Sweden,1782853461480,0.12163,0.12163,0.123,0.123,0.0,0.0,0.0,0.0,0.0,0.0013699999999999962,0.0013699999999999962,False
2026-06-30T21:04:22.956308+00:00,#1890,france_champion_yes,1782853462097,0.295,0.295,0.30336,0.30336,0.0,0.0,0.0,0.0,0.0,0.008360000000000034,0.008360000000000034,False
2026-06-30T21:04:22.956394+00:00,#1891,france_champion_no,1782853462097,0.69664,0.69664,0.705,0.705,0.0,0.0,0.0,0.0,0.0,0.008359999999999923,0.008359999999999923,False
2026-06-30T21:04:22.956478+00:00,#2130,sweden_champion_yes,1782853462097,0.00033,0.00033,0.00225,0.00225,0.0,0.0,0.0,0.0,0.0,0.0019199999999999998,0.0019199999999999998,False
2026-06-30T21:04:22.956578+00:00,#2131,sweden_champion_no,1782853462097,0.99775,0.99775,0.99967,0.99967,0.0,0.0,0.0,0.0,0.0,0.0019199999999999218,0.0019199999999999218,False
2026-06-30T21:04:22.956694+00:00,#6740,France,1782853462097,0.877,0.877,0.87837,0.87837,0.0,183.0,0.0,163.72091999999793,0.0,0.0013699999999999823,0.0013699999999999823,False
2026-06-30T21:04:22.956800+00:00,#6741,Sweden,1782853462097,0.12163,0.12163,0.123,0.123,183.0,0.0,19.27908000000002,0.0,0.0,0.0013699999999999962,0.0013699999999999962,False
2026-06-30T21:04:23.073777+00:00,#1890,france_champion_yes,1782853462580,0.295,0.295,0.30336,0.30336,0.0,0.0,0.0,0.0,0.0,0.008360000000000034,0.008360000000000034,False
2026-06-30T21:04:23.073955+00:00,#1891,france_champion_no,1782853462580,0.69664,0.69664,0.705,0.705,0.0,0.0,0.0,0.0,0.0,0.008359999999999923,0.008359999999999923,False
2026-06-30T21:04:23.074078+00:00,#2130,sweden_champion_yes,1782853462580,0.00033,0.00033,0.00225,0.00225,0.0,0.0,0.0,0.0,0.0,0.0019199999999999998,0.0019199999999999998,False
2026-06-30T21:04:23.074178+00:00,#2131,sweden_champion_no,1782853462580,0.99775,0.99775,0.99967,0.99967,0.0,0.0,0.0,0.0,0.0,0.0019199999999999218,0.0019199999999999218,False
2026-06-30T21:04:23.074261+00:00,#6740,France,1782853462580,0.877,0.877,0.87837,0.87837,-100.0,0.0,-87.70000000000073,0.0,0.0,0.0013699999999999823,0.0013699999999999823,False
2026-06-30T21:04:23.074372+00:00,#6741,Sweden,1782853462580,0.12163,0.12163,0.123,0.123,0.0,-100.0,0.0,-12.300000000000182,0.0,0.0013699999999999962,0.0013699999999999962,False
2026-06-30T21:04:23.638963+00:00,#1890,france_champion_yes,1782853463103,0.295,0.295,0.30336,0.30336,0.0,0.0,0.0,0.0,0.0,0.008360000000000034,0.008360000000000034,False
2026-06-30T21:04:23.639219+00:00,#1891,france_champion_no,1782853463103,0.69664,0.69664,0.705,0.705,0.0,0.0,0.0,0.0,0.0,0.008359999999999923,0.008359999999999923,False
2026-06-30T21:04:23.639355+00:00,#2130,sweden_champion_yes,1782853463103,0.00033,0.00033,0.00225,0.00225,0.0,0.0,0.0,0.0,0.0,0.0019199999999999998,0.0019199999999999998,False
2026-06-30T21:04:23.639466+00:00,#2131,sweden_champion_no,1782853463103,0.99775,0.99775,0.99967,0.99967,0.0,0.0,0.0,0.0,0.0,0.0019199999999999218,0.0019199999999999218,False
2026-06-30T21:04:23.639562+00:00,#6740,France,1782853463103,0.877,0.877,0.87837,0.87837,0.0,0.0,0.0,0.0,0.0,0.0013699999999999823,0.0013699999999999823,False
2026-06-30T21:04:23.639667+00:00,#6741,Sweden,1782853463103,0.12163,0.12163,0.123,0.123,0.0,0.0,0.0,0.0,0.0,0.0013699999999999962,0.0013699999999999962,False
2026-06-30T21:04:24.110033+00:00,#1890,france_champion_yes,1782853463665,0.295,0.295,0.30336,0.30336,0.0,0.0,0.0,0.0,0.0,0.008360000000000034,0.008360000000000034,False
2026-06-30T21:04:24.110273+00:00,#1891,france_champion_no,1782853463665,0.69664,0.69664,0.705,0.705,0.0,0.0,0.0,0.0,0.0,0.008359999999999923,0.008359999999999923,False
2026-06-30T21:04:24.110371+00:00,#2130,sweden_champion_yes,1782853463665,0.00033,0.00033,0.00225,0.00225,0.0,0.0,0.0,0.0,0.0,0.0019199999999999998,0.0019199999999999998,False
2026-06-30T21:04:24.110494+00:00,#2131,sweden_champion_no,1782853463665,0.99775,0.99775,0.99967,0.99967,0.0,0.0,0.0,0.0,0.0,0.0019199999999999218,0.0019199999999999218,False
2026-06-30T21:04:24.110567+00:00,#6740,France,1782853463665,0.877,0.877,0.87837,0.87837,0.0,0.0,0.0,0.0,0.0,0.0013699999999999823,0.0013699999999999823,False
2026-06-30T21:04:24.110656+00:00,#6741,Sweden,1782853463665,0.12163,0.12163,0.123,0.123,0.0,0.0,0.0,0.0,0.0,0.0013699999999999962,0.0013699999999999962,False
2026-06-30T21:04:24.614349+00:00,#1890,france_champion_yes,1782853464204,0.295,0.295,0.30336,0.30336,0.0,0.0,0.0,0.0,0.0,0.008360000000000034,0.008360000000000034,False
2026-06-30T21:04:24.614598+00:00,#1891,france_champion_no,1782853464204,0.69664,0.69664,0.705,0.705,0.0,0.0,0.0,0.0,0.0,0.008359999999999923,0.008359999999999923,False
2026-06-30T21:04:24.614715+00:00,#2130,sweden_champion_yes,1782853464204,0.00033,0.00033,0.00225,0.00225,0.0,0.0,0.0,0.0,0.0,0.0019199999999999998,0.0019199999999999998,False
2026-06-30T21:04:24.614807+00:00,#2131,sweden_champion_no,1782853464204,0.99775,0.99775,0.99967,0.99967,0.0,0.0,0.0,0.0,0.0,0.0019199999999999218,0.0019199999999999218,False
2026-06-30T21:04:24.614889+00:00,#6740,France,1782853464204,0.877,0.877,0.87837,0.87837,0.0,0.0,0.0,0.0,0.0,0.0013699999999999823,0.0013699999999999823,False
2026-06-30T21:04:24.614978+00:00,#6741,Sweden,1782853464204,0.12163,0.12163,0.123,0.123,0.0,0.0,0.0,0.0,0.0,0.0013699999999999962,0.0013699999999999962,False
2026-06-30T21:04:25.232593+00:00,#1890,france_champion_yes,1782853464761,0.295,0.295,0.30336,0.30336,0.0,0.0,0.0,0.0,0.0,0.008360000000000034,0.008360000000000034,False
2026-06-30T21:04:25.232886+00:00,#1891,france_champion_no,1782853464761,0.69664,0.69664,0.705,0.705,0.0,0.0,0.0,0.0,0.0,0.008359999999999923,0.008359999999999923,False
2026-06-30T21:04:25.233021+00:00,#2130,sweden_champion_yes,1782853464761,0.00033,0.00033,0.00225,0.00225,0.0,0.0,0.0,0.0,0.0,0.0019199999999999998,0.0019199999999999998,False
2026-06-30T21:04:25.233134+00:00,#2131,sweden_champion_no,1782853464761,0.99775,0.99775,0.99967,0.99967,0.0,0.0,0.0,0.0,0.0,0.0019199999999999218,0.0019199999999999218,False
2026-06-30T21:04:25.233240+00:00,#6740,France,1782853464761,0.877,0.877,0.87837,0.87837,0.0,0.0,0.0,0.0,0.0,0.0013699999999999823,0.0013699999999999823,False
2026-06-30T21:04:25.233325+00:00,#6741,Sweden,1782853464761,0.12163,0.12163,0.123,0.123,0.0,0.0,0.0,0.0,0.0,0.0013699999999999962,0.0013699999999999962,False
2026-06-30T21:04:26.050679+00:00,#1890,france_champion_yes,1782853465297,0.295,0.295,0.30336,0.30336,0.0,0.0,0.0,0.0,0.0,0.008360000000000034,0.008360000000000034,False
2026-06-30T21:04:26.050819+00:00,#1891,france_champion_no,1782853465297,0.69664,0.69664,0.705,0.705,0.0,0.0,0.0,0.0,0.0,0.008359999999999923,0.008359999999999923,False
2026-06-30T21:04:26.050944+00:00,#2130,sweden_champion_yes,1782853465297,0.00033,0.00033,0.00225,0.00225,0.0,0.0,0.0,0.0,0.0,0.0019199999999999998,0.0019199999999999998,False
2026-06-30T21:04:26.051060+00:00,#2131,sweden_champion_no,1782853465297,0.99775,0.99775,0.99967,0.99967,0.0,0.0,0.0,0.0,0.0,0.0019199999999999218,0.0019199999999999218,False
2026-06-30T21:04:26.051180+00:00,#6740,France,1782853465297,0.877,0.877,0.87837,0.87837,-100.0,0.0,-87.70000000000073,0.0,0.0,0.0013699999999999823,0.0013699999999999823,False
2026-06-30T21:04:26.051338+00:00,#6741,Sweden,1782853465297,0.12163,0.12163,0.123,0.123,0.0,-100.0,0.0,-12.299999999999727,0.0,0.0013699999999999962,0.0013699999999999962,False
2026-06-30T21:04:26.249232+00:00,#1890,france_champion_yes,1782853465828,0.295,0.295,0.30336,0.30336,0.0,0.0,0.0,0.0,0.0,0.008360000000000034,0.008360000000000034,False
2026-06-30T21:04:26.249340+00:00,#1891,france_champion_no,1782853465828,0.69664,0.69664,0.705,0.705,0.0,0.0,0.0,0.0,0.0,0.008359999999999923,0.008359999999999923,False
2026-06-30T21:04:26.249435+00:00,#2130,sweden_champion_yes,1782853465828,0.00033,0.00033,0.00225,0.00225,0.0,0.0,0.0,0.0,0.0,0.0019199999999999998,0.0019199999999999998,False
2026-06-30T21:04:26.249509+00:00,#2131,sweden_champion_no,1782853465828,0.99775,0.99775,0.99967,0.99967,0.0,0.0,0.0,0.0,0.0,0.0019199999999999218,0.0019199999999999218,False
2026-06-30T21:04:26.249588+00:00,#6740,France,1782853465828,0.877,0.877,0.87837,0.87837,0.0,0.0,0.0,0.0,0.0,0.0013699999999999823,0.0013699999999999823,False
2026-06-30T21:04:26.249673+00:00,#6741,Sweden,1782853465828,0.12163,0.12163,0.123,0.123,0.0,0.0,0.0,0.0,0.0,0.0013699999999999962,0.0013699999999999962,False
2026-06-30T21:04:26.800519+00:00,#1890,france_champion_yes,1782853466383,0.295,0.295,0.30336,0.30336,0.0,0.0,0.0,0.0,0.0,0.008360000000000034,0.008360000000000034,False
2026-06-30T21:04:26.800711+00:00,#1891,france_champion_no,1782853466383,0.69664,0.69664,0.705,0.705,0.0,0.0,0.0,0.0,0.0,0.008359999999999923,0.008359999999999923,False
2026-06-30T21:04:26.800806+00:00,#2130,sweden_champion_yes,1782853466383,0.00033,0.00033,0.00225,0.00225,0.0,0.0,0.0,0.0,0.0,0.0019199999999999998,0.0019199999999999998,False
2026-06-30T21:04:26.800887+00:00,#2131,sweden_champion_no,1782853466383,0.99775,0.99775,0.99967,0.99967,0.0,0.0,0.0,0.0,0.0,0.0019199999999999218,0.0019199999999999218,False
2026-06-30T21:04:26.800957+00:00,#6740,France,1782853466383,0.877,0.877,0.87837,0.87837,0.0,0.0,0.0,0.0,0.0,0.0013699999999999823,0.0013699999999999823,False
2026-06-30T21:04:26.801033+00:00,#6741,Sweden,1782853466383,0.12163,0.12163,0.123,0.123,0.0,0.0,0.0,0.0,0.0,0.0013699999999999962,0.0013699999999999962,False
2026-06-30T21:04:27.329381+00:00,#1890,france_champion_yes,1782853466916,0.295,0.295,0.30336,0.30336,0.0,0.0,0.0,0.0,0.0,0.008360000000000034,0.008360000000000034,False
2026-06-30T21:04:27.329583+00:00,#1891,france_champion_no,1782853466916,0.69664,0.69664,0.705,0.705,0.0,0.0,0.0,0.0,0.0,0.008359999999999923,0.008359999999999923,False
2026-06-30T21:04:27.329674+00:00,#2130,sweden_champion_yes,1782853466916,0.00033,0.00033,0.00225,0.00225,0.0,0.0,0.0,0.0,0.0,0.0019199999999999998,0.0019199999999999998,False
2026-06-30T21:04:27.329747+00:00,#2131,sweden_champion_no,1782853466916,0.99775,0.99775,0.99967,0.99967,0.0,0.0,0.0,0.0,0.0,0.0019199999999999218,0.0019199999999999218,False
2026-06-30T21:04:27.329819+00:00,#6740,France,1782853466916,0.877,0.877,0.87837,0.87837,0.0,0.0,0.0,0.0,0.0,0.0013699999999999823,0.0013699999999999823,False
2026-06-30T21:04:27.329894+00:00,#6741,Sweden,1782853466916,0.12163,0.12163,0.123,0.123,0.0,0.0,0.0,0.0,0.0,0.0013699999999999962,0.0013699999999999962,False
2026-06-30T21:04:27.926813+00:00,#1890,france_champion_yes,1782853467422,0.295,0.295,0.30336,0.30336,0.0,0.0,0.0,0.0,0.0,0.008360000000000034,0.008360000000000034,False
2026-06-30T21:04:27.927032+00:00,#1891,france_champion_no,1782853467422,0.69664,0.69664,0.705,0.705,0.0,0.0,0.0,0.0,0.0,0.008359999999999923,0.008359999999999923,False
2026-06-30T21:04:27.927210+00:00,#2130,sweden_champion_yes,1782853467422,0.00033,0.00033,0.00225,0.00225,0.0,0.0,0.0,0.0,0.0,0.0019199999999999998,0.0019199999999999998,False
2026-06-30T21:04:27.927325+00:00,#2131,sweden_champion_no,1782853467422,0.99775,0.99775,0.99967,0.99967,0.0,0.0,0.0,0.0,0.0,0.0019199999999999218,0.0019199999999999218,False
2026-06-30T21:04:27.927429+00:00,#6740,France,1782853467422,0.877,0.877,0.87837,0.87837,0.0,-183.0,0.0,-163.78979999999865,0.0,0.0013699999999999823,0.0013699999999999823,False
2026-06-30T21:04:27.927539+00:00,#6741,Sweden,1782853467422,0.12163,0.12163,0.123,0.123,-183.0,0.0,-19.210199999999986,0.0,0.0,0.0013699999999999962,0.0013699999999999962,False
2026-06-30T21:04:28.411660+00:00,#1890,france_champion_yes,1782853467958,0.295,0.295,0.30336,0.30336,0.0,0.0,0.0,0.0,0.0,0.008360000000000034,0.008360000000000034,False
2026-06-30T21:04:28.411933+00:00,#1891,france_champion_no,1782853467958,0.69664,0.69664,0.705,0.705,0.0,0.0,0.0,0.0,0.0,0.008359999999999923,0.008359999999999923,False
2026-06-30T21:04:28.412078+00:00,#2130,sweden_champion_yes,1782853467958,0.00033,0.00033,0.00225,0.00225,0.0,0.0,0.0,0.0,0.0,0.0019199999999999998,0.0019199999999999998,False
2026-06-30T21:04:28.412222+00:00,#2131,sweden_champion_no,1782853467958,0.99775,0.99775,0.99967,0.99967,0.0,0.0,0.0,0.0,0.0,0.0019199999999999218,0.0019199999999999218,False
2026-06-30T21:04:28.412361+00:00,#6740,France,1782853467958,0.877,0.877,0.87837,0.87837,0.0,0.0,0.0,0.0,0.0,0.0013699999999999823,0.0013699999999999823,False
2026-06-30T21:04:28.412508+00:00,#6741,Sweden,1782853467958,0.12163,0.12163,0.123,0.123,0.0,0.0,0.0,0.0,0.0,0.0013699999999999962,0.0013699999999999962,False
2026-06-30T21:04:29.004249+00:00,#1890,france_champion_yes,1782853468509,0.295,0.295,0.30336,0.30336,0.0,0.0,0.0,0.0,0.0,0.008360000000000034,0.008360000000000034,False
2026-06-30T21:04:29.004462+00:00,#1891,france_champion_no,1782853468509,0.69664,0.69664,0.705,0.705,0.0,0.0,0.0,0.0,0.0,0.008359999999999923,0.008359999999999923,False
2026-06-30T21:04:29.004559+00:00,#2130,sweden_champion_yes,1782853468509,0.00033,0.00033,0.00225,0.00225,0.0,0.0,0.0,0.0,0.0,0.0019199999999999998,0.0019199999999999998,False
2026-06-30T21:04:29.004637+00:00,#2131,sweden_champion_no,1782853468509,0.99775,0.99775,0.99967,0.99967,0.0,0.0,0.0,0.0,0.0,0.0019199999999999218,0.0019199999999999218,False
2026-06-30T21:04:29.004709+00:00,#6740,France,1782853468509,0.877,0.877,0.87837,0.87837,-100.0,-120.0,-87.69999999999891,-105.40439999999944,0.0,0.0013699999999999823,0.0013699999999999823,False
2026-06-30T21:04:29.004788+00:00,#6741,Sweden,1782853468509,0.12163,0.12163,0.123,0.123,-120.0,-100.0,-14.595600000000104,-12.300000000000182,0.0,0.0013699999999999962,0.0013699999999999962,False
2026-06-30T21:04:29.558097+00:00,#1890,france_champion_yes,1782853469115,0.295,0.295,0.30336,0.29927,0.0,-2722.0,0.0,-899.9501499999999,-0.002045000000000019,0.008360000000000034,0.004269999999999996,True
2026-06-30T21:04:29.558342+00:00,#1891,france_champion_no,1782853469115,0.69664,0.70073,0.705,0.705,-2722.0,0.0,-1822.0498500000003,0.0,0.0020449999999999635,0.008359999999999923,0.004269999999999996,True
2026-06-30T21:04:29.558472+00:00,#2130,sweden_champion_yes,1782853469115,0.00033,0.00033,0.00225,0.00225,0.0,0.0,0.0,0.0,0.0,0.0019199999999999998,0.0019199999999999998,False
2026-06-30T21:04:29.558551+00:00,#2131,sweden_champion_no,1782853469115,0.99775,0.99775,0.99967,0.99967,0.0,0.0,0.0,0.0,0.0,0.0019199999999999218,0.0019199999999999218,False
2026-06-30T21:04:29.558621+00:00,#6740,France,1782853469115,0.877,0.877,0.87837,0.87837,0.0,0.0,0.0,0.0,0.0,0.0013699999999999823,0.0013699999999999823,False
2026-06-30T21:04:29.558703+00:00,#6741,Sweden,1782853469115,0.12163,0.12163,0.123,0.123,0.0,0.0,0.0,0.0,0.0,0.0013699999999999962,0.0013699999999999962,False
2026-06-30T21:04:29.994350+00:00,#1890,france_champion_yes,1782853469577,0.295,0.295,0.29927,0.29927,0.0,0.0,0.0,0.0,0.0,0.004269999999999996,0.004269999999999996,False
2026-06-30T21:04:29.994583+00:00,#1891,france_champion_no,1782853469577,0.70073,0.70073,0.705,0.705,0.0,0.0,0.0,0.0,0.0,0.004269999999999996,0.004269999999999996,False
2026-06-30T21:04:29.994672+00:00,#2130,sweden_champion_yes,1782853469577,0.00033,0.00033,0.00225,0.00225,0.0,0.0,0.0,0.0,0.0,0.0019199999999999998,0.0019199999999999998,False
2026-06-30T21:04:29.994755+00:00,#2131,sweden_champion_no,1782853469577,0.99775,0.99775,0.99967,0.99967,0.0,0.0,0.0,0.0,0.0,0.0019199999999999218,0.0019199999999999218,False
2026-06-30T21:04:29.994838+00:00,#6740,France,1782853469577,0.877,0.877,0.87837,0.87837,0.0,0.0,0.0,0.0,0.0,0.0013699999999999823,0.0013699999999999823,False
2026-06-30T21:04:29.994919+00:00,#6741,Sweden,1782853469577,0.12163,0.12163,0.123,0.123,0.0,0.0,0.0,0.0,0.0,0.0013699999999999962,0.0013699999999999962,False
2026-06-30T21:04:31.118516+00:00,#1890,france_champion_yes,1782853470133,0.295,0.295,0.29927,0.29927,0.0,0.0,0.0,0.0,0.0,0.004269999999999996,0.004269999999999996,False
2026-06-30T21:04:31.118660+00:00,#1891,france_champion_no,1782853470133,0.70073,0.70073,0.705,0.705,0.0,0.0,0.0,0.0,0.0,0.004269999999999996,0.004269999999999996,False
2026-06-30T21:04:31.118752+00:00,#2130,sweden_champion_yes,1782853470133,0.00033,0.00033,0.00225,0.00225,0.0,0.0,0.0,0.0,0.0,0.0019199999999999998,0.0019199999999999998,False
2026-06-30T21:04:31.118834+00:00,#2131,sweden_champion_no,1782853470133,0.99775,0.99775,0.99967,0.99967,0.0,0.0,0.0,0.0,0.0,0.0019199999999999218,0.0019199999999999218,False
2026-06-30T21:04:31.118912+00:00,#6740,France,1782853470133,0.877,0.877,0.87837,0.87837,-6870.0,35.0,-5964.903,34.96209999999883,0.0,0.0013699999999999823,0.0013699999999999823,True
2026-06-30T21:04:31.119022+00:00,#6741,Sweden,1782853470133,0.12163,0.12163,0.123,0.123,35.0,-6870.0,0.037900000000036016,-905.0969999999995,0.0,0.0013699999999999962,0.0013699999999999962,True
2026-06-30T21:04:31.119180+00:00,#1890,france_champion_yes,1782853470657,0.295,0.295,0.29927,0.29927,0.0,0.0,0.0,0.0,0.0,0.004269999999999996,0.004269999999999996,False
2026-06-30T21:04:31.119268+00:00,#1891,france_champion_no,1782853470657,0.70073,0.70073,0.705,0.705,0.0,0.0,0.0,0.0,0.0,0.004269999999999996,0.004269999999999996,False
2026-06-30T21:04:31.119355+00:00,#2130,sweden_champion_yes,1782853470657,0.00033,0.00033,0.00225,0.00225,0.0,0.0,0.0,0.0,0.0,0.0019199999999999998,0.0019199999999999998,False
2026-06-30T21:04:31.119438+00:00,#2131,sweden_champion_no,1782853470657,0.99775,0.99775,0.99967,0.99967,0.0,0.0,0.0,0.0,0.0,0.0019199999999999218,0.0019199999999999218,False
2026-06-30T21:04:31.119515+00:00,#6740,France,1782853470657,0.877,0.877,0.87837,0.87837,-807.0,-660.0,-702.0900000000001,-584.4150599999994,0.0,0.0013699999999999823,0.0013699999999999823,False
2026-06-30T21:04:31.119602+00:00,#6741,Sweden,1782853470657,0.12163,0.12163,0.123,0.123,-660.0,-807.0,-75.58493999999985,-104.91000000000008,0.0,0.0013699999999999962,0.0013699999999999962,False
2026-06-30T21:04:31.623357+00:00,#1890,france_champion_yes,1782853471203,0.295,0.295,0.29927,0.29927,0.0,0.0,0.0,0.0,0.0,0.004269999999999996,0.004269999999999996,False
2026-06-30T21:04:31.623593+00:00,#1891,france_champion_no,1782853471203,0.70073,0.70073,0.705,0.705,0.0,0.0,0.0,0.0,0.0,0.004269999999999996,0.004269999999999996,False
2026-06-30T21:04:31.623700+00:00,#2130,sweden_champion_yes,1782853471203,0.00033,0.00033,0.00225,0.00225,0.0,0.0,0.0,0.0,0.0,0.0019199999999999998,0.0019199999999999998,False
2026-06-30T21:04:31.623785+00:00,#2131,sweden_champion_no,1782853471203,0.99775,0.99775,0.99967,0.99967,0.0,0.0,0.0,0.0,0.0,0.0019199999999999218,0.0019199999999999218,False
2026-06-30T21:04:31.623870+00:00,#6740,France,1782853471203,0.877,0.877,0.87837,0.87837,7200.0,0.0,6302.505000000001,0.0,0.0,0.0013699999999999823,0.0013699999999999823,True
2026-06-30T21:04:31.623986+00:00,#6741,Sweden,1782853471203,0.12163,0.12163,0.123,0.123,0.0,7200.0,0.0,897.4949999999999,0.0,0.0013699999999999962,0.0013699999999999962,True
2026-06-30T21:04:32.196261+00:00,#1890,france_champion_yes,1782853471747,0.295,0.295,0.29927,0.29927,0.0,0.0,0.0,0.0,0.0,0.004269999999999996,0.004269999999999996,False
2026-06-30T21:04:32.196493+00:00,#1891,france_champion_no,1782853471747,0.70073,0.70073,0.705,0.705,0.0,0.0,0.0,0.0,0.0,0.004269999999999996,0.004269999999999996,False
2026-06-30T21:04:32.196609+00:00,#2130,sweden_champion_yes,1782853471747,0.00033,0.00033,0.00225,0.00225,0.0,0.0,0.0,0.0,0.0,0.0019199999999999998,0.0019199999999999998,False
2026-06-30T21:04:32.196701+00:00,#2131,sweden_champion_no,1782853471747,0.99775,0.99775,0.99967,0.99967,0.0,0.0,0.0,0.0,0.0,0.0019199999999999218,0.0019199999999999218,False
2026-06-30T21:04:32.196797+00:00,#6740,France,1782853471747,0.877,0.877,0.87837,0.87837,0.0,0.0,0.002999999998792191,0.0,0.0,0.0013699999999999823,0.0013699999999999823,False
2026-06-30T21:04:32.196899+00:00,#6741,Sweden,1782853471747,0.12163,0.12163,0.123,0.123,0.0,0.0,0.0,-0.003000000000156433,0.0,0.0013699999999999962,0.0013699999999999962,False
2026-06-30T21:04:32.710617+00:00,#1890,france_champion_yes,1782853472296,0.295,0.295,0.29927,0.29927,0.0,0.0,0.0,0.0,0.0,0.004269999999999996,0.004269999999999996,False
2026-06-30T21:04:32.710836+00:00,#1891,france_champion_no,1782853472296,0.70073,0.70073,0.705,0.705,0.0,0.0,0.0,0.0,0.0,0.004269999999999996,0.004269999999999996,False
2026-06-30T21:04:32.710933+00:00,#2130,sweden_champion_yes,1782853472296,0.00033,0.00033,0.00225,0.00225,0.0,0.0,0.0,0.0,0.0,0.0019199999999999998,0.0019199999999999998,False
2026-06-30T21:04:32.711006+00:00,#2131,sweden_champion_no,1782853472296,0.99775,0.99775,0.99967,0.99967,0.0,0.0,0.0,0.0,0.0,0.0019199999999999218,0.0019199999999999218,False
2026-06-30T21:04:32.711076+00:00,#6740,France,1782853472296,0.877,0.877,0.87837,0.87837,0.0,0.0,0.0,0.0,0.0,0.0013699999999999823,0.0013699999999999823,False
2026-06-30T21:04:32.711162+00:00,#6741,Sweden,1782853472296,0.12163,0.12163,0.123,0.123,0.0,0.0,0.0,0.0,0.0,0.0013699999999999962,0.0013699999999999962,False
2026-06-30T21:04:33.317941+00:00,#1890,france_champion_yes,1782853472848,0.295,0.295,0.29927,0.29927,0.0,0.0,0.0,0.0,0.0,0.004269999999999996,0.004269999999999996,False
2026-06-30T21:04:33.318158+00:00,#1891,france_champion_no,1782853472848,0.70073,0.70073,0.705,0.705,0.0,0.0,0.0,0.0,0.0,0.004269999999999996,0.004269999999999996,False
2026-06-30T21:04:33.318277+00:00,#2130,sweden_champion_yes,1782853472848,0.00033,0.00033,0.00225,0.00225,0.0,0.0,0.0,0.0,0.0,0.0019199999999999998,0.0019199999999999998,False
2026-06-30T21:04:33.318373+00:00,#2131,sweden_champion_no,1782853472848,0.99775,0.99775,0.99967,0.99967,0.0,0.0,0.0,0.0,0.0,0.0019199999999999218,0.0019199999999999218,False
2026-06-30T21:04:33.318472+00:00,#6740,France,1782853472848,0.877,0.877,0.87837,0.87837,0.0,-188.0,-33.0,-167.20499999999993,0.0,0.0013699999999999823,0.0013699999999999823,False
2026-06-30T21:04:33.318561+00:00,#6741,Sweden,1782853472848,0.12163,0.12163,0.123,0.123,-188.0,0.0,-20.795000000000073,33.0,0.0,0.0013699999999999962,0.0013699999999999962,False
2026-06-30T21:04:33.794500+00:00,#1890,france_champion_yes,1782853473398,0.295,0.295,0.29927,0.29927,0.0,0.0,0.0,0.0,0.0,0.004269999999999996,0.004269999999999996,False
2026-06-30T21:04:33.794702+00:00,#1891,france_champion_no,1782853473398,0.70073,0.70073,0.705,0.705,0.0,0.0,0.0,0.0,0.0,0.004269999999999996,0.004269999999999996,False
2026-06-30T21:04:33.794789+00:00,#2130,sweden_champion_yes,1782853473398,0.00033,0.00033,0.00225,0.00225,0.0,0.0,0.0,0.0,0.0,0.0019199999999999998,0.0019199999999999998,False
2026-06-30T21:04:33.794863+00:00,#2131,sweden_champion_no,1782853473398,0.99775,0.99775,0.99967,0.99967,0.0,0.0,0.0,0.0,0.0,0.0019199999999999218,0.0019199999999999218,False
2026-06-30T21:04:33.794934+00:00,#6740,France,1782853473398,0.877,0.877,0.87837,0.87837,0.0,0.0,0.0,0.0,0.0,0.0013699999999999823,0.0013699999999999823,False
2026-06-30T21:04:33.795009+00:00,#6741,Sweden,1782853473398,0.12163,0.12163,0.123,0.123,0.0,0.0,0.0,0.0,0.0,0.0013699999999999962,0.0013699999999999962,False
2026-06-30T21:04:34.407668+00:00,#1890,france_champion_yes,1782853473954,0.295,0.295,0.29927,0.29927,0.0,0.0,0.0,0.0,0.0,0.004269999999999996,0.004269999999999996,False
2026-06-30T21:04:34.407846+00:00,#1891,france_champion_no,1782853473954,0.70073,0.70073,0.705,0.705,0.0,0.0,0.0,0.0,0.0,0.004269999999999996,0.004269999999999996,False
2026-06-30T21:04:34.407941+00:00,#2130,sweden_champion_yes,1782853473954,0.00033,0.00033,0.00225,0.00225,0.0,0.0,0.0,0.0,0.0,0.0019199999999999998,0.0019199999999999998,False
2026-06-30T21:04:34.408022+00:00,#2131,sweden_champion_no,1782853473954,0.99775,0.99775,0.99967,0.99967,0.0,0.0,0.0,0.0,0.0,0.0019199999999999218,0.0019199999999999218,False
2026-06-30T21:04:34.408093+00:00,#6740,France,1782853473954,0.877,0.877,0.87837,0.87837,0.0,0.0,23.025000000001455,0.0,0.0,0.0013699999999999823,0.0013699999999999823,False
2026-06-30T21:04:34.408169+00:00,#6741,Sweden,1782853473954,0.12163,0.12163,0.123,0.123,0.0,0.0,0.0,-23.02500000000009,0.0,0.0013699999999999962,0.0013699999999999962,False
2026-06-30T21:04:34.955772+00:00,#1890,france_champion_yes,1782853474500,0.295,0.295,0.29927,0.29927,0.0,0.0,0.0,0.0,0.0,0.004269999999999996,0.004269999999999996,False
2026-06-30T21:04:34.956017+00:00,#1891,france_champion_no,1782853474500,0.70073,0.70073,0.705,0.705,0.0,0.0,0.0,0.0,0.0,0.004269999999999996,0.004269999999999996,False
2026-06-30T21:04:34.956117+00:00,#2130,sweden_champion_yes,1782853474500,0.00033,0.00033,0.00225,0.00225,0.0,0.0,0.0,0.0,0.0,0.0019199999999999998,0.0019199999999999998,False
2026-06-30T21:04:34.956208+00:00,#2131,sweden_champion_no,1782853474500,0.99775,0.99775,0.99967,0.99967,0.0,0.0,0.0,0.0,0.0,0.0019199999999999218,0.0019199999999999218,False
2026-06-30T21:04:34.956305+00:00,#6740,France,1782853474500,0.877,0.877,0.87837,0.87837,0.0,0.0,0.0,0.0,0.0,0.0013699999999999823,0.0013699999999999823,False
2026-06-30T21:04:34.956395+00:00,#6741,Sweden,1782853474500,0.12163,0.12163,0.123,0.123,0.0,0.0,0.0,0.0,0.0,0.0013699999999999962,0.0013699999999999962,False
2026-06-30T21:04:35.590458+00:00,#1890,france_champion_yes,1782853475104,0.295,0.295,0.29927,0.29927,0.0,0.0,0.0,0.0,0.0,0.004269999999999996,0.004269999999999996,False
2026-06-30T21:04:35.590584+00:00,#1891,france_champion_no,1782853475104,0.70073,0.70073,0.705,0.705,0.0,0.0,0.0,0.0,0.0,0.004269999999999996,0.004269999999999996,False
2026-06-30T21:04:35.590675+00:00,#2130,sweden_champion_yes,1782853475104,0.00033,0.00033,0.00225,0.00225,0.0,0.0,0.0,0.0,0.0,0.0019199999999999998,0.0019199999999999998,False
2026-06-30T21:04:35.590748+00:00,#2131,sweden_champion_no,1782853475104,0.99775,0.99775,0.99967,0.99967,0.0,0.0,0.0,0.0,0.0,0.0019199999999999218,0.0019199999999999218,False
2026-06-30T21:04:35.590819+00:00,#6740,France,1782853475104,0.877,0.877,0.87837,0.87837,0.0,0.0,0.0,0.0,0.0,0.0013699999999999823,0.0013699999999999823,False
2026-06-30T21:04:35.590899+00:00,#6741,Sweden,1782853475104,0.12163,0.12163,0.123,0.123,0.0,0.0,0.0,0.0,0.0,0.0013699999999999962,0.0013699999999999962,False
2026-06-30T21:04:36.414857+00:00,#1890,france_champion_yes,1782853475766,0.295,0.295,0.29927,0.29927,0.0,0.0,0.0,0.0,0.0,0.004269999999999996,0.004269999999999996,False
2026-06-30T21:04:36.414983+00:00,#1891,france_champion_no,1782853475766,0.70073,0.70073,0.705,0.705,0.0,0.0,0.0,0.0,0.0,0.004269999999999996,0.004269999999999996,False
2026-06-30T21:04:36.415074+00:00,#2130,sweden_champion_yes,1782853475766,0.00033,0.00033,0.00225,0.00225,0.0,0.0,0.0,0.0,0.0,0.0019199999999999998,0.0019199999999999998,False
2026-06-30T21:04:36.415148+00:00,#2131,sweden_champion_no,1782853475766,0.99775,0.99775,0.99967,0.99967,0.0,0.0,0.0,0.0,0.0,0.0019199999999999218,0.0019199999999999218,False
2026-06-30T21:04:36.415217+00:00,#6740,France,1782853475766,0.877,0.877,0.87837,0.87837,0.0,0.0,-21.225000000000364,0.0,0.0,0.0013699999999999823,0.0013699999999999823,False
2026-06-30T21:04:36.415293+00:00,#6741,Sweden,1782853475766,0.12163,0.12163,0.123,0.123,0.0,0.0,0.0,21.22499999999991,0.0,0.0013699999999999962,0.0013699999999999962,False
2026-06-30T21:04:36.686855+00:00,#1890,france_champion_yes,1782853476236,0.295,0.295,0.29927,0.30336,0.0,2722.0,0.0,899.9501499999999,0.002045000000000019,0.004269999999999996,0.008360000000000034,True
2026-06-30T21:04:36.687094+00:00,#1891,france_champion_no,1782853476236,0.70073,0.69664,0.705,0.705,2722.0,0.0,1822.0498500000003,0.0,-0.0020449999999999635,0.004269999999999996,0.008359999999999923,True
2026-06-30T21:04:36.687209+00:00,#2130,sweden_champion_yes,1782853476236,0.00033,0.00033,0.00225,0.00225,0.0,0.0,0.0,0.0,0.0,0.0019199999999999998,0.0019199999999999998,False
2026-06-30T21:04:36.687286+00:00,#2131,sweden_champion_no,1782853476236,0.99775,0.99775,0.99967,0.99967,0.0,0.0,0.0,0.0,0.0,0.0019199999999999218,0.0019199999999999218,False
2026-06-30T21:04:36.687359+00:00,#6740,France,1782853476236,0.877,0.877,0.87837,0.87837,0.0,0.0,0.0,0.0,0.0,0.0013699999999999823,0.0013699999999999823,False
2026-06-30T21:04:36.687455+00:00,#6741,Sweden,1782853476236,0.12163,0.12163,0.123,0.123,0.0,0.0,0.0,0.0,0.0,0.0013699999999999962,0.0013699999999999962,False
2026-06-30T21:04:37.280008+00:00,#1890,france_champion_yes,1782853476782,0.295,0.295,0.30336,0.30336,0.0,0.0,0.0,0.0,0.0,0.008360000000000034,0.008360000000000034,False
2026-06-30T21:04:37.280287+00:00,#1891,france_champion_no,1782853476782,0.69664,0.69664,0.705,0.705,0.0,0.0,0.0,0.0,0.0,0.008359999999999923,0.008359999999999923,False
2026-06-30T21:04:37.280454+00:00,#2130,sweden_champion_yes,1782853476782,0.00033,0.00033,0.00225,0.00225,0.0,0.0,0.0,0.0,0.0,0.0019199999999999998,0.0019199999999999998,False
2026-06-30T21:04:37.280585+00:00,#2131,sweden_champion_no,1782853476782,0.99775,0.99775,0.99967,0.99967,0.0,0.0,0.0,0.0,0.0,0.0019199999999999218,0.0019199999999999218,False
2026-06-30T21:04:37.280663+00:00,#6740,France,1782853476782,0.877,0.877,0.87837,0.87837,0.0,0.0,19.57499999999891,0.0,0.0,0.0013699999999999823,0.0013699999999999823,False
2026-06-30T21:04:37.280744+00:00,#6741,Sweden,1782853476782,0.12163,0.12163,0.123,0.123,0.0,0.0,0.0,-19.574999999999818,0.0,0.0013699999999999962,0.0013699999999999962,False
2026-06-30T21:04:37.833499+00:00,#1890,france_champion_yes,1782853477322,0.295,0.295,0.30336,0.30336,0.0,0.0,0.0,0.0,0.0,0.008360000000000034,0.008360000000000034,False
2026-06-30T21:04:37.833750+00:00,#1891,france_champion_no,1782853477322,0.69664,0.69664,0.705,0.705,0.0,0.0,0.0,0.0,0.0,0.008359999999999923,0.008359999999999923,False
2026-06-30T21:04:37.833889+00:00,#2130,sweden_champion_yes,1782853477322,0.00033,0.00033,0.00225,0.00225,0.0,0.0,0.0,0.0,0.0,0.0019199999999999998,0.0019199999999999998,False
2026-06-30T21:04:37.834007+00:00,#2131,sweden_champion_no,1782853477322,0.99775,0.99775,0.99967,0.99967,0.0,0.0,0.0,0.0,0.0,0.0019199999999999218,0.0019199999999999218,False
2026-06-30T21:04:37.834107+00:00,#6740,France,1782853477322,0.877,0.877,0.87837,0.87837,0.0,0.0,-0.002999999998792191,0.0,0.0,0.0013699999999999823,0.0013699999999999823,False
2026-06-30T21:04:37.834206+00:00,#6741,Sweden,1782853477322,0.12163,0.12163,0.123,0.123,0.0,0.0,0.0,0.003000000000156433,0.0,0.0013699999999999962,0.0013699999999999962,False
2026-06-30T21:04:40.070506+00:00,#1890,france_champion_yes,1782853477888,0.295,0.295,0.30336,0.30336,0.0,0.0,0.0,0.0,0.0,0.008360000000000034,0.008360000000000034,False
2026-06-30T21:04:40.070680+00:00,#1891,france_champion_no,1782853477888,0.69664,0.69664,0.705,0.705,0.0,0.0,0.0,0.0,0.0,0.008359999999999923,0.008359999999999923,False
2026-06-30T21:04:40.070790+00:00,#2130,sweden_champion_yes,1782853477888,0.00033,0.00033,0.00225,0.00225,0.0,0.0,0.0,0.0,0.0,0.0019199999999999998,0.0019199999999999998,False
2026-06-30T21:04:40.070887+00:00,#2131,sweden_champion_no,1782853477888,0.99775,0.99775,0.99967,0.99967,0.0,0.0,0.0,0.0,0.0,0.0019199999999999218,0.0019199999999999218,False
2026-06-30T21:04:40.070997+00:00,#6740,France,1782853477888,0.877,0.877,0.87837,0.87837,0.0,0.0,0.7559999999994034,0.0,0.0,0.0013699999999999823,0.0013699999999999823,False
2026-06-30T21:04:40.071077+00:00,#6741,Sweden,1782853477888,0.12163,0.12163,0.123,0.123,0.0,0.0,0.0,-0.7559999999998581,0.0,0.0013699999999999962,0.0013699999999999962,False
2026-06-30T21:04:40.071284+00:00,#1890,france_champion_yes,1782853478434,0.295,0.295,0.30336,0.30336,-1.0,0.0,-0.27849000000003343,0.0,0.0,0.008360000000000034,0.008360000000000034,False
2026-06-30T21:04:40.071371+00:00,#1891,france_champion_no,1782853478434,0.69664,0.69664,0.705,0.705,0.0,-1.0,0.0,-0.7215100000000803,0.0,0.008359999999999923,0.008359999999999923,False
2026-06-30T21:04:40.071454+00:00,#2130,sweden_champion_yes,1782853478434,0.00033,0.00033,0.00225,0.00225,0.0,0.0,0.0,0.0,0.0,0.0019199999999999998,0.0019199999999999998,False
2026-06-30T21:04:40.071526+00:00,#2131,sweden_champion_no,1782853478434,0.99775,0.99775,0.99967,0.99967,0.0,0.0,0.0,0.0,0.0,0.0019199999999999218,0.0019199999999999218,False
2026-06-30T21:04:40.071593+00:00,#6740,France,1782853478434,0.877,0.877,0.87837,0.87837,-7200.0,0.0,-6290.883,0.0,0.0,0.0013699999999999823,0.0013699999999999823,True
2026-06-30T21:04:40.071687+00:00,#6741,Sweden,1782853478434,0.12163,0.12163,0.123,0.123,0.0,-7200.0,0.0,-909.1170000000002,0.0,0.0013699999999999962,0.0013699999999999962,True
2026-06-30T21:04:40.071815+00:00,#1890,france_champion_yes,1782853478971,0.295,0.295,0.30336,0.30336,0.0,0.0,0.0,0.0,0.0,0.008360000000000034,0.008360000000000034,False
2026-06-30T21:04:40.071889+00:00,#1891,france_champion_no,1782853478971,0.69664,0.69664,0.705,0.705,0.0,0.0,0.0,0.0,0.0,0.008359999999999923,0.008359999999999923,False
2026-06-30T21:04:40.071964+00:00,#2130,sweden_champion_yes,1782853478971,0.00033,0.00033,0.00225,0.00225,0.0,0.0,0.0,0.0,0.0,0.0019199999999999998,0.0019199999999999998,False
