ts,coin,label,mid_price
2026-06-30T21:00:03.368450+00:00,#6740,France,0.88249
2026-06-30T21:00:03.368450+00:00,#6741,Sweden,0.11751
2026-06-30T21:00:03.368450+00:00,#1890,france_champion_yes,0.29428
2026-06-30T21:00:03.368450+00:00,#1891,france_champion_no,0.70572
2026-06-30T21:00:03.368450+00:00,#2130,sweden_champion_yes,0.00144
2026-06-30T21:00:03.368450+00:00,#2131,sweden_champion_no,0.99856
2026-06-30T21:00:08.864914+00:00,#6740,France,0.88249
2026-06-30T21:00:08.864914+00:00,#6741,Sweden,0.11751
2026-06-30T21:00:08.864914+00:00,#1890,france_champion_yes,0.29428
2026-06-30T21:00:08.864914+00:00,#1891,france_champion_no,0.70572
2026-06-30T21:00:08.864914+00:00,#2130,sweden_champion_yes,0.00144
2026-06-30T21:00:08.864914+00:00,#2131,sweden_champion_no,0.99856
2026-06-30T21:00:14.187921+00:00,#6740,France,0.88249
2026-06-30T21:00:14.187921+00:00,#6741,Sweden,0.11751
2026-06-30T21:00:14.187921+00:00,#1890,france_champion_yes,0.29428
2026-06-30T21:00:14.187921+00:00,#1891,france_champion_no,0.70572
2026-06-30T21:00:14.187921+00:00,#2130,sweden_champion_yes,0.00144
2026-06-30T21:00:14.187921+00:00,#2131,sweden_champion_no,0.99856
2026-06-30T21:00:19.559131+00:00,#6740,France,0.88249
2026-06-30T21:00:19.559131+00:00,#6741,Sweden,0.11751
2026-06-30T21:00:19.559131+00:00,#1890,france_champion_yes,0.289785
2026-06-30T21:00:19.559131+00:00,#1891,france_champion_no,0.710215
2026-06-30T21:00:19.559131+00:00,#2130,sweden_champion_yes,0.00144
2026-06-30T21:00:19.559131+00:00,#2131,sweden_champion_no,0.99856
2026-06-30T21:00:20.727261+00:00,#6740,France,0.88249
2026-06-30T21:00:20.727261+00:00,#6741,Sweden,0.11751
2026-06-30T21:00:20.727261+00:00,#1890,france_champion_yes,0.289785
2026-06-30T21:00:20.727261+00:00,#1891,france_champion_no,0.710215
2026-06-30T21:00:20.727261+00:00,#2130,sweden_champion_yes,0.00144
2026-06-30T21:00:20.727261+00:00,#2131,sweden_champion_no,0.99856
2026-06-30T21:00:23.959327+00:00,#6740,France,0.88249
2026-06-30T21:00:23.959327+00:00,#6741,Sweden,0.11751
2026-06-30T21:00:23.959327+00:00,#1890,france_champion_yes,0.29428
2026-06-30T21:00:23.959327+00:00,#1891,france_champion_no,0.70572
2026-06-30T21:00:23.959327+00:00,#2130,sweden_champion_yes,0.00144
2026-06-30T21:00:23.959327+00:00,#2131,sweden_champion_no,0.99856
2026-06-30T21:00:29.254597+00:00,#6740,France,0.88249
2026-06-30T21:00:29.254597+00:00,#6741,Sweden,0.11751
2026-06-30T21:00:29.254597+00:00,#1890,france_champion_yes,0.29428
2026-06-30T21:00:29.254597+00:00,#1891,france_champion_no,0.70572
2026-06-30T21:00:29.254597+00:00,#2130,sweden_champion_yes,0.00144
2026-06-30T21:00:29.254597+00:00,#2131,sweden_champion_no,0.99856
2026-06-30T21:00:34.554147+00:00,#6740,France,0.88249
2026-06-30T21:00:34.554147+00:00,#6741,Sweden,0.11751
2026-06-30T21:00:34.554147+00:00,#1890,france_champion_yes,0.29428
2026-06-30T21:00:34.554147+00:00,#1891,france_champion_no,0.70572
2026-06-30T21:00:34.554147+00:00,#2130,sweden_champion_yes,0.00144
2026-06-30T21:00:34.554147+00:00,#2131,sweden_champion_no,0.99856
2026-06-30T21:00:37.673994+00:00,#6740,France,0.88249
2026-06-30T21:00:37.673994+00:00,#6741,Sweden,0.11751
2026-06-30T21:00:37.673994+00:00,#1890,france_champion_yes,0.29428
2026-06-30T21:00:37.673994+00:00,#1891,france_champion_no,0.70572
2026-06-30T21:00:37.673994+00:00,#2130,sweden_champion_yes,0.00144
2026-06-30T21:00:37.673994+00:00,#2131,sweden_champion_no,0.99856
2026-06-30T21:00:39.968854+00:00,#6740,France,0.881665
2026-06-30T21:00:39.968854+00:00,#6741,Sweden,0.118335
2026-06-30T21:00:39.968854+00:00,#1890,france_champion_yes,0.289785
2026-06-30T21:00:39.968854+00:00,#1891,france_champion_no,0.710215
2026-06-30T21:00:39.968854+00:00,#2130,sweden_champion_yes,0.00144
2026-06-30T21:00:39.968854+00:00,#2131,sweden_champion_no,0.99856
2026-06-30T21:00:44.280359+00:00,#6740,France,0.881665
2026-06-30T21:00:44.280359+00:00,#6741,Sweden,0.118335
2026-06-30T21:00:44.280359+00:00,#1890,france_champion_yes,0.29428
2026-06-30T21:00:44.280359+00:00,#1891,france_champion_no,0.70572
2026-06-30T21:00:44.280359+00:00,#2130,sweden_champion_yes,0.00144
2026-06-30T21:00:44.280359+00:00,#2131,sweden_champion_no,0.99856
2026-06-30T21:00:49.717931+00:00,#6740,France,0.881665
2026-06-30T21:00:49.717931+00:00,#6741,Sweden,0.118335
2026-06-30T21:00:49.717931+00:00,#1890,france_champion_yes,0.29428
2026-06-30T21:00:49.717931+00:00,#1891,france_champion_no,0.70572
2026-06-30T21:00:49.717931+00:00,#2130,sweden_champion_yes,0.00144
2026-06-30T21:00:49.717931+00:00,#2131,sweden_champion_no,0.99856
2026-06-30T21:00:54.390039+00:00,#6740,France,0.88085
2026-06-30T21:00:54.390039+00:00,#6741,Sweden,0.11915
2026-06-30T21:00:54.390039+00:00,#1890,france_champion_yes,0.29428
2026-06-30T21:00:54.390039+00:00,#1891,france_champion_no,0.70572
2026-06-30T21:00:54.390039+00:00,#2130,sweden_champion_yes,0.00144
2026-06-30T21:00:54.390039+00:00,#2131,sweden_champion_no,0.99856
2026-06-30T21:00:54.967762+00:00,#6740,France,0.88085
2026-06-30T21:00:54.967762+00:00,#6741,Sweden,0.11915
2026-06-30T21:00:54.967762+00:00,#1890,france_champion_yes,0.29428
2026-06-30T21:00:54.967762+00:00,#1891,france_champion_no,0.70572
2026-06-30T21:00:54.967762+00:00,#2130,sweden_champion_yes,0.00144
2026-06-30T21:00:54.967762+00:00,#2131,sweden_champion_no,0.99856
2026-06-30T21:00:59.499763+00:00,#6740,France,0.88085
2026-06-30T21:00:59.499763+00:00,#6741,Sweden,0.11915
2026-06-30T21:00:59.499763+00:00,#1890,france_champion_yes,0.289785
2026-06-30T21:00:59.499763+00:00,#1891,france_champion_no,0.710215
2026-06-30T21:00:59.499763+00:00,#2130,sweden_champion_yes,0.00144
2026-06-30T21:00:59.499763+00:00,#2131,sweden_champion_no,0.99856
2026-06-30T21:01:04.797281+00:00,#6740,France,0.88085
2026-06-30T21:01:04.797281+00:00,#6741,Sweden,0.11915
2026-06-30T21:01:04.797281+00:00,#1890,france_champion_yes,0.29428
2026-06-30T21:01:04.797281+00:00,#1891,france_champion_no,0.70572
2026-06-30T21:01:04.797281+00:00,#2130,sweden_champion_yes,0.00144
2026-06-30T21:01:04.797281+00:00,#2131,sweden_champion_no,0.99856
2026-06-30T21:01:09.460070+00:00,#6740,France,0.88085
2026-06-30T21:01:09.460070+00:00,#6741,Sweden,0.11915
2026-06-30T21:01:09.460070+00:00,#1890,france_champion_yes,0.29428
2026-06-30T21:01:09.460070+00:00,#1891,france_champion_no,0.70572
2026-06-30T21:01:09.460070+00:00,#2130,sweden_champion_yes,0.00144
2026-06-30T21:01:09.460070+00:00,#2131,sweden_champion_no,0.99856
2026-06-30T21:01:12.085362+00:00,#6740,France,0.88085
2026-06-30T21:01:12.085362+00:00,#6741,Sweden,0.11915
2026-06-30T21:01:12.085362+00:00,#1890,france_champion_yes,0.29428
2026-06-30T21:01:12.085362+00:00,#1891,france_champion_no,0.70572
2026-06-30T21:01:12.085362+00:00,#2130,sweden_champion_yes,0.00144
2026-06-30T21:01:12.085362+00:00,#2131,sweden_champion_no,0.99856
2026-06-30T21:01:14.527830+00:00,#6740,France,0.88085
2026-06-30T21:01:14.527830+00:00,#6741,Sweden,0.11915
2026-06-30T21:01:14.527830+00:00,#1890,france_champion_yes,0.29428
2026-06-30T21:01:14.527830+00:00,#1891,france_champion_no,0.70572
2026-06-30T21:01:14.527830+00:00,#2130,sweden_champion_yes,0.00144
2026-06-30T21:01:14.527830+00:00,#2131,sweden_champion_no,0.99856
2026-06-30T21:01:19.735111+00:00,#6740,France,0.88085
2026-06-30T21:01:19.735111+00:00,#6741,Sweden,0.11915
2026-06-30T21:01:19.735111+00:00,#1890,france_champion_yes,0.289785
2026-06-30T21:01:19.735111+00:00,#1891,france_champion_no,0.710215
2026-06-30T21:01:19.735111+00:00,#2130,sweden_champion_yes,0.00144
2026-06-30T21:01:19.735111+00:00,#2131,sweden_champion_no,0.99856
2026-06-30T21:01:24.593736+00:00,#6740,France,0.88085
2026-06-30T21:01:24.593736+00:00,#6741,Sweden,0.11915
2026-06-30T21:01:24.593736+00:00,#1890,france_champion_yes,0.289785
2026-06-30T21:01:24.593736+00:00,#1891,france_champion_no,0.710215
2026-06-30T21:01:24.593736+00:00,#2130,sweden_champion_yes,0.00144
2026-06-30T21:01:24.593736+00:00,#2131,sweden_champion_no,0.99856
2026-06-30T21:01:29.292575+00:00,#6740,France,0.88085
2026-06-30T21:01:29.292575+00:00,#6741,Sweden,0.11915
2026-06-30T21:01:29.292575+00:00,#1890,france_champion_yes,0.29428
2026-06-30T21:01:29.292575+00:00,#1891,france_champion_no,0.70572
2026-06-30T21:01:29.292575+00:00,#2130,sweden_champion_yes,0.00144
2026-06-30T21:01:29.292575+00:00,#2131,sweden_champion_no,0.99856
2026-06-30T21:01:31.445781+00:00,#6740,France,0.88085
2026-06-30T21:01:31.445781+00:00,#6741,Sweden,0.11915
2026-06-30T21:01:31.445781+00:00,#1890,france_champion_yes,0.29428
2026-06-30T21:01:31.445781+00:00,#1891,france_champion_no,0.70572
2026-06-30T21:01:31.445781+00:00,#2130,sweden_champion_yes,0.00144
2026-06-30T21:01:31.445781+00:00,#2131,sweden_champion_no,0.99856
2026-06-30T21:01:35.001556+00:00,#6740,France,0.88085
2026-06-30T21:01:35.001556+00:00,#6741,Sweden,0.11915
2026-06-30T21:01:35.001556+00:00,#1890,france_champion_yes,0.29428
2026-06-30T21:01:35.001556+00:00,#1891,france_champion_no,0.70572
2026-06-30T21:01:35.001556+00:00,#2130,sweden_champion_yes,0.00144
2026-06-30T21:01:35.001556+00:00,#2131,sweden_champion_no,0.99856
2026-06-30T21:01:39.721642+00:00,#6740,France,0.88085
2026-06-30T21:01:39.721642+00:00,#6741,Sweden,0.11915
2026-06-30T21:01:39.721642+00:00,#1890,france_champion_yes,0.289785
2026-06-30T21:01:39.721642+00:00,#1891,france_champion_no,0.710215
2026-06-30T21:01:39.721642+00:00,#2130,sweden_champion_yes,0.00144
2026-06-30T21:01:39.721642+00:00,#2131,sweden_champion_no,0.99856
2026-06-30T21:01:44.650381+00:00,#6740,France,0.881665
2026-06-30T21:01:44.650381+00:00,#6741,Sweden,0.118335
2026-06-30T21:01:44.650381+00:00,#1890,france_champion_yes,0.289785
2026-06-30T21:01:44.650381+00:00,#1891,france_champion_no,0.710215
2026-06-30T21:01:44.650381+00:00,#2130,sweden_champion_yes,0.00144
2026-06-30T21:01:44.650381+00:00,#2131,sweden_champion_no,0.99856
2026-06-30T21:01:46.447368+00:00,#6740,France,0.881665
2026-06-30T21:01:46.447368+00:00,#6741,Sweden,0.118335
2026-06-30T21:01:46.447368+00:00,#1890,france_champion_yes,0.289785
2026-06-30T21:01:46.447368+00:00,#1891,france_champion_no,0.710215
2026-06-30T21:01:46.447368+00:00,#2130,sweden_champion_yes,0.00144
2026-06-30T21:01:46.447368+00:00,#2131,sweden_champion_no,0.99856
2026-06-30T21:01:50.088463+00:00,#6740,France,0.8812
2026-06-30T21:01:50.088463+00:00,#6741,Sweden,0.1188
2026-06-30T21:01:50.088463+00:00,#1890,france_champion_yes,0.29428
2026-06-30T21:01:50.088463+00:00,#1891,france_champion_no,0.70572
2026-06-30T21:01:50.088463+00:00,#2130,sweden_champion_yes,0.00144
2026-06-30T21:01:50.088463+00:00,#2131,sweden_champion_no,0.99856
2026-06-30T21:01:54.767517+00:00,#6740,France,0.878335
2026-06-30T21:01:54.767517+00:00,#6741,Sweden,0.121665
2026-06-30T21:01:54.767517+00:00,#1890,france_champion_yes,0.29428
2026-06-30T21:01:54.767517+00:00,#1891,france_champion_no,0.70572
2026-06-30T21:01:54.767517+00:00,#2130,sweden_champion_yes,0.00144
2026-06-30T21:01:54.767517+00:00,#2131,sweden_champion_no,0.99856
2026-06-30T21:01:59.800476+00:00,#6740,France,0.878335
2026-06-30T21:01:59.800476+00:00,#6741,Sweden,0.121665
2026-06-30T21:01:59.800476+00:00,#1890,france_champion_yes,0.289785
2026-06-30T21:01:59.800476+00:00,#1891,france_champion_no,0.710215
2026-06-30T21:01:59.800476+00:00,#2130,sweden_champion_yes,0.00144
2026-06-30T21:01:59.800476+00:00,#2131,sweden_champion_no,0.99856
2026-06-30T21:02:03.325157+00:00,#6740,France,0.878335
2026-06-30T21:02:03.325157+00:00,#6741,Sweden,0.121665
2026-06-30T21:02:03.325157+00:00,#1890,france_champion_yes,0.289785
2026-06-30T21:02:03.325157+00:00,#1891,france_champion_no,0.710215
2026-06-30T21:02:03.325157+00:00,#2130,sweden_champion_yes,0.00144
2026-06-30T21:02:03.325157+00:00,#2131,sweden_champion_no,0.99856
2026-06-30T21:02:05.992174+00:00,#6740,France,0.878335
2026-06-30T21:02:05.992174+00:00,#6741,Sweden,0.121665
2026-06-30T21:02:05.992174+00:00,#1890,france_champion_yes,0.289785
2026-06-30T21:02:05.992174+00:00,#1891,france_champion_no,0.710215
2026-06-30T21:02:05.992174+00:00,#2130,sweden_champion_yes,0.00144
2026-06-30T21:02:05.992174+00:00,#2131,sweden_champion_no,0.99856
2026-06-30T21:02:11.368279+00:00,#6740,France,0.874815
2026-06-30T21:02:11.368279+00:00,#6741,Sweden,0.125185
2026-06-30T21:02:11.368279+00:00,#1890,france_champion_yes,0.29428
2026-06-30T21:02:11.368279+00:00,#1891,france_champion_no,0.70572
2026-06-30T21:02:11.368279+00:00,#2130,sweden_champion_yes,0.00144
2026-06-30T21:02:11.368279+00:00,#2131,sweden_champion_no,0.99856
2026-06-30T21:02:14.973573+00:00,#6740,France,0.874815
2026-06-30T21:02:14.973573+00:00,#6741,Sweden,0.125185
2026-06-30T21:02:14.973573+00:00,#1890,france_champion_yes,0.29428
2026-06-30T21:02:14.973573+00:00,#1891,france_champion_no,0.70572
2026-06-30T21:02:14.973573+00:00,#2130,sweden_champion_yes,0.00144
2026-06-30T21:02:14.973573+00:00,#2131,sweden_champion_no,0.99856
2026-06-30T21:02:20.199745+00:00,#6740,France,0.874815
2026-06-30T21:02:20.199745+00:00,#6741,Sweden,0.125185
2026-06-30T21:02:20.199745+00:00,#1890,france_champion_yes,0.29918
2026-06-30T21:02:20.199745+00:00,#1891,france_champion_no,0.70082
2026-06-30T21:02:20.199745+00:00,#2130,sweden_champion_yes,0.00144
2026-06-30T21:02:20.199745+00:00,#2131,sweden_champion_no,0.99856
2026-06-30T21:02:20.991305+00:00,#6740,France,0.874815
2026-06-30T21:02:20.991305+00:00,#6741,Sweden,0.125185
2026-06-30T21:02:20.991305+00:00,#1890,france_champion_yes,0.29918
2026-06-30T21:02:20.991305+00:00,#1891,france_champion_no,0.70082
2026-06-30T21:02:20.991305+00:00,#2130,sweden_champion_yes,0.00144
2026-06-30T21:02:20.991305+00:00,#2131,sweden_champion_no,0.99856
2026-06-30T21:02:25.048733+00:00,#6740,France,0.874815
2026-06-30T21:02:25.048733+00:00,#6741,Sweden,0.125185
2026-06-30T21:02:25.048733+00:00,#1890,france_champion_yes,0.29918
2026-06-30T21:02:25.048733+00:00,#1891,france_champion_no,0.70082
2026-06-30T21:02:25.048733+00:00,#2130,sweden_champion_yes,0.00144
2026-06-30T21:02:25.048733+00:00,#2131,sweden_champion_no,0.99856
2026-06-30T21:02:30.246162+00:00,#6740,France,0.87463
2026-06-30T21:02:30.246162+00:00,#6741,Sweden,0.12537
2026-06-30T21:02:30.246162+00:00,#1890,france_champion_yes,0.29918
2026-06-30T21:02:30.246162+00:00,#1891,france_champion_no,0.70082
2026-06-30T21:02:30.246162+00:00,#2130,sweden_champion_yes,0.00144
2026-06-30T21:02:30.246162+00:00,#2131,sweden_champion_no,0.99856
2026-06-30T21:02:35.473559+00:00,#6740,France,0.875965
2026-06-30T21:02:35.473559+00:00,#6741,Sweden,0.124035
2026-06-30T21:02:35.473559+00:00,#1890,france_champion_yes,0.297135
2026-06-30T21:02:35.473559+00:00,#1891,france_champion_no,0.702865
2026-06-30T21:02:35.473559+00:00,#2130,sweden_champion_yes,0.00144
2026-06-30T21:02:35.473559+00:00,#2131,sweden_champion_no,0.99856
2026-06-30T21:02:38.079148+00:00,#6740,France,0.875965
2026-06-30T21:02:38.079148+00:00,#6741,Sweden,0.124035
2026-06-30T21:02:38.079148+00:00,#1890,france_champion_yes,0.297135
2026-06-30T21:02:38.079148+00:00,#1891,france_champion_no,0.702865
2026-06-30T21:02:38.079148+00:00,#2130,sweden_champion_yes,0.00144
2026-06-30T21:02:38.079148+00:00,#2131,sweden_champion_no,0.99856
2026-06-30T21:02:40.443632+00:00,#6740,France,0.876465
2026-06-30T21:02:40.443632+00:00,#6741,Sweden,0.123535
2026-06-30T21:02:40.443632+00:00,#1890,france_champion_yes,0.297135
2026-06-30T21:02:40.443632+00:00,#1891,france_champion_no,0.702865
2026-06-30T21:02:40.443632+00:00,#2130,sweden_champion_yes,0.00144
2026-06-30T21:02:40.443632+00:00,#2131,sweden_champion_no,0.99856
2026-06-30T21:02:45.255741+00:00,#6740,France,0.874815
2026-06-30T21:02:45.255741+00:00,#6741,Sweden,0.125185
2026-06-30T21:02:45.255741+00:00,#1890,france_champion_yes,0.29918
2026-06-30T21:02:45.255741+00:00,#1891,france_champion_no,0.70082
2026-06-30T21:02:45.255741+00:00,#2130,sweden_champion_yes,0.00144
2026-06-30T21:02:45.255741+00:00,#2131,sweden_champion_no,0.99856
2026-06-30T21:02:50.339157+00:00,#6740,France,0.87413
2026-06-30T21:02:50.339157+00:00,#6741,Sweden,0.12587
2026-06-30T21:02:50.339157+00:00,#1890,france_champion_yes,0.29918
2026-06-30T21:02:50.339157+00:00,#1891,france_champion_no,0.70082
2026-06-30T21:02:50.339157+00:00,#2130,sweden_champion_yes,0.00144
2026-06-30T21:02:50.339157+00:00,#2131,sweden_champion_no,0.99856
2026-06-30T21:02:55.414346+00:00,#6740,France,0.87413
2026-06-30T21:02:55.414346+00:00,#6741,Sweden,0.12587
2026-06-30T21:02:55.414346+00:00,#1890,france_champion_yes,0.297195
2026-06-30T21:02:55.414346+00:00,#1891,france_champion_no,0.702805
2026-06-30T21:02:55.414346+00:00,#2130,sweden_champion_yes,0.00144
2026-06-30T21:02:55.414346+00:00,#2131,sweden_champion_no,0.99856
2026-06-30T21:02:55.442753+00:00,#6740,France,0.87413
2026-06-30T21:02:55.442753+00:00,#6741,Sweden,0.12587
2026-06-30T21:02:55.442753+00:00,#1890,france_champion_yes,0.297195
2026-06-30T21:02:55.442753+00:00,#1891,france_champion_no,0.702805
2026-06-30T21:02:55.442753+00:00,#2130,sweden_champion_yes,0.00144
2026-06-30T21:02:55.442753+00:00,#2131,sweden_champion_no,0.99856
2026-06-30T21:03:00.416284+00:00,#6740,France,0.874375
2026-06-30T21:03:00.416284+00:00,#6741,Sweden,0.125625
2026-06-30T21:03:00.416284+00:00,#1890,france_champion_yes,0.29918
2026-06-30T21:03:00.416284+00:00,#1891,france_champion_no,0.70082
2026-06-30T21:03:00.416284+00:00,#2130,sweden_champion_yes,0.00144
2026-06-30T21:03:00.416284+00:00,#2131,sweden_champion_no,0.99856
2026-06-30T21:03:05.608796+00:00,#6740,France,0.87413
2026-06-30T21:03:05.608796+00:00,#6741,Sweden,0.12587
2026-06-30T21:03:05.608796+00:00,#1890,france_champion_yes,0.29918
2026-06-30T21:03:05.608796+00:00,#1891,france_champion_no,0.70082
2026-06-30T21:03:05.608796+00:00,#2130,sweden_champion_yes,0.00144
2026-06-30T21:03:05.608796+00:00,#2131,sweden_champion_no,0.99856
2026-06-30T21:03:10.441931+00:00,#6740,France,0.87413
2026-06-30T21:03:10.441931+00:00,#6741,Sweden,0.12587
2026-06-30T21:03:10.441931+00:00,#1890,france_champion_yes,0.297135
2026-06-30T21:03:10.441931+00:00,#1891,france_champion_no,0.702865
2026-06-30T21:03:10.441931+00:00,#2130,sweden_champion_yes,0.00144
2026-06-30T21:03:10.441931+00:00,#2131,sweden_champion_no,0.99856
2026-06-30T21:03:12.809123+00:00,#6740,France,0.87413
2026-06-30T21:03:12.809123+00:00,#6741,Sweden,0.12587
2026-06-30T21:03:12.809123+00:00,#1890,france_champion_yes,0.297135
2026-06-30T21:03:12.809123+00:00,#1891,france_champion_no,0.702865
2026-06-30T21:03:12.809123+00:00,#2130,sweden_champion_yes,0.00144
2026-06-30T21:03:12.809123+00:00,#2131,sweden_champion_no,0.99856
2026-06-30T21:03:15.454674+00:00,#6740,France,0.876
2026-06-30T21:03:15.454674+00:00,#6741,Sweden,0.124
2026-06-30T21:03:15.454674+00:00,#1890,france_champion_yes,0.297135
2026-06-30T21:03:15.454674+00:00,#1891,france_champion_no,0.702865
2026-06-30T21:03:15.454674+00:00,#2130,sweden_champion_yes,0.00144
2026-06-30T21:03:15.454674+00:00,#2131,sweden_champion_no,0.99856
2026-06-30T21:03:20.757418+00:00,#6740,France,0.876
2026-06-30T21:03:20.757418+00:00,#6741,Sweden,0.124
2026-06-30T21:03:20.757418+00:00,#1890,france_champion_yes,0.29918
2026-06-30T21:03:20.757418+00:00,#1891,france_champion_no,0.70082
2026-06-30T21:03:20.757418+00:00,#2130,sweden_champion_yes,0.00144
2026-06-30T21:03:20.757418+00:00,#2131,sweden_champion_no,0.99856
2026-06-30T21:03:25.577476+00:00,#6740,France,0.876
2026-06-30T21:03:25.577476+00:00,#6741,Sweden,0.124
2026-06-30T21:03:25.577476+00:00,#1890,france_champion_yes,0.29918
2026-06-30T21:03:25.577476+00:00,#1891,france_champion_no,0.70082
2026-06-30T21:03:25.577476+00:00,#2130,sweden_champion_yes,0.00144
2026-06-30T21:03:25.577476+00:00,#2131,sweden_champion_no,0.99856
2026-06-30T21:03:29.912035+00:00,#6740,France,0.876
2026-06-30T21:03:29.912035+00:00,#6741,Sweden,0.124
2026-06-30T21:03:29.912035+00:00,#1890,france_champion_yes,0.297195
2026-06-30T21:03:29.912035+00:00,#1891,france_champion_no,0.702805
2026-06-30T21:03:29.912035+00:00,#2130,sweden_champion_yes,0.00144
2026-06-30T21:03:29.912035+00:00,#2131,sweden_champion_no,0.99856
2026-06-30T21:03:31.967715+00:00,#6740,France,0.876
2026-06-30T21:03:31.967715+00:00,#6741,Sweden,0.124
2026-06-30T21:03:31.967715+00:00,#1890,france_champion_yes,0.297195
2026-06-30T21:03:31.967715+00:00,#1891,france_champion_no,0.702805
2026-06-30T21:03:31.967715+00:00,#2130,sweden_champion_yes,0.00144
2026-06-30T21:03:31.967715+00:00,#2131,sweden_champion_no,0.99856
2026-06-30T21:03:35.883796+00:00,#6740,France,0.874595
2026-06-30T21:03:35.883796+00:00,#6741,Sweden,0.125405
2026-06-30T21:03:35.883796+00:00,#1890,france_champion_yes,0.297195
2026-06-30T21:03:35.883796+00:00,#1891,france_champion_no,0.702805
2026-06-30T21:03:35.883796+00:00,#2130,sweden_champion_yes,0.00129
2026-06-30T21:03:35.883796+00:00,#2131,sweden_champion_no,0.99871
2026-06-30T21:03:40.659861+00:00,#6740,France,0.874595
2026-06-30T21:03:40.659861+00:00,#6741,Sweden,0.125405
2026-06-30T21:03:40.659861+00:00,#1890,france_champion_yes,0.29918
2026-06-30T21:03:40.659861+00:00,#1891,france_champion_no,0.70082
2026-06-30T21:03:40.659861+00:00,#2130,sweden_champion_yes,0.450165
2026-06-30T21:03:40.659861+00:00,#2131,sweden_champion_no,0.549835
2026-06-30T21:03:45.692858+00:00,#6740,France,0.874545
2026-06-30T21:03:45.692858+00:00,#6741,Sweden,0.125455
2026-06-30T21:03:45.692858+00:00,#1890,france_champion_yes,0.29918
2026-06-30T21:03:45.692858+00:00,#1891,france_champion_no,0.70082
2026-06-30T21:03:45.692858+00:00,#2130,sweden_champion_yes,0.00129
2026-06-30T21:03:45.692858+00:00,#2131,sweden_champion_no,0.99871
2026-06-30T21:03:46.967260+00:00,#6740,France,0.874545
2026-06-30T21:03:46.967260+00:00,#6741,Sweden,0.125455
2026-06-30T21:03:46.967260+00:00,#1890,france_champion_yes,0.29918
2026-06-30T21:03:46.967260+00:00,#1891,france_champion_no,0.70082
2026-06-30T21:03:46.967260+00:00,#2130,sweden_champion_yes,0.00129
2026-06-30T21:03:46.967260+00:00,#2131,sweden_champion_no,0.99871
2026-06-30T21:03:51.044661+00:00,#6740,France,0.874545
2026-06-30T21:03:51.044661+00:00,#6741,Sweden,0.125455
2026-06-30T21:03:51.044661+00:00,#1890,france_champion_yes,0.297135
2026-06-30T21:03:51.044661+00:00,#1891,france_champion_no,0.702865
2026-06-30T21:03:51.044661+00:00,#2130,sweden_champion_yes,0.00129
2026-06-30T21:03:51.044661+00:00,#2131,sweden_champion_no,0.99871
2026-06-30T21:03:55.687029+00:00,#6740,France,0.874605
2026-06-30T21:03:55.687029+00:00,#6741,Sweden,0.125395
2026-06-30T21:03:55.687029+00:00,#1890,france_champion_yes,0.29918
2026-06-30T21:03:55.687029+00:00,#1891,france_champion_no,0.70082
2026-06-30T21:03:55.687029+00:00,#2130,sweden_champion_yes,0.00129
2026-06-30T21:03:55.687029+00:00,#2131,sweden_champion_no,0.99871
2026-06-30T21:04:00.837149+00:00,#6740,France,0.87413
2026-06-30T21:04:00.837149+00:00,#6741,Sweden,0.12587
2026-06-30T21:04:00.837149+00:00,#1890,france_champion_yes,0.29918
2026-06-30T21:04:00.837149+00:00,#1891,france_champion_no,0.70082
2026-06-30T21:04:00.837149+00:00,#2130,sweden_champion_yes,0.00129
2026-06-30T21:04:00.837149+00:00,#2131,sweden_champion_no,0.99871
2026-06-30T21:04:03.968148+00:00,#6740,France,0.87413
2026-06-30T21:04:03.968148+00:00,#6741,Sweden,0.12587
2026-06-30T21:04:03.968148+00:00,#1890,france_champion_yes,0.29918
2026-06-30T21:04:03.968148+00:00,#1891,france_champion_no,0.70082
2026-06-30T21:04:03.968148+00:00,#2130,sweden_champion_yes,0.00129
2026-06-30T21:04:03.968148+00:00,#2131,sweden_champion_no,0.99871
2026-06-30T21:04:06.222552+00:00,#6740,France,0.87413
2026-06-30T21:04:06.222552+00:00,#6741,Sweden,0.12587
2026-06-30T21:04:06.222552+00:00,#1890,france_champion_yes,0.29918
2026-06-30T21:04:06.222552+00:00,#1891,france_champion_no,0.70082
2026-06-30T21:04:06.222552+00:00,#2130,sweden_champion_yes,0.00129
2026-06-30T21:04:06.222552+00:00,#2131,sweden_champion_no,0.99871
2026-06-30T21:04:10.977528+00:00,#6740,France,0.8735
2026-06-30T21:04:10.977528+00:00,#6741,Sweden,0.1265
2026-06-30T21:04:10.977528+00:00,#1890,france_champion_yes,0.297135
2026-06-30T21:04:10.977528+00:00,#1891,france_champion_no,0.702865
2026-06-30T21:04:10.977528+00:00,#2130,sweden_champion_yes,0.00129
2026-06-30T21:04:10.977528+00:00,#2131,sweden_champion_no,0.99871
2026-06-30T21:04:15.946108+00:00,#6740,France,0.877685
2026-06-30T21:04:15.946108+00:00,#6741,Sweden,0.122315
2026-06-30T21:04:15.946108+00:00,#1890,france_champion_yes,0.29918
2026-06-30T21:04:15.946108+00:00,#1891,france_champion_no,0.70082
2026-06-30T21:04:15.946108+00:00,#2130,sweden_champion_yes,0.00129
2026-06-30T21:04:15.946108+00:00,#2131,sweden_champion_no,0.99871
2026-06-30T21:04:20.994517+00:00,#6740,France,0.877685
2026-06-30T21:04:20.994517+00:00,#6741,Sweden,0.122315
2026-06-30T21:04:20.994517+00:00,#1890,france_champion_yes,0.29918
2026-06-30T21:04:20.994517+00:00,#1891,france_champion_no,0.70082
2026-06-30T21:04:20.994517+00:00,#2130,sweden_champion_yes,0.00129
2026-06-30T21:04:20.994517+00:00,#2131,sweden_champion_no,0.99871
2026-06-30T21:04:22.953931+00:00,#6740,France,0.877685
2026-06-30T21:04:22.953931+00:00,#6741,Sweden,0.122315
2026-06-30T21:04:22.953931+00:00,#1890,france_champion_yes,0.29918
2026-06-30T21:04:22.953931+00:00,#1891,france_champion_no,0.70082
2026-06-30T21:04:22.953931+00:00,#2130,sweden_champion_yes,0.00129
2026-06-30T21:04:22.953931+00:00,#2131,sweden_champion_no,0.99871
2026-06-30T21:04:26.049647+00:00,#6740,France,0.877685
2026-06-30T21:04:26.049647+00:00,#6741,Sweden,0.122315
2026-06-30T21:04:26.049647+00:00,#1890,france_champion_yes,0.29918
2026-06-30T21:04:26.049647+00:00,#1891,france_champion_no,0.70082
2026-06-30T21:04:26.049647+00:00,#2130,sweden_champion_yes,0.00129
2026-06-30T21:04:26.049647+00:00,#2131,sweden_champion_no,0.99871
2026-06-30T21:04:31.118013+00:00,#6740,France,0.877685
2026-06-30T21:04:31.118013+00:00,#6741,Sweden,0.122315
2026-06-30T21:04:31.118013+00:00,#1890,france_champion_yes,0.297135
2026-06-30T21:04:31.118013+00:00,#1891,france_champion_no,0.702865
2026-06-30T21:04:31.118013+00:00,#2130,sweden_champion_yes,0.00129
2026-06-30T21:04:31.118013+00:00,#2131,sweden_champion_no,0.99871
2026-06-30T21:04:36.414457+00:00,#6740,France,0.877685
2026-06-30T21:04:36.414457+00:00,#6741,Sweden,0.122315
2026-06-30T21:04:36.414457+00:00,#1890,france_champion_yes,0.297135
2026-06-30T21:04:36.414457+00:00,#1891,france_champion_no,0.702865
2026-06-30T21:04:36.414457+00:00,#2130,sweden_champion_yes,0.00129
2026-06-30T21:04:36.414457+00:00,#2131,sweden_champion_no,0.99871
2026-06-30T21:04:37.954447+00:00,#6740,France,0.877685
2026-06-30T21:04:37.954447+00:00,#6741,Sweden,0.122315
2026-06-30T21:04:37.954447+00:00,#1890,france_champion_yes,0.297135
2026-06-30T21:04:37.954447+00:00,#1891,france_champion_no,0.702865
2026-06-30T21:04:37.954447+00:00,#2130,sweden_champion_yes,0.00129
2026-06-30T21:04:37.954447+00:00,#2131,sweden_champion_no,0.99871
2026-06-30T21:04:41.112497+00:00,#6740,France,0.877685
2026-06-30T21:04:41.112497+00:00,#6741,Sweden,0.122315
2026-06-30T21:04:41.112497+00:00,#1890,france_champion_yes,0.29918
2026-06-30T21:04:41.112497+00:00,#1891,france_champion_no,0.70082
2026-06-30T21:04:41.112497+00:00,#2130,sweden_champion_yes,0.00129
2026-06-30T21:04:41.112497+00:00,#2131,sweden_champion_no,0.99871
2026-06-30T21:04:46.100446+00:00,#6740,France,0.877685
2026-06-30T21:04:46.100446+00:00,#6741,Sweden,0.122315
2026-06-30T21:04:46.100446+00:00,#1890,france_champion_yes,0.29918
2026-06-30T21:04:46.100446+00:00,#1891,france_champion_no,0.70082
2026-06-30T21:04:46.100446+00:00,#2130,sweden_champion_yes,0.00129
2026-06-30T21:04:46.100446+00:00,#2131,sweden_champion_no,0.99871
2026-06-30T21:04:51.365167+00:00,#6740,France,0.877685
2026-06-30T21:04:51.365167+00:00,#6741,Sweden,0.122315
2026-06-30T21:04:51.365167+00:00,#1890,france_champion_yes,0.297135
2026-06-30T21:04:51.365167+00:00,#1891,france_champion_no,0.702865
2026-06-30T21:04:51.365167+00:00,#2130,sweden_champion_yes,0.00129
2026-06-30T21:04:51.365167+00:00,#2131,sweden_champion_no,0.99871
2026-06-30T21:04:55.072008+00:00,#6740,France,0.877685
2026-06-30T21:04:55.072008+00:00,#6741,Sweden,0.122315
2026-06-30T21:04:55.072008+00:00,#1890,france_champion_yes,0.297135
2026-06-30T21:04:55.072008+00:00,#1891,france_champion_no,0.702865
2026-06-30T21:04:55.072008+00:00,#2130,sweden_champion_yes,0.00129
2026-06-30T21:04:55.072008+00:00,#2131,sweden_champion_no,0.99871
2026-06-30T21:04:57.079131+00:00,#6740,France,0.8747
2026-06-30T21:04:57.079131+00:00,#6741,Sweden,0.1253
2026-06-30T21:04:57.079131+00:00,#1890,france_champion_yes,0.297135
2026-06-30T21:04:57.079131+00:00,#1891,france_champion_no,0.702865
2026-06-30T21:04:57.079131+00:00,#2130,sweden_champion_yes,0.00129
2026-06-30T21:04:57.079131+00:00,#2131,sweden_champion_no,0.99871
2026-06-30T21:05:01.293829+00:00,#6740,France,0.8747
2026-06-30T21:05:01.293829+00:00,#6741,Sweden,0.1253
2026-06-30T21:05:01.293829+00:00,#1890,france_champion_yes,0.29918
2026-06-30T21:05:01.293829+00:00,#1891,france_champion_no,0.70082
2026-06-30T21:05:01.293829+00:00,#2130,sweden_champion_yes,0.00129
2026-06-30T21:05:01.293829+00:00,#2131,sweden_champion_no,0.99871
2026-06-30T21:05:06.638513+00:00,#6740,France,0.875775
2026-06-30T21:05:06.638513+00:00,#6741,Sweden,0.124225
2026-06-30T21:05:06.638513+00:00,#1890,france_champion_yes,0.29918
2026-06-30T21:05:06.638513+00:00,#1891,france_champion_no,0.70082
2026-06-30T21:05:06.638513+00:00,#2130,sweden_champion_yes,0.00129
2026-06-30T21:05:06.638513+00:00,#2131,sweden_champion_no,0.99871
2026-06-30T21:05:11.492643+00:00,#6740,France,0.87465
2026-06-30T21:05:11.492643+00:00,#6741,Sweden,0.12535
2026-06-30T21:05:11.492643+00:00,#1890,france_champion_yes,0.29918
2026-06-30T21:05:11.492643+00:00,#1891,france_champion_no,0.70082
2026-06-30T21:05:11.492643+00:00,#2130,sweden_champion_yes,0.00129
2026-06-30T21:05:11.492643+00:00,#2131,sweden_champion_no,0.99871
2026-06-30T21:05:12.079258+00:00,#6740,France,0.87465
2026-06-30T21:05:12.079258+00:00,#6741,Sweden,0.12535
2026-06-30T21:05:12.079258+00:00,#1890,france_champion_yes,0.29918
2026-06-30T21:05:12.079258+00:00,#1891,france_champion_no,0.70082
2026-06-30T21:05:12.079258+00:00,#2130,sweden_champion_yes,0.00129
2026-06-30T21:05:12.079258+00:00,#2131,sweden_champion_no,0.99871
2026-06-30T21:05:16.921687+00:00,#6740,France,0.87465
2026-06-30T21:05:16.921687+00:00,#6741,Sweden,0.12535
2026-06-30T21:05:16.921687+00:00,#1890,france_champion_yes,0.297135
2026-06-30T21:05:16.921687+00:00,#1891,france_champion_no,0.702865
2026-06-30T21:05:16.921687+00:00,#2130,sweden_champion_yes,0.00129
2026-06-30T21:05:16.921687+00:00,#2131,sweden_champion_no,0.99871
2026-06-30T21:05:21.804314+00:00,#6740,France,0.87465
2026-06-30T21:05:21.804314+00:00,#6741,Sweden,0.12535
2026-06-30T21:05:21.804314+00:00,#1890,france_champion_yes,0.29918
2026-06-30T21:05:21.804314+00:00,#1891,france_champion_no,0.70082
2026-06-30T21:05:21.804314+00:00,#2130,sweden_champion_yes,0.00129
2026-06-30T21:05:21.804314+00:00,#2131,sweden_champion_no,0.99871
2026-06-30T21:05:26.524811+00:00,#6740,France,0.87465
2026-06-30T21:05:26.524811+00:00,#6741,Sweden,0.12535
2026-06-30T21:05:26.524811+00:00,#1890,france_champion_yes,0.29918
2026-06-30T21:05:26.524811+00:00,#1891,france_champion_no,0.70082
2026-06-30T21:05:26.524811+00:00,#2130,sweden_champion_yes,0.00129
2026-06-30T21:05:26.524811+00:00,#2131,sweden_champion_no,0.99871
2026-06-30T21:05:29.256002+00:00,#6740,France,0.87465
2026-06-30T21:05:29.256002+00:00,#6741,Sweden,0.12535
2026-06-30T21:05:29.256002+00:00,#1890,france_champion_yes,0.29918
2026-06-30T21:05:29.256002+00:00,#1891,france_champion_no,0.70082
2026-06-30T21:05:29.256002+00:00,#2130,sweden_champion_yes,0.00129
2026-06-30T21:05:29.256002+00:00,#2131,sweden_champion_no,0.99871
2026-06-30T21:05:31.624516+00:00,#6740,France,0.872325
2026-06-30T21:05:31.624516+00:00,#6741,Sweden,0.127675
2026-06-30T21:05:31.624516+00:00,#1890,france_champion_yes,0.29918
2026-06-30T21:05:31.624516+00:00,#1891,france_champion_no,0.70082
2026-06-30T21:05:31.624516+00:00,#2130,sweden_champion_yes,0.00129
2026-06-30T21:05:31.624516+00:00,#2131,sweden_champion_no,0.99871
2026-06-30T21:05:36.828799+00:00,#6740,France,0.872325
2026-06-30T21:05:36.828799+00:00,#6741,Sweden,0.127675
2026-06-30T21:05:36.828799+00:00,#1890,france_champion_yes,0.297135
2026-06-30T21:05:36.828799+00:00,#1891,france_champion_no,0.702865
2026-06-30T21:05:36.828799+00:00,#2130,sweden_champion_yes,0.00129
2026-06-30T21:05:36.828799+00:00,#2131,sweden_champion_no,0.99871
2026-06-30T21:05:41.706129+00:00,#6740,France,0.872325
2026-06-30T21:05:41.706129+00:00,#6741,Sweden,0.127675
2026-06-30T21:05:41.706129+00:00,#1890,france_champion_yes,0.29918
2026-06-30T21:05:41.706129+00:00,#1891,france_champion_no,0.70082
2026-06-30T21:05:41.706129+00:00,#2130,sweden_champion_yes,0.00129
2026-06-30T21:05:41.706129+00:00,#2131,sweden_champion_no,0.99871
2026-06-30T21:05:46.361320+00:00,#6740,France,0.873025
2026-06-30T21:05:46.361320+00:00,#6741,Sweden,0.126975
2026-06-30T21:05:46.361320+00:00,#1890,france_champion_yes,0.29918
2026-06-30T21:05:46.361320+00:00,#1891,france_champion_no,0.70082
2026-06-30T21:05:46.361320+00:00,#2130,sweden_champion_yes,0.00129
2026-06-30T21:05:46.361320+00:00,#2131,sweden_champion_no,0.99871
2026-06-30T21:05:48.202806+00:00,#6740,France,0.873025
2026-06-30T21:05:48.202806+00:00,#6741,Sweden,0.126975
2026-06-30T21:05:48.202806+00:00,#1890,france_champion_yes,0.29918
2026-06-30T21:05:48.202806+00:00,#1891,france_champion_no,0.70082
2026-06-30T21:05:48.202806+00:00,#2130,sweden_champion_yes,0.00129
2026-06-30T21:05:48.202806+00:00,#2131,sweden_champion_no,0.99871
2026-06-30T21:05:51.839681+00:00,#6740,France,0.873015
2026-06-30T21:05:51.839681+00:00,#6741,Sweden,0.126985
2026-06-30T21:05:51.839681+00:00,#1890,france_champion_yes,0.29918
2026-06-30T21:05:51.839681+00:00,#1891,france_champion_no,0.70082
2026-06-30T21:05:51.839681+00:00,#2130,sweden_champion_yes,0.00129
2026-06-30T21:05:51.839681+00:00,#2131,sweden_champion_no,0.99871
2026-06-30T21:05:56.771523+00:00,#6740,France,0.873
2026-06-30T21:05:56.771523+00:00,#6741,Sweden,0.127
2026-06-30T21:05:56.771523+00:00,#1890,france_champion_yes,0.297135
2026-06-30T21:05:56.771523+00:00,#1891,france_champion_no,0.702865
2026-06-30T21:05:56.771523+00:00,#2130,sweden_champion_yes,0.00129
2026-06-30T21:05:56.771523+00:00,#2131,sweden_champion_no,0.99871
2026-06-30T21:06:01.652903+00:00,#6740,France,0.872985
2026-06-30T21:06:01.652903+00:00,#6741,Sweden,0.127015
2026-06-30T21:06:01.652903+00:00,#1890,france_champion_yes,0.29918
2026-06-30T21:06:01.652903+00:00,#1891,france_champion_no,0.70082
2026-06-30T21:06:01.652903+00:00,#2130,sweden_champion_yes,0.00129
2026-06-30T21:06:01.652903+00:00,#2131,sweden_champion_no,0.99871
2026-06-30T21:06:03.203070+00:00,#6740,France,0.872985
2026-06-30T21:06:03.203070+00:00,#6741,Sweden,0.127015
2026-06-30T21:06:03.203070+00:00,#1890,france_champion_yes,0.29918
2026-06-30T21:06:03.203070+00:00,#1891,france_champion_no,0.70082
2026-06-30T21:06:03.203070+00:00,#2130,sweden_champion_yes,0.00129
2026-06-30T21:06:03.203070+00:00,#2131,sweden_champion_no,0.99871
2026-06-30T21:06:07.039214+00:00,#6740,France,0.872985
2026-06-30T21:06:07.039214+00:00,#6741,Sweden,0.127015
2026-06-30T21:06:07.039214+00:00,#1890,france_champion_yes,0.29918
2026-06-30T21:06:07.039214+00:00,#1891,france_champion_no,0.70082
2026-06-30T21:06:07.039214+00:00,#2130,sweden_champion_yes,0.00129
2026-06-30T21:06:07.039214+00:00,#2131,sweden_champion_no,0.99871
2026-06-30T21:06:11.808191+00:00,#6740,France,0.872985
2026-06-30T21:06:11.808191+00:00,#6741,Sweden,0.127015
2026-06-30T21:06:11.808191+00:00,#1890,france_champion_yes,0.29918
2026-06-30T21:06:11.808191+00:00,#1891,france_champion_no,0.70082
2026-06-30T21:06:11.808191+00:00,#2130,sweden_champion_yes,0.00129
2026-06-30T21:06:11.808191+00:00,#2131,sweden_champion_no,0.99871
2026-06-30T21:06:16.896393+00:00,#6740,France,0.872985
2026-06-30T21:06:16.896393+00:00,#6741,Sweden,0.127015
2026-06-30T21:06:16.896393+00:00,#1890,france_champion_yes,0.297135
2026-06-30T21:06:16.896393+00:00,#1891,france_champion_no,0.702865
2026-06-30T21:06:16.896393+00:00,#2130,sweden_champion_yes,0.00129
2026-06-30T21:06:16.896393+00:00,#2131,sweden_champion_no,0.99871
2026-06-30T21:06:20.160424+00:00,#6740,France,0.872985
2026-06-30T21:06:20.160424+00:00,#6741,Sweden,0.127015
2026-06-30T21:06:20.160424+00:00,#1890,france_champion_yes,0.297135
2026-06-30T21:06:20.160424+00:00,#1891,france_champion_no,0.702865
2026-06-30T21:06:20.160424+00:00,#2130,sweden_champion_yes,0.00129
2026-06-30T21:06:20.160424+00:00,#2131,sweden_champion_no,0.99871
2026-06-30T21:06:22.587913+00:00,#6740,France,0.87288
2026-06-30T21:06:22.587913+00:00,#6741,Sweden,0.12712
2026-06-30T21:06:22.587913+00:00,#1890,france_champion_yes,0.29918
2026-06-30T21:06:22.587913+00:00,#1891,france_champion_no,0.70082
2026-06-30T21:06:22.587913+00:00,#2130,sweden_champion_yes,0.00129
2026-06-30T21:06:22.587913+00:00,#2131,sweden_champion_no,0.99871
2026-06-30T21:06:26.896818+00:00,#6740,France,0.87288
2026-06-30T21:06:26.896818+00:00,#6741,Sweden,0.12712
2026-06-30T21:06:26.896818+00:00,#1890,france_champion_yes,0.29918
2026-06-30T21:06:26.896818+00:00,#1891,france_champion_no,0.70082
2026-06-30T21:06:26.896818+00:00,#2130,sweden_champion_yes,0.00129
2026-06-30T21:06:26.896818+00:00,#2131,sweden_champion_no,0.99871
2026-06-30T21:06:31.942325+00:00,#6740,France,0.87288
2026-06-30T21:06:31.942325+00:00,#6741,Sweden,0.12712
2026-06-30T21:06:31.942325+00:00,#1890,france_champion_yes,0.29918
2026-06-30T21:06:31.942325+00:00,#1891,france_champion_no,0.70082
2026-06-30T21:06:31.942325+00:00,#2130,sweden_champion_yes,0.00129
2026-06-30T21:06:31.942325+00:00,#2131,sweden_champion_no,0.99871
2026-06-30T21:06:37.377692+00:00,#6740,France,0.872825
2026-06-30T21:06:37.377692+00:00,#6741,Sweden,0.127175
2026-06-30T21:06:37.377692+00:00,#1890,france_champion_yes,0.297135
2026-06-30T21:06:37.377692+00:00,#1891,france_champion_no,0.702865
2026-06-30T21:06:37.377692+00:00,#2130,sweden_champion_yes,0.00129
2026-06-30T21:06:37.377692+00:00,#2131,sweden_champion_no,0.99871
2026-06-30T21:06:37.588480+00:00,#6740,France,0.872825
2026-06-30T21:06:37.588480+00:00,#6741,Sweden,0.127175
2026-06-30T21:06:37.588480+00:00,#1890,france_champion_yes,0.297135
2026-06-30T21:06:37.588480+00:00,#1891,france_champion_no,0.702865
2026-06-30T21:06:37.588480+00:00,#2130,sweden_champion_yes,0.00129
2026-06-30T21:06:37.588480+00:00,#2131,sweden_champion_no,0.99871
2026-06-30T21:06:41.990853+00:00,#6740,France,0.872825
2026-06-30T21:06:41.990853+00:00,#6741,Sweden,0.127175
2026-06-30T21:06:41.990853+00:00,#1890,france_champion_yes,0.297135
2026-06-30T21:06:41.990853+00:00,#1891,france_champion_no,0.702865
2026-06-30T21:06:41.990853+00:00,#2130,sweden_champion_yes,0.00129
2026-06-30T21:06:41.990853+00:00,#2131,sweden_champion_no,0.99871
2026-06-30T21:06:46.939771+00:00,#6740,France,0.872825
2026-06-30T21:06:46.939771+00:00,#6741,Sweden,0.127175
2026-06-30T21:06:46.939771+00:00,#1890,france_champion_yes,0.29918
2026-06-30T21:06:46.939771+00:00,#1891,france_champion_no,0.70082
2026-06-30T21:06:46.939771+00:00,#2130,sweden_champion_yes,0.00129
2026-06-30T21:06:46.939771+00:00,#2131,sweden_champion_no,0.99871
2026-06-30T21:06:52.256379+00:00,#6740,France,0.872825
2026-06-30T21:06:52.256379+00:00,#6741,Sweden,0.127175
2026-06-30T21:06:52.256379+00:00,#1890,france_champion_yes,0.29918
2026-06-30T21:06:52.256379+00:00,#1891,france_champion_no,0.70082
2026-06-30T21:06:52.256379+00:00,#2130,sweden_champion_yes,0.450165
2026-06-30T21:06:52.256379+00:00,#2131,sweden_champion_no,0.549835
2026-06-30T21:06:54.582023+00:00,#6740,France,0.872825
2026-06-30T21:06:54.582023+00:00,#6741,Sweden,0.127175
2026-06-30T21:06:54.582023+00:00,#1890,france_champion_yes,0.29918
2026-06-30T21:06:54.582023+00:00,#1891,france_champion_no,0.70082
2026-06-30T21:06:54.582023+00:00,#2130,sweden_champion_yes,0.450165
2026-06-30T21:06:54.582023+00:00,#2131,sweden_champion_no,0.549835
2026-06-30T21:06:57.033942+00:00,#6740,France,0.872825
2026-06-30T21:06:57.033942+00:00,#6741,Sweden,0.127175
2026-06-30T21:06:57.033942+00:00,#1890,france_champion_yes,0.292235
2026-06-30T21:06:57.033942+00:00,#1891,france_champion_no,0.707765
2026-06-30T21:06:57.033942+00:00,#2130,sweden_champion_yes,0.450165
2026-06-30T21:06:57.033942+00:00,#2131,sweden_champion_no,0.549835
2026-06-30T21:07:02.091759+00:00,#6740,France,0.872825
2026-06-30T21:07:02.091759+00:00,#6741,Sweden,0.127175
2026-06-30T21:07:02.091759+00:00,#1890,france_champion_yes,0.292235
2026-06-30T21:07:02.091759+00:00,#1891,france_champion_no,0.707765
2026-06-30T21:07:02.091759+00:00,#2130,sweden_champion_yes,0.00129
2026-06-30T21:07:02.091759+00:00,#2131,sweden_champion_no,0.99871
2026-06-30T21:07:07.471884+00:00,#6740,France,0.872795
2026-06-30T21:07:07.471884+00:00,#6741,Sweden,0.127205
2026-06-30T21:07:07.471884+00:00,#1890,france_champion_yes,0.292235
2026-06-30T21:07:07.471884+00:00,#1891,france_champion_no,0.707765
2026-06-30T21:07:07.471884+00:00,#2130,sweden_champion_yes,0.00129
2026-06-30T21:07:07.471884+00:00,#2131,sweden_champion_no,0.99871
2026-06-30T21:07:11.838764+00:00,#6740,France,0.872795
2026-06-30T21:07:11.838764+00:00,#6741,Sweden,0.127205
2026-06-30T21:07:11.838764+00:00,#1890,france_champion_yes,0.292235
2026-06-30T21:07:11.838764+00:00,#1891,france_champion_no,0.707765
2026-06-30T21:07:11.838764+00:00,#2130,sweden_champion_yes,0.00129
2026-06-30T21:07:11.838764+00:00,#2131,sweden_champion_no,0.99871
2026-06-30T21:07:13.923236+00:00,#6740,France,0.872795
2026-06-30T21:07:13.923236+00:00,#6741,Sweden,0.127205
2026-06-30T21:07:13.923236+00:00,#1890,france_champion_yes,0.292235
2026-06-30T21:07:13.923236+00:00,#1891,france_champion_no,0.707765
2026-06-30T21:07:13.923236+00:00,#2130,sweden_champion_yes,0.00129
2026-06-30T21:07:13.923236+00:00,#2131,sweden_champion_no,0.99871
2026-06-30T21:07:17.242410+00:00,#6740,France,0.872795
2026-06-30T21:07:17.242410+00:00,#6741,Sweden,0.127205
2026-06-30T21:07:17.242410+00:00,#1890,france_champion_yes,0.292235
2026-06-30T21:07:17.242410+00:00,#1891,france_champion_no,0.707765
2026-06-30T21:07:17.242410+00:00,#2130,sweden_champion_yes,0.00129
2026-06-30T21:07:17.242410+00:00,#2131,sweden_champion_no,0.99871
2026-06-30T21:07:22.505956+00:00,#6740,France,0.872795
2026-06-30T21:07:22.505956+00:00,#6741,Sweden,0.127205
2026-06-30T21:07:22.505956+00:00,#1890,france_champion_yes,0.28876
2026-06-30T21:07:22.505956+00:00,#1891,france_champion_no,0.71124
2026-06-30T21:07:22.505956+00:00,#2130,sweden_champion_yes,0.00129
2026-06-30T21:07:22.505956+00:00,#2131,sweden_champion_no,0.99871
2026-06-30T21:07:27.313299+00:00,#6740,France,0.872795
2026-06-30T21:07:27.313299+00:00,#6741,Sweden,0.127205
2026-06-30T21:07:27.313299+00:00,#1890,france_champion_yes,0.29357
2026-06-30T21:07:27.313299+00:00,#1891,france_champion_no,0.70643
2026-06-30T21:07:27.313299+00:00,#2130,sweden_champion_yes,0.00129
2026-06-30T21:07:27.313299+00:00,#2131,sweden_champion_no,0.99871
2026-06-30T21:07:28.924584+00:00,#6740,France,0.872795
2026-06-30T21:07:28.924584+00:00,#6741,Sweden,0.127205
2026-06-30T21:07:28.924584+00:00,#1890,france_champion_yes,0.29357
2026-06-30T21:07:28.924584+00:00,#1891,france_champion_no,0.70643
2026-06-30T21:07:28.924584+00:00,#2130,sweden_champion_yes,0.00129
2026-06-30T21:07:28.924584+00:00,#2131,sweden_champion_no,0.99871
2026-06-30T21:07:32.398220+00:00,#6740,France,0.872795
2026-06-30T21:07:32.398220+00:00,#6741,Sweden,0.127205
2026-06-30T21:07:32.398220+00:00,#1890,france_champion_yes,0.29357
2026-06-30T21:07:32.398220+00:00,#1891,france_champion_no,0.70643
2026-06-30T21:07:32.398220+00:00,#2130,sweden_champion_yes,0.00129
2026-06-30T21:07:32.398220+00:00,#2131,sweden_champion_no,0.99871
2026-06-30T21:07:37.520806+00:00,#6740,France,0.872795
2026-06-30T21:07:37.520806+00:00,#6741,Sweden,0.127205
2026-06-30T21:07:37.520806+00:00,#1890,france_champion_yes,0.29357
2026-06-30T21:07:37.520806+00:00,#1891,france_champion_no,0.70643
2026-06-30T21:07:37.520806+00:00,#2130,sweden_champion_yes,0.00129
2026-06-30T21:07:37.520806+00:00,#2131,sweden_champion_no,0.99871
2026-06-30T21:07:42.512888+00:00,#6740,France,0.872795
2026-06-30T21:07:42.512888+00:00,#6741,Sweden,0.127205
2026-06-30T21:07:42.512888+00:00,#1890,france_champion_yes,0.28943
2026-06-30T21:07:42.512888+00:00,#1891,france_champion_no,0.71057
2026-06-30T21:07:42.512888+00:00,#2130,sweden_champion_yes,0.00129
2026-06-30T21:07:42.512888+00:00,#2131,sweden_champion_no,0.99871
2026-06-30T21:07:46.066877+00:00,#6740,France,0.872795
2026-06-30T21:07:46.066877+00:00,#6741,Sweden,0.127205
2026-06-30T21:07:46.066877+00:00,#1890,france_champion_yes,0.28943
2026-06-30T21:07:46.066877+00:00,#1891,france_champion_no,0.71057
2026-06-30T21:07:46.066877+00:00,#2130,sweden_champion_yes,0.00129
2026-06-30T21:07:46.066877+00:00,#2131,sweden_champion_no,0.99871
2026-06-30T21:07:48.305756+00:00,#6740,France,0.881665
2026-06-30T21:07:48.305756+00:00,#6741,Sweden,0.118335
2026-06-30T21:07:48.305756+00:00,#1890,france_champion_yes,0.28943
2026-06-30T21:07:48.305756+00:00,#1891,france_champion_no,0.71057
2026-06-30T21:07:48.305756+00:00,#2130,sweden_champion_yes,0.00129
2026-06-30T21:07:48.305756+00:00,#2131,sweden_champion_no,0.99871
2026-06-30T21:07:52.762341+00:00,#6740,France,0.88005
2026-06-30T21:07:52.762341+00:00,#6741,Sweden,0.11995
2026-06-30T21:07:52.762341+00:00,#1890,france_champion_yes,0.28943
2026-06-30T21:07:52.762341+00:00,#1891,france_champion_no,0.71057
2026-06-30T21:07:52.762341+00:00,#2130,sweden_champion_yes,0.00129
2026-06-30T21:07:52.762341+00:00,#2131,sweden_champion_no,0.99871
2026-06-30T21:07:57.522585+00:00,#6740,France,0.88005
2026-06-30T21:07:57.522585+00:00,#6741,Sweden,0.11995
2026-06-30T21:07:57.522585+00:00,#1890,france_champion_yes,0.28943
2026-06-30T21:07:57.522585+00:00,#1891,france_champion_no,0.71057
2026-06-30T21:07:57.522585+00:00,#2130,sweden_champion_yes,0.00129
2026-06-30T21:07:57.522585+00:00,#2131,sweden_champion_no,0.99871
2026-06-30T21:08:02.511475+00:00,#6740,France,0.88005
2026-06-30T21:08:02.511475+00:00,#6741,Sweden,0.11995
2026-06-30T21:08:02.511475+00:00,#1890,france_champion_yes,0.28736
2026-06-30T21:08:02.511475+00:00,#1891,france_champion_no,0.71264
2026-06-30T21:08:02.511475+00:00,#2130,sweden_champion_yes,0.00129
2026-06-30T21:08:02.511475+00:00,#2131,sweden_champion_no,0.99871
2026-06-30T21:08:03.306301+00:00,#6740,France,0.88005
2026-06-30T21:08:03.306301+00:00,#6741,Sweden,0.11995
2026-06-30T21:08:03.306301+00:00,#1890,france_champion_yes,0.28736
2026-06-30T21:08:03.306301+00:00,#1891,france_champion_no,0.71264
2026-06-30T21:08:03.306301+00:00,#2130,sweden_champion_yes,0.00129
2026-06-30T21:08:03.306301+00:00,#2131,sweden_champion_no,0.99871
2026-06-30T21:08:07.791460+00:00,#6740,France,0.88005
2026-06-30T21:08:07.791460+00:00,#6741,Sweden,0.11995
2026-06-30T21:08:07.791460+00:00,#1890,france_champion_yes,0.29357
2026-06-30T21:08:07.791460+00:00,#1891,france_champion_no,0.70643
2026-06-30T21:08:07.791460+00:00,#2130,sweden_champion_yes,0.450165
2026-06-30T21:08:07.791460+00:00,#2131,sweden_champion_no,0.549835
2026-06-30T21:08:12.690370+00:00,#6740,France,0.88005
2026-06-30T21:08:12.690370+00:00,#6741,Sweden,0.11995
2026-06-30T21:08:12.690370+00:00,#1890,france_champion_yes,0.29357
2026-06-30T21:08:12.690370+00:00,#1891,france_champion_no,0.70643
2026-06-30T21:08:12.690370+00:00,#2130,sweden_champion_yes,0.00129
2026-06-30T21:08:12.690370+00:00,#2131,sweden_champion_no,0.99871
2026-06-30T21:08:17.707995+00:00,#6740,France,0.8799
2026-06-30T21:08:17.707995+00:00,#6741,Sweden,0.1201
2026-06-30T21:08:17.707995+00:00,#1890,france_champion_yes,0.29357
2026-06-30T21:08:17.707995+00:00,#1891,france_champion_no,0.70643
2026-06-30T21:08:17.707995+00:00,#2130,sweden_champion_yes,0.00129
2026-06-30T21:08:17.707995+00:00,#2131,sweden_champion_no,0.99871
2026-06-30T21:08:20.411303+00:00,#6740,France,0.8799
2026-06-30T21:08:20.411303+00:00,#6741,Sweden,0.1201
2026-06-30T21:08:20.411303+00:00,#1890,france_champion_yes,0.29357
2026-06-30T21:08:20.411303+00:00,#1891,france_champion_no,0.70643
2026-06-30T21:08:20.411303+00:00,#2130,sweden_champion_yes,0.00129
2026-06-30T21:08:20.411303+00:00,#2131,sweden_champion_no,0.99871
2026-06-30T21:08:24.827942+00:00,#6740,France,0.8799
2026-06-30T21:08:24.827942+00:00,#6741,Sweden,0.1201
2026-06-30T21:08:24.827942+00:00,#1890,france_champion_yes,0.28943
2026-06-30T21:08:24.827942+00:00,#1891,france_champion_no,0.71057
2026-06-30T21:08:24.827942+00:00,#2130,sweden_champion_yes,0.00129
2026-06-30T21:08:24.827942+00:00,#2131,sweden_champion_no,0.99871
2026-06-30T21:08:27.708368+00:00,#6740,France,0.879545
2026-06-30T21:08:27.708368+00:00,#6741,Sweden,0.120455
2026-06-30T21:08:27.708368+00:00,#1890,france_champion_yes,0.28943
2026-06-30T21:08:27.708368+00:00,#1891,france_champion_no,0.71057
2026-06-30T21:08:27.708368+00:00,#2130,sweden_champion_yes,0.00129
2026-06-30T21:08:27.708368+00:00,#2131,sweden_champion_no,0.99871
2026-06-30T21:08:32.764517+00:00,#6740,France,0.879545
2026-06-30T21:08:32.764517+00:00,#6741,Sweden,0.120455
2026-06-30T21:08:32.764517+00:00,#1890,france_champion_yes,0.29357
2026-06-30T21:08:32.764517+00:00,#1891,france_champion_no,0.70643
2026-06-30T21:08:32.764517+00:00,#2130,sweden_champion_yes,0.00129
2026-06-30T21:08:32.764517+00:00,#2131,sweden_champion_no,0.99871
2026-06-30T21:08:37.670753+00:00,#6740,France,0.879545
2026-06-30T21:08:37.670753+00:00,#6741,Sweden,0.120455
2026-06-30T21:08:37.670753+00:00,#1890,france_champion_yes,0.29357
2026-06-30T21:08:37.670753+00:00,#1891,france_champion_no,0.70643
2026-06-30T21:08:37.670753+00:00,#2130,sweden_champion_yes,0.00129
2026-06-30T21:08:37.670753+00:00,#2131,sweden_champion_no,0.99871
2026-06-30T21:08:39.817634+00:00,#6740,France,0.879545
2026-06-30T21:08:39.817634+00:00,#6741,Sweden,0.120455
2026-06-30T21:08:39.817634+00:00,#1890,france_champion_yes,0.29357
2026-06-30T21:08:39.817634+00:00,#1891,france_champion_no,0.70643
2026-06-30T21:08:39.817634+00:00,#2130,sweden_champion_yes,0.00129
2026-06-30T21:08:39.817634+00:00,#2131,sweden_champion_no,0.99871
2026-06-30T21:08:42.522083+00:00,#6740,France,0.879745
2026-06-30T21:08:42.522083+00:00,#6741,Sweden,0.120255
2026-06-30T21:08:42.522083+00:00,#1890,france_champion_yes,0.28943
2026-06-30T21:08:42.522083+00:00,#1891,france_champion_no,0.71057
2026-06-30T21:08:42.522083+00:00,#2130,sweden_champion_yes,0.00129
2026-06-30T21:08:42.522083+00:00,#2131,sweden_champion_no,0.99871
2026-06-30T21:08:47.748563+00:00,#6740,France,0.87924
2026-06-30T21:08:47.748563+00:00,#6741,Sweden,0.12076
2026-06-30T21:08:47.748563+00:00,#1890,france_champion_yes,0.28943
2026-06-30T21:08:47.748563+00:00,#1891,france_champion_no,0.71057
2026-06-30T21:08:47.748563+00:00,#2130,sweden_champion_yes,0.00129
2026-06-30T21:08:47.748563+00:00,#2131,sweden_champion_no,0.99871
2026-06-30T21:08:53.027761+00:00,#6740,France,0.87924
2026-06-30T21:08:53.027761+00:00,#6741,Sweden,0.12076
2026-06-30T21:08:53.027761+00:00,#1890,france_champion_yes,0.29357
2026-06-30T21:08:53.027761+00:00,#1891,france_champion_no,0.70643
2026-06-30T21:08:53.027761+00:00,#2130,sweden_champion_yes,0.00129
2026-06-30T21:08:53.027761+00:00,#2131,sweden_champion_no,0.99871
2026-06-30T21:08:54.817822+00:00,#6740,France,0.87924
2026-06-30T21:08:54.817822+00:00,#6741,Sweden,0.12076
2026-06-30T21:08:54.817822+00:00,#1890,france_champion_yes,0.29357
2026-06-30T21:08:54.817822+00:00,#1891,france_champion_no,0.70643
2026-06-30T21:08:54.817822+00:00,#2130,sweden_champion_yes,0.00129
2026-06-30T21:08:54.817822+00:00,#2131,sweden_champion_no,0.99871
2026-06-30T21:08:58.146783+00:00,#6740,France,0.87924
2026-06-30T21:08:58.146783+00:00,#6741,Sweden,0.12076
2026-06-30T21:08:58.146783+00:00,#1890,france_champion_yes,0.29357
2026-06-30T21:08:58.146783+00:00,#1891,france_champion_no,0.70643
2026-06-30T21:08:58.146783+00:00,#2130,sweden_champion_yes,0.00129
2026-06-30T21:08:58.146783+00:00,#2131,sweden_champion_no,0.99871
2026-06-30T21:09:02.969160+00:00,#6740,France,0.87924
2026-06-30T21:09:02.969160+00:00,#6741,Sweden,0.12076
2026-06-30T21:09:02.969160+00:00,#1890,france_champion_yes,0.28949
2026-06-30T21:09:02.969160+00:00,#1891,france_champion_no,0.71051
2026-06-30T21:09:02.969160+00:00,#2130,sweden_champion_yes,0.00129
2026-06-30T21:09:02.969160+00:00,#2131,sweden_champion_no,0.99871
2026-06-30T21:09:08.402008+00:00,#6740,France,0.87924
2026-06-30T21:09:08.402008+00:00,#6741,Sweden,0.12076
2026-06-30T21:09:08.402008+00:00,#1890,france_champion_yes,0.29357
2026-06-30T21:09:08.402008+00:00,#1891,france_champion_no,0.70643
2026-06-30T21:09:08.402008+00:00,#2130,sweden_champion_yes,0.00129
2026-06-30T21:09:08.402008+00:00,#2131,sweden_champion_no,0.99871
2026-06-30T21:09:11.664540+00:00,#6740,France,0.87924
2026-06-30T21:09:11.664540+00:00,#6741,Sweden,0.12076
2026-06-30T21:09:11.664540+00:00,#1890,france_champion_yes,0.29357
2026-06-30T21:09:11.664540+00:00,#1891,france_champion_no,0.70643
2026-06-30T21:09:11.664540+00:00,#2130,sweden_champion_yes,0.00129
2026-06-30T21:09:11.664540+00:00,#2131,sweden_champion_no,0.99871
2026-06-30T21:09:13.866638+00:00,#6740,France,0.87909
2026-06-30T21:09:13.866638+00:00,#6741,Sweden,0.12091
2026-06-30T21:09:13.866638+00:00,#1890,france_champion_yes,0.29357
2026-06-30T21:09:13.866638+00:00,#1891,france_champion_no,0.70643
2026-06-30T21:09:13.866638+00:00,#2130,sweden_champion_yes,0.00129
2026-06-30T21:09:13.866638+00:00,#2131,sweden_champion_no,0.99871
2026-06-30T21:09:18.067833+00:00,#6740,France,0.87909
2026-06-30T21:09:18.067833+00:00,#6741,Sweden,0.12091
2026-06-30T21:09:18.067833+00:00,#1890,france_champion_yes,0.28943
2026-06-30T21:09:18.067833+00:00,#1891,france_champion_no,0.71057
2026-06-30T21:09:18.067833+00:00,#2130,sweden_champion_yes,0.00129
2026-06-30T21:09:18.067833+00:00,#2131,sweden_champion_no,0.99871
2026-06-30T21:09:23.339391+00:00,#6740,France,0.87901
2026-06-30T21:09:23.339391+00:00,#6741,Sweden,0.12099
2026-06-30T21:09:23.339391+00:00,#1890,france_champion_yes,0.28943
2026-06-30T21:09:23.339391+00:00,#1891,france_champion_no,0.71057
2026-06-30T21:09:23.339391+00:00,#2130,sweden_champion_yes,0.00129
2026-06-30T21:09:23.339391+00:00,#2131,sweden_champion_no,0.99871
2026-06-30T21:09:28.175479+00:00,#6740,France,0.87901
2026-06-30T21:09:28.175479+00:00,#6741,Sweden,0.12099
2026-06-30T21:09:28.175479+00:00,#1890,france_champion_yes,0.29357
2026-06-30T21:09:28.175479+00:00,#1891,france_champion_no,0.70643
2026-06-30T21:09:28.175479+00:00,#2130,sweden_champion_yes,0.00129
2026-06-30T21:09:28.175479+00:00,#2131,sweden_champion_no,0.99871
2026-06-30T21:09:28.867147+00:00,#6740,France,0.87901
2026-06-30T21:09:28.867147+00:00,#6741,Sweden,0.12099
2026-06-30T21:09:28.867147+00:00,#1890,france_champion_yes,0.29357
2026-06-30T21:09:28.867147+00:00,#1891,france_champion_no,0.70643
2026-06-30T21:09:28.867147+00:00,#2130,sweden_champion_yes,0.00129
2026-06-30T21:09:28.867147+00:00,#2131,sweden_champion_no,0.99871
2026-06-30T21:09:33.279348+00:00,#6740,France,0.87833
2026-06-30T21:09:33.279348+00:00,#6741,Sweden,0.12167
2026-06-30T21:09:33.279348+00:00,#1890,france_champion_yes,0.29357
2026-06-30T21:09:33.279348+00:00,#1891,france_champion_no,0.70643
2026-06-30T21:09:33.279348+00:00,#2130,sweden_champion_yes,0.00129
2026-06-30T21:09:33.279348+00:00,#2131,sweden_champion_no,0.99871
2026-06-30T21:09:38.412563+00:00,#6740,France,0.87833
2026-06-30T21:09:38.412563+00:00,#6741,Sweden,0.12167
2026-06-30T21:09:38.412563+00:00,#1890,france_champion_yes,0.29357
2026-06-30T21:09:38.412563+00:00,#1891,france_champion_no,0.70643
2026-06-30T21:09:38.412563+00:00,#2130,sweden_champion_yes,0.00129
2026-06-30T21:09:38.412563+00:00,#2131,sweden_champion_no,0.99871
2026-06-30T21:09:43.242978+00:00,#6740,France,0.877735
2026-06-30T21:09:43.242978+00:00,#6741,Sweden,0.122265
2026-06-30T21:09:43.242978+00:00,#1890,france_champion_yes,0.28943
2026-06-30T21:09:43.242978+00:00,#1891,france_champion_no,0.71057
2026-06-30T21:09:43.242978+00:00,#2130,sweden_champion_yes,0.00129
2026-06-30T21:09:43.242978+00:00,#2131,sweden_champion_no,0.99871
2026-06-30T21:09:45.935485+00:00,#6740,France,0.877735
2026-06-30T21:09:45.935485+00:00,#6741,Sweden,0.122265
2026-06-30T21:09:45.935485+00:00,#1890,france_champion_yes,0.28943
2026-06-30T21:09:45.935485+00:00,#1891,france_champion_no,0.71057
2026-06-30T21:09:45.935485+00:00,#2130,sweden_champion_yes,0.00129
2026-06-30T21:09:45.935485+00:00,#2131,sweden_champion_no,0.99871
2026-06-30T21:09:48.345303+00:00,#6740,France,0.877735
2026-06-30T21:09:48.345303+00:00,#6741,Sweden,0.122265
2026-06-30T21:09:48.345303+00:00,#1890,france_champion_yes,0.29357
2026-06-30T21:09:48.345303+00:00,#1891,france_champion_no,0.70643
2026-06-30T21:09:48.345303+00:00,#2130,sweden_champion_yes,0.00129
2026-06-30T21:09:48.345303+00:00,#2131,sweden_champion_no,0.99871
2026-06-30T21:09:53.515205+00:00,#6740,France,0.877735
2026-06-30T21:09:53.515205+00:00,#6741,Sweden,0.122265
2026-06-30T21:09:53.515205+00:00,#1890,france_champion_yes,0.29357
2026-06-30T21:09:53.515205+00:00,#1891,france_champion_no,0.70643
2026-06-30T21:09:53.515205+00:00,#2130,sweden_champion_yes,0.00129
2026-06-30T21:09:53.515205+00:00,#2131,sweden_champion_no,0.99871
2026-06-30T21:09:58.238275+00:00,#6740,France,0.877035
2026-06-30T21:09:58.238275+00:00,#6741,Sweden,0.122965
2026-06-30T21:09:58.238275+00:00,#1890,france_champion_yes,0.29357
2026-06-30T21:09:58.238275+00:00,#1891,france_champion_no,0.70643
2026-06-30T21:09:58.238275+00:00,#2130,sweden_champion_yes,0.00129
2026-06-30T21:09:58.238275+00:00,#2131,sweden_champion_no,0.99871
2026-06-30T21:10:02.983644+00:00,#6740,France,0.877035
2026-06-30T21:10:02.983644+00:00,#6741,Sweden,0.122965
2026-06-30T21:10:02.983644+00:00,#1890,france_champion_yes,0.28943
2026-06-30T21:10:02.983644+00:00,#1891,france_champion_no,0.71057
2026-06-30T21:10:02.983644+00:00,#2130,sweden_champion_yes,0.00129
2026-06-30T21:10:02.983644+00:00,#2131,sweden_champion_no,0.99871
2026-06-30T21:10:05.541793+00:00,#6740,France,0.877035
2026-06-30T21:10:05.541793+00:00,#6741,Sweden,0.122965
2026-06-30T21:10:05.541793+00:00,#1890,france_champion_yes,0.28943
2026-06-30T21:10:05.541793+00:00,#1891,france_champion_no,0.71057
2026-06-30T21:10:05.541793+00:00,#2130,sweden_champion_yes,0.00129
2026-06-30T21:10:05.541793+00:00,#2131,sweden_champion_no,0.99871
2026-06-30T21:10:08.741225+00:00,#6740,France,0.87682
2026-06-30T21:10:08.741225+00:00,#6741,Sweden,0.12318
2026-06-30T21:10:08.741225+00:00,#1890,france_champion_yes,0.29357
2026-06-30T21:10:08.741225+00:00,#1891,france_champion_no,0.70643
2026-06-30T21:10:08.741225+00:00,#2130,sweden_champion_yes,0.00129
2026-06-30T21:10:08.741225+00:00,#2131,sweden_champion_no,0.99871
2026-06-30T21:10:13.738522+00:00,#6740,France,0.87643
2026-06-30T21:10:13.738522+00:00,#6741,Sweden,0.12357
2026-06-30T21:10:13.738522+00:00,#1890,france_champion_yes,0.29357
2026-06-30T21:10:13.738522+00:00,#1891,france_champion_no,0.70643
2026-06-30T21:10:13.738522+00:00,#2130,sweden_champion_yes,0.00129
2026-06-30T21:10:13.738522+00:00,#2131,sweden_champion_no,0.99871
2026-06-30T21:10:18.596145+00:00,#6740,France,0.87401
2026-06-30T21:10:18.596145+00:00,#6741,Sweden,0.12599
2026-06-30T21:10:18.596145+00:00,#1890,france_champion_yes,0.29357
2026-06-30T21:10:18.596145+00:00,#1891,france_champion_no,0.70643
2026-06-30T21:10:18.596145+00:00,#2130,sweden_champion_yes,0.00129
2026-06-30T21:10:18.596145+00:00,#2131,sweden_champion_no,0.99871
2026-06-30T21:10:20.541973+00:00,#6740,France,0.87401
2026-06-30T21:10:20.541973+00:00,#6741,Sweden,0.12599
2026-06-30T21:10:20.541973+00:00,#1890,france_champion_yes,0.29357
2026-06-30T21:10:20.541973+00:00,#1891,france_champion_no,0.70643
2026-06-30T21:10:20.541973+00:00,#2130,sweden_champion_yes,0.00129
2026-06-30T21:10:20.541973+00:00,#2131,sweden_champion_no,0.99871
2026-06-30T21:10:23.850895+00:00,#6740,France,0.872765
2026-06-30T21:10:23.850895+00:00,#6741,Sweden,0.127235
2026-06-30T21:10:23.850895+00:00,#1890,france_champion_yes,0.28943
2026-06-30T21:10:23.850895+00:00,#1891,france_champion_no,0.71057
2026-06-30T21:10:23.850895+00:00,#2130,sweden_champion_yes,0.00129
2026-06-30T21:10:23.850895+00:00,#2131,sweden_champion_no,0.99871
2026-06-30T21:10:29.058482+00:00,#6740,France,0.872735
2026-06-30T21:10:29.058482+00:00,#6741,Sweden,0.127265
2026-06-30T21:10:29.058482+00:00,#1890,france_champion_yes,0.29357
2026-06-30T21:10:29.058482+00:00,#1891,france_champion_no,0.70643
2026-06-30T21:10:29.058482+00:00,#2130,sweden_champion_yes,0.00129
2026-06-30T21:10:29.058482+00:00,#2131,sweden_champion_no,0.99871
2026-06-30T21:10:33.659783+00:00,#6740,France,0.87151
2026-06-30T21:10:33.659783+00:00,#6741,Sweden,0.12849
2026-06-30T21:10:33.659783+00:00,#1890,france_champion_yes,0.29357
2026-06-30T21:10:33.659783+00:00,#1891,france_champion_no,0.70643
2026-06-30T21:10:33.659783+00:00,#2130,sweden_champion_yes,0.00129
2026-06-30T21:10:33.659783+00:00,#2131,sweden_champion_no,0.99871
2026-06-30T21:10:37.589516+00:00,#6740,France,0.87151
2026-06-30T21:10:37.589516+00:00,#6741,Sweden,0.12849
2026-06-30T21:10:37.589516+00:00,#1890,france_champion_yes,0.29357
2026-06-30T21:10:37.589516+00:00,#1891,france_champion_no,0.70643
2026-06-30T21:10:37.589516+00:00,#2130,sweden_champion_yes,0.00129
2026-06-30T21:10:37.589516+00:00,#2131,sweden_champion_no,0.99871
2026-06-30T21:10:40.190074+00:00,#6740,France,0.87081
2026-06-30T21:10:40.190074+00:00,#6741,Sweden,0.12919
2026-06-30T21:10:40.190074+00:00,#1890,france_champion_yes,0.29357
2026-06-30T21:10:40.190074+00:00,#1891,france_champion_no,0.70643
2026-06-30T21:10:40.190074+00:00,#2130,sweden_champion_yes,0.00129
2026-06-30T21:10:40.190074+00:00,#2131,sweden_champion_no,0.99871
2026-06-30T21:10:43.478610+00:00,#6740,France,0.87101
2026-06-30T21:10:43.478610+00:00,#6741,Sweden,0.12899
2026-06-30T21:10:43.478610+00:00,#1890,france_champion_yes,0.28943
2026-06-30T21:10:43.478610+00:00,#1891,france_champion_no,0.71057
2026-06-30T21:10:43.478610+00:00,#2130,sweden_champion_yes,0.00129
2026-06-30T21:10:43.478610+00:00,#2131,sweden_champion_no,0.99871
2026-06-30T21:10:48.863893+00:00,#6740,France,0.87081
2026-06-30T21:10:48.863893+00:00,#6741,Sweden,0.12919
2026-06-30T21:10:48.863893+00:00,#1890,france_champion_yes,0.28943
2026-06-30T21:10:48.863893+00:00,#1891,france_champion_no,0.71057
2026-06-30T21:10:48.863893+00:00,#2130,sweden_champion_yes,0.00129
2026-06-30T21:10:48.863893+00:00,#2131,sweden_champion_no,0.99871
2026-06-30T21:10:54.119570+00:00,#6740,France,0.87081
2026-06-30T21:10:54.119570+00:00,#6741,Sweden,0.12919
2026-06-30T21:10:54.119570+00:00,#1890,france_champion_yes,0.29357
2026-06-30T21:10:54.119570+00:00,#1891,france_champion_no,0.70643
2026-06-30T21:10:54.119570+00:00,#2130,sweden_champion_yes,0.00129
2026-06-30T21:10:54.119570+00:00,#2131,sweden_champion_no,0.99871
2026-06-30T21:10:55.189565+00:00,#6740,France,0.87081
2026-06-30T21:10:55.189565+00:00,#6741,Sweden,0.12919
2026-06-30T21:10:55.189565+00:00,#1890,france_champion_yes,0.29357
2026-06-30T21:10:55.189565+00:00,#1891,france_champion_no,0.70643
2026-06-30T21:10:55.189565+00:00,#2130,sweden_champion_yes,0.00129
2026-06-30T21:10:55.189565+00:00,#2131,sweden_champion_no,0.99871
2026-06-30T21:10:58.817521+00:00,#6740,France,0.87101
2026-06-30T21:10:58.817521+00:00,#6741,Sweden,0.12899
2026-06-30T21:10:58.817521+00:00,#1890,france_champion_yes,0.29357
2026-06-30T21:10:58.817521+00:00,#1891,france_champion_no,0.70643
2026-06-30T21:10:58.817521+00:00,#2130,sweden_champion_yes,0.00129
2026-06-30T21:10:58.817521+00:00,#2131,sweden_champion_no,0.99871
2026-06-30T21:11:03.844572+00:00,#6740,France,0.87101
2026-06-30T21:11:03.844572+00:00,#6741,Sweden,0.12899
2026-06-30T21:11:03.844572+00:00,#1890,france_champion_yes,0.28949
2026-06-30T21:11:03.844572+00:00,#1891,france_champion_no,0.71051
2026-06-30T21:11:03.844572+00:00,#2130,sweden_champion_yes,0.00129
2026-06-30T21:11:03.844572+00:00,#2131,sweden_champion_no,0.99871
2026-06-30T21:11:09.184529+00:00,#6740,France,0.87005
2026-06-30T21:11:09.184529+00:00,#6741,Sweden,0.12995
2026-06-30T21:11:09.184529+00:00,#1890,france_champion_yes,0.29357
2026-06-30T21:11:09.184529+00:00,#1891,france_champion_no,0.70643
2026-06-30T21:11:09.184529+00:00,#2130,sweden_champion_yes,0.00129
2026-06-30T21:11:09.184529+00:00,#2131,sweden_champion_no,0.99871
2026-06-30T21:11:12.377202+00:00,#6740,France,0.87005
2026-06-30T21:11:12.377202+00:00,#6741,Sweden,0.12995
2026-06-30T21:11:12.377202+00:00,#1890,france_champion_yes,0.29357
2026-06-30T21:11:12.377202+00:00,#1891,france_champion_no,0.70643
2026-06-30T21:11:12.377202+00:00,#2130,sweden_champion_yes,0.00129
2026-06-30T21:11:12.377202+00:00,#2131,sweden_champion_no,0.99871
2026-06-30T21:11:14.363496+00:00,#6740,France,0.86985
2026-06-30T21:11:14.363496+00:00,#6741,Sweden,0.13015
2026-06-30T21:11:14.363496+00:00,#1890,france_champion_yes,0.29357
2026-06-30T21:11:14.363496+00:00,#1891,france_champion_no,0.70643
2026-06-30T21:11:14.363496+00:00,#2130,sweden_champion_yes,0.00129
2026-06-30T21:11:14.363496+00:00,#2131,sweden_champion_no,0.99871
2026-06-30T21:11:19.115275+00:00,#6740,France,0.869445
2026-06-30T21:11:19.115275+00:00,#6741,Sweden,0.130555
2026-06-30T21:11:19.115275+00:00,#1890,france_champion_yes,0.29357
2026-06-30T21:11:19.115275+00:00,#1891,france_champion_no,0.70643
2026-06-30T21:11:19.115275+00:00,#2130,sweden_champion_yes,0.00129
2026-06-30T21:11:19.115275+00:00,#2131,sweden_champion_no,0.99871
2026-06-30T21:11:24.259297+00:00,#6740,France,0.869295
2026-06-30T21:11:24.259297+00:00,#6741,Sweden,0.130705
2026-06-30T21:11:24.259297+00:00,#1890,france_champion_yes,0.28943
2026-06-30T21:11:24.259297+00:00,#1891,france_champion_no,0.71057
2026-06-30T21:11:24.259297+00:00,#2130,sweden_champion_yes,0.00129
2026-06-30T21:11:24.259297+00:00,#2131,sweden_champion_no,0.99871
2026-06-30T21:11:29.050806+00:00,#6740,France,0.86929
2026-06-30T21:11:29.050806+00:00,#6741,Sweden,0.13071
2026-06-30T21:11:29.050806+00:00,#1890,france_champion_yes,0.29357
2026-06-30T21:11:29.050806+00:00,#1891,france_champion_no,0.70643
2026-06-30T21:11:29.050806+00:00,#2130,sweden_champion_yes,0.00129
2026-06-30T21:11:29.050806+00:00,#2131,sweden_champion_no,0.99871
2026-06-30T21:11:30.976579+00:00,#6740,France,0.86929
2026-06-30T21:11:30.976579+00:00,#6741,Sweden,0.13071
2026-06-30T21:11:30.976579+00:00,#1890,france_champion_yes,0.29357
2026-06-30T21:11:30.976579+00:00,#1891,france_champion_no,0.70643
2026-06-30T21:11:30.976579+00:00,#2130,sweden_champion_yes,0.00129
2026-06-30T21:11:30.976579+00:00,#2131,sweden_champion_no,0.99871
2026-06-30T21:11:34.164434+00:00,#6740,France,0.869135
2026-06-30T21:11:34.164434+00:00,#6741,Sweden,0.130865
2026-06-30T21:11:34.164434+00:00,#1890,france_champion_yes,0.29357
2026-06-30T21:11:34.164434+00:00,#1891,france_champion_no,0.70643
2026-06-30T21:11:34.164434+00:00,#2130,sweden_champion_yes,0.00129
2026-06-30T21:11:34.164434+00:00,#2131,sweden_champion_no,0.99871
2026-06-30T21:11:39.289944+00:00,#6740,France,0.869135
2026-06-30T21:11:39.289944+00:00,#6741,Sweden,0.130865
2026-06-30T21:11:39.289944+00:00,#1890,france_champion_yes,0.29357
2026-06-30T21:11:39.289944+00:00,#1891,france_champion_no,0.70643
2026-06-30T21:11:39.289944+00:00,#2130,sweden_champion_yes,0.00129
2026-06-30T21:11:39.289944+00:00,#2131,sweden_champion_no,0.99871
2026-06-30T21:11:44.126830+00:00,#6740,France,0.869135
2026-06-30T21:11:44.126830+00:00,#6741,Sweden,0.130865
2026-06-30T21:11:44.126830+00:00,#1890,france_champion_yes,0.28943
2026-06-30T21:11:44.126830+00:00,#1891,france_champion_no,0.71057
2026-06-30T21:11:44.126830+00:00,#2130,sweden_champion_yes,0.00129
2026-06-30T21:11:44.126830+00:00,#2131,sweden_champion_no,0.99871
2026-06-30T21:11:48.213713+00:00,#6740,France,0.869135
2026-06-30T21:11:48.213713+00:00,#6741,Sweden,0.130865
2026-06-30T21:11:48.213713+00:00,#1890,france_champion_yes,0.28943
2026-06-30T21:11:48.213713+00:00,#1891,france_champion_no,0.71057
2026-06-30T21:11:48.213713+00:00,#2130,sweden_champion_yes,0.00129
2026-06-30T21:11:48.213713+00:00,#2131,sweden_champion_no,0.99871
2026-06-30T21:11:50.686530+00:00,#6740,France,0.868985
2026-06-30T21:11:50.686530+00:00,#6741,Sweden,0.131015
2026-06-30T21:11:50.686530+00:00,#1890,france_champion_yes,0.29357
2026-06-30T21:11:50.686530+00:00,#1891,france_champion_no,0.70643
2026-06-30T21:11:50.686530+00:00,#2130,sweden_champion_yes,0.00129
2026-06-30T21:11:50.686530+00:00,#2131,sweden_champion_no,0.99871
2026-06-30T21:11:54.446459+00:00,#6740,France,0.868985
2026-06-30T21:11:54.446459+00:00,#6741,Sweden,0.131015
2026-06-30T21:11:54.446459+00:00,#1890,france_champion_yes,0.29357
2026-06-30T21:11:54.446459+00:00,#1891,france_champion_no,0.70643
2026-06-30T21:11:54.446459+00:00,#2130,sweden_champion_yes,0.00129
2026-06-30T21:11:54.446459+00:00,#2131,sweden_champion_no,0.99871
2026-06-30T21:11:59.148575+00:00,#6740,France,0.868985
2026-06-30T21:11:59.148575+00:00,#6741,Sweden,0.131015
2026-06-30T21:11:59.148575+00:00,#1890,france_champion_yes,0.28949
2026-06-30T21:11:59.148575+00:00,#1891,france_champion_no,0.71051
2026-06-30T21:11:59.148575+00:00,#2130,sweden_champion_yes,0.00129
2026-06-30T21:11:59.148575+00:00,#2131,sweden_champion_no,0.99871
2026-06-30T21:12:04.215183+00:00,#6740,France,0.868985
2026-06-30T21:12:04.215183+00:00,#6741,Sweden,0.131015
2026-06-30T21:12:04.215183+00:00,#1890,france_champion_yes,0.28949
2026-06-30T21:12:04.215183+00:00,#1891,france_champion_no,0.71051
2026-06-30T21:12:04.215183+00:00,#2130,sweden_champion_yes,0.00129
2026-06-30T21:12:04.215183+00:00,#2131,sweden_champion_no,0.99871
2026-06-30T21:12:05.687605+00:00,#6740,France,0.868985
2026-06-30T21:12:05.687605+00:00,#6741,Sweden,0.131015
2026-06-30T21:12:05.687605+00:00,#1890,france_champion_yes,0.28949
2026-06-30T21:12:05.687605+00:00,#1891,france_champion_no,0.71051
2026-06-30T21:12:05.687605+00:00,#2130,sweden_champion_yes,0.00129
2026-06-30T21:12:05.687605+00:00,#2131,sweden_champion_no,0.99871
2026-06-30T21:12:09.253822+00:00,#6740,France,0.868985
2026-06-30T21:12:09.253822+00:00,#6741,Sweden,0.131015
2026-06-30T21:12:09.253822+00:00,#1890,france_champion_yes,0.29357
2026-06-30T21:12:09.253822+00:00,#1891,france_champion_no,0.70643
2026-06-30T21:12:09.253822+00:00,#2130,sweden_champion_yes,0.00129
2026-06-30T21:12:09.253822+00:00,#2131,sweden_champion_no,0.99871
2026-06-30T21:12:14.327302+00:00,#6740,France,0.868835
2026-06-30T21:12:14.327302+00:00,#6741,Sweden,0.131165
2026-06-30T21:12:14.327302+00:00,#1890,france_champion_yes,0.29357
2026-06-30T21:12:14.327302+00:00,#1891,france_champion_no,0.70643
2026-06-30T21:12:14.327302+00:00,#2130,sweden_champion_yes,0.00129
2026-06-30T21:12:14.327302+00:00,#2131,sweden_champion_no,0.99871
2026-06-30T21:12:19.238077+00:00,#6740,France,0.868835
2026-06-30T21:12:19.238077+00:00,#6741,Sweden,0.131165
2026-06-30T21:12:19.238077+00:00,#1890,france_champion_yes,0.28943
2026-06-30T21:12:19.238077+00:00,#1891,france_champion_no,0.71057
2026-06-30T21:12:19.238077+00:00,#2130,sweden_champion_yes,0.00129
2026-06-30T21:12:19.238077+00:00,#2131,sweden_champion_no,0.99871
2026-06-30T21:12:22.939318+00:00,#6740,France,0.868835
2026-06-30T21:12:22.939318+00:00,#6741,Sweden,0.131165
2026-06-30T21:12:22.939318+00:00,#1890,france_champion_yes,0.28943
2026-06-30T21:12:22.939318+00:00,#1891,france_champion_no,0.71057
2026-06-30T21:12:22.939318+00:00,#2130,sweden_champion_yes,0.00129
2026-06-30T21:12:22.939318+00:00,#2131,sweden_champion_no,0.99871
2026-06-30T21:12:25.232698+00:00,#6740,France,0.868835
2026-06-30T21:12:25.232698+00:00,#6741,Sweden,0.131165
2026-06-30T21:12:25.232698+00:00,#1890,france_champion_yes,0.28943
2026-06-30T21:12:25.232698+00:00,#1891,france_champion_no,0.71057
2026-06-30T21:12:25.232698+00:00,#2130,sweden_champion_yes,0.00129
2026-06-30T21:12:25.232698+00:00,#2131,sweden_champion_no,0.99871
2026-06-30T21:12:29.451809+00:00,#6740,France,0.868835
2026-06-30T21:12:29.451809+00:00,#6741,Sweden,0.131165
2026-06-30T21:12:29.451809+00:00,#1890,france_champion_yes,0.29357
2026-06-30T21:12:29.451809+00:00,#1891,france_champion_no,0.70643
2026-06-30T21:12:29.451809+00:00,#2130,sweden_champion_yes,0.00129
2026-06-30T21:12:29.451809+00:00,#2131,sweden_champion_no,0.99871
2026-06-30T21:12:34.419908+00:00,#6740,France,0.868685
2026-06-30T21:12:34.419908+00:00,#6741,Sweden,0.131315
2026-06-30T21:12:34.419908+00:00,#1890,france_champion_yes,0.29357
2026-06-30T21:12:34.419908+00:00,#1891,france_champion_no,0.70643
2026-06-30T21:12:34.419908+00:00,#2130,sweden_champion_yes,0.00129
2026-06-30T21:12:34.419908+00:00,#2131,sweden_champion_no,0.99871
2026-06-30T21:12:39.631474+00:00,#6740,France,0.868685
2026-06-30T21:12:39.631474+00:00,#6741,Sweden,0.131315
2026-06-30T21:12:39.631474+00:00,#1890,france_champion_yes,0.29357
2026-06-30T21:12:39.631474+00:00,#1891,france_champion_no,0.70643
2026-06-30T21:12:39.631474+00:00,#2130,sweden_champion_yes,0.00129
2026-06-30T21:12:39.631474+00:00,#2131,sweden_champion_no,0.99871
2026-06-30T21:12:40.232583+00:00,#6740,France,0.868685
2026-06-30T21:12:40.232583+00:00,#6741,Sweden,0.131315
2026-06-30T21:12:40.232583+00:00,#1890,france_champion_yes,0.29357
2026-06-30T21:12:40.232583+00:00,#1891,france_champion_no,0.70643
2026-06-30T21:12:40.232583+00:00,#2130,sweden_champion_yes,0.00129
2026-06-30T21:12:40.232583+00:00,#2131,sweden_champion_no,0.99871
2026-06-30T21:12:44.375918+00:00,#6740,France,0.868685
2026-06-30T21:12:44.375918+00:00,#6741,Sweden,0.131315
2026-06-30T21:12:44.375918+00:00,#1890,france_champion_yes,0.28943
2026-06-30T21:12:44.375918+00:00,#1891,france_champion_no,0.71057
2026-06-30T21:12:44.375918+00:00,#2130,sweden_champion_yes,0.00129
2026-06-30T21:12:44.375918+00:00,#2131,sweden_champion_no,0.99871
2026-06-30T21:12:49.475972+00:00,#6740,France,0.868685
2026-06-30T21:12:49.475972+00:00,#6741,Sweden,0.131315
2026-06-30T21:12:49.475972+00:00,#1890,france_champion_yes,0.29357
2026-06-30T21:12:49.475972+00:00,#1891,france_champion_no,0.70643
2026-06-30T21:12:49.475972+00:00,#2130,sweden_champion_yes,0.00129
2026-06-30T21:12:49.475972+00:00,#2131,sweden_champion_no,0.99871
2026-06-30T21:12:54.727441+00:00,#6740,France,0.86853
2026-06-30T21:12:54.727441+00:00,#6741,Sweden,0.13147
2026-06-30T21:12:54.727441+00:00,#1890,france_champion_yes,0.29357
2026-06-30T21:12:54.727441+00:00,#1891,france_champion_no,0.70643
2026-06-30T21:12:54.727441+00:00,#2130,sweden_champion_yes,0.00129
2026-06-30T21:12:54.727441+00:00,#2131,sweden_champion_no,0.99871
2026-06-30T21:12:57.445128+00:00,#6740,France,0.86853
2026-06-30T21:12:57.445128+00:00,#6741,Sweden,0.13147
2026-06-30T21:12:57.445128+00:00,#1890,france_champion_yes,0.29357
2026-06-30T21:12:57.445128+00:00,#1891,france_champion_no,0.70643
2026-06-30T21:12:57.445128+00:00,#2130,sweden_champion_yes,0.00129
2026-06-30T21:12:57.445128+00:00,#2131,sweden_champion_no,0.99871
2026-06-30T21:12:59.556035+00:00,#6740,France,0.86853
2026-06-30T21:12:59.556035+00:00,#6741,Sweden,0.13147
2026-06-30T21:12:59.556035+00:00,#1890,france_champion_yes,0.29357
2026-06-30T21:12:59.556035+00:00,#1891,france_champion_no,0.70643
2026-06-30T21:12:59.556035+00:00,#2130,sweden_champion_yes,0.00129
2026-06-30T21:12:59.556035+00:00,#2131,sweden_champion_no,0.99871
2026-06-30T21:13:04.406393+00:00,#6740,France,0.86777
2026-06-30T21:13:04.406393+00:00,#6741,Sweden,0.13223
2026-06-30T21:13:04.406393+00:00,#1890,france_champion_yes,0.28943
2026-06-30T21:13:04.406393+00:00,#1891,france_champion_no,0.71057
2026-06-30T21:13:04.406393+00:00,#2130,sweden_champion_yes,0.00129
2026-06-30T21:13:04.406393+00:00,#2131,sweden_champion_no,0.99871
2026-06-30T21:13:09.976124+00:00,#6740,France,0.85989
2026-06-30T21:13:09.976124+00:00,#6741,Sweden,0.14011
2026-06-30T21:13:09.976124+00:00,#1890,france_champion_yes,0.29357
2026-06-30T21:13:09.976124+00:00,#1891,france_champion_no,0.70643
2026-06-30T21:13:09.976124+00:00,#2130,sweden_champion_yes,0.00129
2026-06-30T21:13:09.976124+00:00,#2131,sweden_champion_no,0.99871
2026-06-30T21:13:14.480554+00:00,#6740,France,0.85989
2026-06-30T21:13:14.480554+00:00,#6741,Sweden,0.14011
2026-06-30T21:13:14.480554+00:00,#1890,france_champion_yes,0.29357
2026-06-30T21:13:14.480554+00:00,#1891,france_champion_no,0.70643
2026-06-30T21:13:14.480554+00:00,#2130,sweden_champion_yes,0.00129
2026-06-30T21:13:14.480554+00:00,#2131,sweden_champion_no,0.99871
2026-06-30T21:13:16.503002+00:00,#6740,France,0.85989
2026-06-30T21:13:16.503002+00:00,#6741,Sweden,0.14011
2026-06-30T21:13:16.503002+00:00,#1890,france_champion_yes,0.29357
2026-06-30T21:13:16.503002+00:00,#1891,france_champion_no,0.70643
2026-06-30T21:13:16.503002+00:00,#2130,sweden_champion_yes,0.00129
2026-06-30T21:13:16.503002+00:00,#2131,sweden_champion_no,0.99871
2026-06-30T21:13:19.690419+00:00,#6740,France,0.85989
2026-06-30T21:13:19.690419+00:00,#6741,Sweden,0.14011
2026-06-30T21:13:19.690419+00:00,#1890,france_champion_yes,0.29357
2026-06-30T21:13:19.690419+00:00,#1891,france_champion_no,0.70643
2026-06-30T21:13:19.690419+00:00,#2130,sweden_champion_yes,0.00129
2026-06-30T21:13:19.690419+00:00,#2131,sweden_champion_no,0.99871
2026-06-30T21:13:25.069643+00:00,#6740,France,0.85989
2026-06-30T21:13:25.069643+00:00,#6741,Sweden,0.14011
2026-06-30T21:13:25.069643+00:00,#1890,france_champion_yes,0.28943
2026-06-30T21:13:25.069643+00:00,#1891,france_champion_no,0.71057
2026-06-30T21:13:25.069643+00:00,#2130,sweden_champion_yes,0.00129
2026-06-30T21:13:25.069643+00:00,#2131,sweden_champion_no,0.99871
2026-06-30T21:13:29.742554+00:00,#6740,France,0.85989
2026-06-30T21:13:29.742554+00:00,#6741,Sweden,0.14011
2026-06-30T21:13:29.742554+00:00,#1890,france_champion_yes,0.28943
2026-06-30T21:13:29.742554+00:00,#1891,france_champion_no,0.71057
2026-06-30T21:13:29.742554+00:00,#2130,sweden_champion_yes,0.00129
2026-06-30T21:13:29.742554+00:00,#2131,sweden_champion_no,0.99871
2026-06-30T21:13:31.503665+00:00,#6740,France,0.85989
2026-06-30T21:13:31.503665+00:00,#6741,Sweden,0.14011
2026-06-30T21:13:31.503665+00:00,#1890,france_champion_yes,0.28943
2026-06-30T21:13:31.503665+00:00,#1891,france_champion_no,0.71057
2026-06-30T21:13:31.503665+00:00,#2130,sweden_champion_yes,0.00129
2026-06-30T21:13:31.503665+00:00,#2131,sweden_champion_no,0.99871
2026-06-30T21:13:35.739307+00:00,#6740,France,0.85989
2026-06-30T21:13:35.739307+00:00,#6741,Sweden,0.14011
2026-06-30T21:13:35.739307+00:00,#1890,france_champion_yes,0.29357
2026-06-30T21:13:35.739307+00:00,#1891,france_champion_no,0.70643
2026-06-30T21:13:35.739307+00:00,#2130,sweden_champion_yes,0.00129
2026-06-30T21:13:35.739307+00:00,#2131,sweden_champion_no,0.99871
2026-06-30T21:13:40.147601+00:00,#6740,France,0.85989
2026-06-30T21:13:40.147601+00:00,#6741,Sweden,0.14011
2026-06-30T21:13:40.147601+00:00,#1890,france_champion_yes,0.29357
2026-06-30T21:13:40.147601+00:00,#1891,france_champion_no,0.70643
2026-06-30T21:13:40.147601+00:00,#2130,sweden_champion_yes,0.00129
2026-06-30T21:13:40.147601+00:00,#2131,sweden_champion_no,0.99871
2026-06-30T21:13:44.995640+00:00,#6740,France,0.86014
2026-06-30T21:13:44.995640+00:00,#6741,Sweden,0.13986
2026-06-30T21:13:44.995640+00:00,#1890,france_champion_yes,0.28943
2026-06-30T21:13:44.995640+00:00,#1891,france_champion_no,0.71057
2026-06-30T21:13:44.995640+00:00,#2130,sweden_champion_yes,0.00129
2026-06-30T21:13:44.995640+00:00,#2131,sweden_champion_no,0.99871
2026-06-30T21:13:48.613452+00:00,#6740,France,0.86014
2026-06-30T21:13:48.613452+00:00,#6741,Sweden,0.13986
2026-06-30T21:13:48.613452+00:00,#1890,france_champion_yes,0.28943
2026-06-30T21:13:48.613452+00:00,#1891,france_champion_no,0.71057
2026-06-30T21:13:48.613452+00:00,#2130,sweden_champion_yes,0.00129
2026-06-30T21:13:48.613452+00:00,#2131,sweden_champion_no,0.99871
2026-06-30T21:13:50.915625+00:00,#6740,France,0.864595
2026-06-30T21:13:50.915625+00:00,#6741,Sweden,0.135405
2026-06-30T21:13:50.915625+00:00,#1890,france_champion_yes,0.28943
2026-06-30T21:13:50.915625+00:00,#1891,france_champion_no,0.71057
2026-06-30T21:13:50.915625+00:00,#2130,sweden_champion_yes,0.00129
2026-06-30T21:13:50.915625+00:00,#2131,sweden_champion_no,0.99871
2026-06-30T21:13:55.405290+00:00,#6740,France,0.859695
2026-06-30T21:13:55.405290+00:00,#6741,Sweden,0.140305
2026-06-30T21:13:55.405290+00:00,#1890,france_champion_yes,0.29357
2026-06-30T21:13:55.405290+00:00,#1891,france_champion_no,0.70643
2026-06-30T21:13:55.405290+00:00,#2130,sweden_champion_yes,0.00129
2026-06-30T21:13:55.405290+00:00,#2131,sweden_champion_no,0.99871
2026-06-30T21:14:00.133993+00:00,#6740,France,0.859695
2026-06-30T21:14:00.133993+00:00,#6741,Sweden,0.140305
2026-06-30T21:14:00.133993+00:00,#1890,france_champion_yes,0.29357
2026-06-30T21:14:00.133993+00:00,#1891,france_champion_no,0.70643
2026-06-30T21:14:00.133993+00:00,#2130,sweden_champion_yes,0.00129
2026-06-30T21:14:00.133993+00:00,#2131,sweden_champion_no,0.99871
2026-06-30T21:14:05.117803+00:00,#6740,France,0.859695
2026-06-30T21:14:05.117803+00:00,#6741,Sweden,0.140305
2026-06-30T21:14:05.117803+00:00,#1890,france_champion_yes,0.28943
2026-06-30T21:14:05.117803+00:00,#1891,france_champion_no,0.71057
2026-06-30T21:14:05.117803+00:00,#2130,sweden_champion_yes,0.00129
2026-06-30T21:14:05.117803+00:00,#2131,sweden_champion_no,0.99871
2026-06-30T21:14:05.914683+00:00,#6740,France,0.859695
2026-06-30T21:14:05.914683+00:00,#6741,Sweden,0.140305
2026-06-30T21:14:05.914683+00:00,#1890,france_champion_yes,0.28943
2026-06-30T21:14:05.914683+00:00,#1891,france_champion_no,0.71057
2026-06-30T21:14:05.914683+00:00,#2130,sweden_champion_yes,0.00129
2026-06-30T21:14:05.914683+00:00,#2131,sweden_champion_no,0.99871
2026-06-30T21:14:10.274548+00:00,#6740,France,0.859695
2026-06-30T21:14:10.274548+00:00,#6741,Sweden,0.140305
2026-06-30T21:14:10.274548+00:00,#1890,france_champion_yes,0.28943
2026-06-30T21:14:10.274548+00:00,#1891,france_champion_no,0.71057
2026-06-30T21:14:10.274548+00:00,#2130,sweden_champion_yes,0.00129
2026-06-30T21:14:10.274548+00:00,#2131,sweden_champion_no,0.99871
2026-06-30T21:14:15.126323+00:00,#6740,France,0.859845
2026-06-30T21:14:15.126323+00:00,#6741,Sweden,0.140155
2026-06-30T21:14:15.126323+00:00,#1890,france_champion_yes,0.29357
2026-06-30T21:14:15.126323+00:00,#1891,france_champion_no,0.70643
2026-06-30T21:14:15.126323+00:00,#2130,sweden_champion_yes,0.00129
2026-06-30T21:14:15.126323+00:00,#2131,sweden_champion_no,0.99871
2026-06-30T21:14:20.112086+00:00,#6740,France,0.859695
2026-06-30T21:14:20.112086+00:00,#6741,Sweden,0.140305
2026-06-30T21:14:20.112086+00:00,#1890,france_champion_yes,0.29357
2026-06-30T21:14:20.112086+00:00,#1891,france_champion_no,0.70643
2026-06-30T21:14:20.112086+00:00,#2130,sweden_champion_yes,0.00129
2026-06-30T21:14:20.112086+00:00,#2131,sweden_champion_no,0.99871
2026-06-30T21:14:22.998024+00:00,#6740,France,0.859695
2026-06-30T21:14:22.998024+00:00,#6741,Sweden,0.140305
2026-06-30T21:14:22.998024+00:00,#1890,france_champion_yes,0.29357
2026-06-30T21:14:22.998024+00:00,#1891,france_champion_no,0.70643
2026-06-30T21:14:22.998024+00:00,#2130,sweden_champion_yes,0.00129
2026-06-30T21:14:22.998024+00:00,#2131,sweden_champion_no,0.99871
2026-06-30T21:14:25.546516+00:00,#6740,France,0.859695
2026-06-30T21:14:25.546516+00:00,#6741,Sweden,0.140305
2026-06-30T21:14:25.546516+00:00,#1890,france_champion_yes,0.29357
2026-06-30T21:14:25.546516+00:00,#1891,france_champion_no,0.70643
2026-06-30T21:14:25.546516+00:00,#2130,sweden_champion_yes,0.00129
2026-06-30T21:14:25.546516+00:00,#2131,sweden_champion_no,0.99871
2026-06-30T21:14:30.260590+00:00,#6740,France,0.859845
2026-06-30T21:14:30.260590+00:00,#6741,Sweden,0.140155
2026-06-30T21:14:30.260590+00:00,#1890,france_champion_yes,0.28943
2026-06-30T21:14:30.260590+00:00,#1891,france_champion_no,0.71057
2026-06-30T21:14:30.260590+00:00,#2130,sweden_champion_yes,0.00129
2026-06-30T21:14:30.260590+00:00,#2131,sweden_champion_no,0.99871
2026-06-30T21:14:35.203823+00:00,#6740,France,0.85996
2026-06-30T21:14:35.203823+00:00,#6741,Sweden,0.14004
2026-06-30T21:14:35.203823+00:00,#1890,france_champion_yes,0.29357
2026-06-30T21:14:35.203823+00:00,#1891,france_champion_no,0.70643
2026-06-30T21:14:35.203823+00:00,#2130,sweden_champion_yes,0.00129
2026-06-30T21:14:35.203823+00:00,#2131,sweden_champion_no,0.99871
2026-06-30T21:14:40.302779+00:00,#6740,France,0.859695
2026-06-30T21:14:40.302779+00:00,#6741,Sweden,0.140305
2026-06-30T21:14:40.302779+00:00,#1890,france_champion_yes,0.29357
2026-06-30T21:14:40.302779+00:00,#1891,france_champion_no,0.70643
2026-06-30T21:14:40.302779+00:00,#2130,sweden_champion_yes,0.00129
2026-06-30T21:14:40.302779+00:00,#2131,sweden_champion_no,0.99871
2026-06-30T21:14:42.290217+00:00,#6740,France,0.859695
2026-06-30T21:14:42.290217+00:00,#6741,Sweden,0.140305
2026-06-30T21:14:42.290217+00:00,#1890,france_champion_yes,0.29357
2026-06-30T21:14:42.290217+00:00,#1891,france_champion_no,0.70643
2026-06-30T21:14:42.290217+00:00,#2130,sweden_champion_yes,0.00129
2026-06-30T21:14:42.290217+00:00,#2131,sweden_champion_no,0.99871
2026-06-30T21:14:45.305782+00:00,#6740,France,0.859695
2026-06-30T21:14:45.305782+00:00,#6741,Sweden,0.140305
2026-06-30T21:14:45.305782+00:00,#1890,france_champion_yes,0.29357
2026-06-30T21:14:45.305782+00:00,#1891,france_champion_no,0.70643
2026-06-30T21:14:45.305782+00:00,#2130,sweden_champion_yes,0.00129
2026-06-30T21:14:45.305782+00:00,#2131,sweden_champion_no,0.99871
2026-06-30T21:14:50.373922+00:00,#6740,France,0.859695
2026-06-30T21:14:50.373922+00:00,#6741,Sweden,0.140305
2026-06-30T21:14:50.373922+00:00,#1890,france_champion_yes,0.28943
2026-06-30T21:14:50.373922+00:00,#1891,france_champion_no,0.71057
2026-06-30T21:14:50.373922+00:00,#2130,sweden_champion_yes,0.00129
2026-06-30T21:14:50.373922+00:00,#2131,sweden_champion_no,0.99871
2026-06-30T21:14:55.624884+00:00,#6740,France,0.859695
2026-06-30T21:14:55.624884+00:00,#6741,Sweden,0.140305
2026-06-30T21:14:55.624884+00:00,#1890,france_champion_yes,0.29357
2026-06-30T21:14:55.624884+00:00,#1891,france_champion_no,0.70643
2026-06-30T21:14:55.624884+00:00,#2130,sweden_champion_yes,0.00129
2026-06-30T21:14:55.624884+00:00,#2131,sweden_champion_no,0.99871
2026-06-30T21:14:57.290748+00:00,#6740,France,0.859695
2026-06-30T21:14:57.290748+00:00,#6741,Sweden,0.140305
2026-06-30T21:14:57.290748+00:00,#1890,france_champion_yes,0.29357
2026-06-30T21:14:57.290748+00:00,#1891,france_champion_no,0.70643
2026-06-30T21:14:57.290748+00:00,#2130,sweden_champion_yes,0.00129
2026-06-30T21:14:57.290748+00:00,#2131,sweden_champion_no,0.99871
2026-06-30T21:15:00.402807+00:00,#6740,France,0.85794
2026-06-30T21:15:00.402807+00:00,#6741,Sweden,0.14206
2026-06-30T21:15:00.402807+00:00,#1890,france_champion_yes,0.29357
2026-06-30T21:15:00.402807+00:00,#1891,france_champion_no,0.70643
2026-06-30T21:15:00.402807+00:00,#2130,sweden_champion_yes,0.00129
2026-06-30T21:15:00.402807+00:00,#2131,sweden_champion_no,0.99871
2026-06-30T21:15:05.505209+00:00,#6740,France,0.85795
2026-06-30T21:15:05.505209+00:00,#6741,Sweden,0.14205
2026-06-30T21:15:05.505209+00:00,#1890,france_champion_yes,0.29357
2026-06-30T21:15:05.505209+00:00,#1891,france_champion_no,0.70643
2026-06-30T21:15:05.505209+00:00,#2130,sweden_champion_yes,0.00129
2026-06-30T21:15:05.505209+00:00,#2131,sweden_champion_no,0.99871
2026-06-30T21:15:10.812003+00:00,#6740,France,0.85794
2026-06-30T21:15:10.812003+00:00,#6741,Sweden,0.14206
2026-06-30T21:15:10.812003+00:00,#1890,france_champion_yes,0.28943
2026-06-30T21:15:10.812003+00:00,#1891,france_champion_no,0.71057
2026-06-30T21:15:10.812003+00:00,#2130,sweden_champion_yes,0.00129
2026-06-30T21:15:10.812003+00:00,#2131,sweden_champion_no,0.99871
2026-06-30T21:15:14.349721+00:00,#6740,France,0.85794
2026-06-30T21:15:14.349721+00:00,#6741,Sweden,0.14206
2026-06-30T21:15:14.349721+00:00,#1890,france_champion_yes,0.28943
2026-06-30T21:15:14.349721+00:00,#1891,france_champion_no,0.71057
2026-06-30T21:15:14.349721+00:00,#2130,sweden_champion_yes,0.00129
2026-06-30T21:15:14.349721+00:00,#2131,sweden_champion_no,0.99871
2026-06-30T21:15:16.517045+00:00,#6740,France,0.85794
2026-06-30T21:15:16.517045+00:00,#6741,Sweden,0.14206
2026-06-30T21:15:16.517045+00:00,#1890,france_champion_yes,0.29357
2026-06-30T21:15:16.517045+00:00,#1891,france_champion_no,0.70643
2026-06-30T21:15:16.517045+00:00,#2130,sweden_champion_yes,0.00129
2026-06-30T21:15:16.517045+00:00,#2131,sweden_champion_no,0.99871
2026-06-30T21:15:20.585076+00:00,#6740,France,0.85794
2026-06-30T21:15:20.585076+00:00,#6741,Sweden,0.14206
2026-06-30T21:15:20.585076+00:00,#1890,france_champion_yes,0.29357
2026-06-30T21:15:20.585076+00:00,#1891,france_champion_no,0.70643
2026-06-30T21:15:20.585076+00:00,#2130,sweden_champion_yes,0.00129
2026-06-30T21:15:20.585076+00:00,#2131,sweden_champion_no,0.99871
2026-06-30T21:15:25.900498+00:00,#6740,France,0.85794
2026-06-30T21:15:25.900498+00:00,#6741,Sweden,0.14206
2026-06-30T21:15:25.900498+00:00,#1890,france_champion_yes,0.29357
2026-06-30T21:15:25.900498+00:00,#1891,france_champion_no,0.70643
2026-06-30T21:15:25.900498+00:00,#2130,sweden_champion_yes,0.00129
2026-06-30T21:15:25.900498+00:00,#2131,sweden_champion_no,0.99871
2026-06-30T21:15:30.672266+00:00,#6740,France,0.85794
2026-06-30T21:15:30.672266+00:00,#6741,Sweden,0.14206
2026-06-30T21:15:30.672266+00:00,#1890,france_champion_yes,0.28943
2026-06-30T21:15:30.672266+00:00,#1891,france_champion_no,0.71057
2026-06-30T21:15:30.672266+00:00,#2130,sweden_champion_yes,0.00129
2026-06-30T21:15:30.672266+00:00,#2131,sweden_champion_no,0.99871
2026-06-30T21:15:31.516585+00:00,#6740,France,0.85794
2026-06-30T21:15:31.516585+00:00,#6741,Sweden,0.14206
2026-06-30T21:15:31.516585+00:00,#1890,france_champion_yes,0.28943
2026-06-30T21:15:31.516585+00:00,#1891,france_champion_no,0.71057
2026-06-30T21:15:31.516585+00:00,#2130,sweden_champion_yes,0.00129
2026-06-30T21:15:31.516585+00:00,#2131,sweden_champion_no,0.99871
2026-06-30T21:15:35.780895+00:00,#6740,France,0.85794
2026-06-30T21:15:35.780895+00:00,#6741,Sweden,0.14206
2026-06-30T21:15:35.780895+00:00,#1890,france_champion_yes,0.29357
2026-06-30T21:15:35.780895+00:00,#1891,france_champion_no,0.70643
2026-06-30T21:15:35.780895+00:00,#2130,sweden_champion_yes,0.00129
2026-06-30T21:15:35.780895+00:00,#2131,sweden_champion_no,0.99871
2026-06-30T21:15:41.183106+00:00,#6740,France,0.85794
2026-06-30T21:15:41.183106+00:00,#6741,Sweden,0.14206
2026-06-30T21:15:41.183106+00:00,#1890,france_champion_yes,0.29357
2026-06-30T21:15:41.183106+00:00,#1891,france_champion_no,0.70643
2026-06-30T21:15:41.183106+00:00,#2130,sweden_champion_yes,0.00129
2026-06-30T21:15:41.183106+00:00,#2131,sweden_champion_no,0.99871
2026-06-30T21:15:45.882053+00:00,#6740,France,0.85794
2026-06-30T21:15:45.882053+00:00,#6741,Sweden,0.14206
2026-06-30T21:15:45.882053+00:00,#1890,france_champion_yes,0.29357
2026-06-30T21:15:45.882053+00:00,#1891,france_champion_no,0.70643
2026-06-30T21:15:45.882053+00:00,#2130,sweden_champion_yes,0.00129
2026-06-30T21:15:45.882053+00:00,#2131,sweden_champion_no,0.99871
2026-06-30T21:15:48.364388+00:00,#6740,France,0.85794
2026-06-30T21:15:48.364388+00:00,#6741,Sweden,0.14206
2026-06-30T21:15:48.364388+00:00,#1890,france_champion_yes,0.29357
2026-06-30T21:15:48.364388+00:00,#1891,france_champion_no,0.70643
2026-06-30T21:15:48.364388+00:00,#2130,sweden_champion_yes,0.00129
2026-06-30T21:15:48.364388+00:00,#2131,sweden_champion_no,0.99871
2026-06-30T21:15:50.916804+00:00,#6740,France,0.85794
2026-06-30T21:15:50.916804+00:00,#6741,Sweden,0.14206
2026-06-30T21:15:50.916804+00:00,#1890,france_champion_yes,0.28949
2026-06-30T21:15:50.916804+00:00,#1891,france_champion_no,0.71051
2026-06-30T21:15:50.916804+00:00,#2130,sweden_champion_yes,0.00129
2026-06-30T21:15:50.916804+00:00,#2131,sweden_champion_no,0.99871
2026-06-30T21:15:56.380658+00:00,#6740,France,0.85794
2026-06-30T21:15:56.380658+00:00,#6741,Sweden,0.14206
2026-06-30T21:15:56.380658+00:00,#1890,france_champion_yes,0.29357
2026-06-30T21:15:56.380658+00:00,#1891,france_champion_no,0.70643
2026-06-30T21:15:56.380658+00:00,#2130,sweden_champion_yes,0.00129
2026-06-30T21:15:56.380658+00:00,#2131,sweden_champion_no,0.99871
2026-06-30T21:16:00.979577+00:00,#6740,France,0.85794
2026-06-30T21:16:00.979577+00:00,#6741,Sweden,0.14206
2026-06-30T21:16:00.979577+00:00,#1890,france_champion_yes,0.29357
2026-06-30T21:16:00.979577+00:00,#1891,france_champion_no,0.70643
2026-06-30T21:16:00.979577+00:00,#2130,sweden_champion_yes,0.00129
2026-06-30T21:16:00.979577+00:00,#2131,sweden_champion_no,0.99871
2026-06-30T21:16:05.559378+00:00,#6740,France,0.85794
2026-06-30T21:16:05.559378+00:00,#6741,Sweden,0.14206
2026-06-30T21:16:05.559378+00:00,#1890,france_champion_yes,0.28943
2026-06-30T21:16:05.559378+00:00,#1891,france_champion_no,0.71057
2026-06-30T21:16:05.559378+00:00,#2130,sweden_champion_yes,0.00129
2026-06-30T21:16:05.559378+00:00,#2131,sweden_champion_no,0.99871
2026-06-30T21:16:07.460198+00:00,#6740,France,0.85794
2026-06-30T21:16:07.460198+00:00,#6741,Sweden,0.14206
2026-06-30T21:16:07.460198+00:00,#1890,france_champion_yes,0.28943
2026-06-30T21:16:07.460198+00:00,#1891,france_champion_no,0.71057
2026-06-30T21:16:07.460198+00:00,#2130,sweden_champion_yes,0.00129
2026-06-30T21:16:07.460198+00:00,#2131,sweden_champion_no,0.99871
2026-06-30T21:16:11.277950+00:00,#6740,France,0.85794
2026-06-30T21:16:11.277950+00:00,#6741,Sweden,0.14206
2026-06-30T21:16:11.277950+00:00,#1890,france_champion_yes,0.28943
2026-06-30T21:16:11.277950+00:00,#1891,france_champion_no,0.71057
2026-06-30T21:16:11.277950+00:00,#2130,sweden_champion_yes,0.00129
2026-06-30T21:16:11.277950+00:00,#2131,sweden_champion_no,0.99871
2026-06-30T21:16:16.065786+00:00,#6740,France,0.85779
2026-06-30T21:16:16.065786+00:00,#6741,Sweden,0.14221
2026-06-30T21:16:16.065786+00:00,#1890,france_champion_yes,0.29357
2026-06-30T21:16:16.065786+00:00,#1891,france_champion_no,0.70643
2026-06-30T21:16:16.065786+00:00,#2130,sweden_champion_yes,0.00129
2026-06-30T21:16:16.065786+00:00,#2131,sweden_champion_no,0.99871
2026-06-30T21:16:21.016163+00:00,#6740,France,0.857795
2026-06-30T21:16:21.016163+00:00,#6741,Sweden,0.142205
2026-06-30T21:16:21.016163+00:00,#1890,france_champion_yes,0.29357
2026-06-30T21:16:21.016163+00:00,#1891,france_champion_no,0.70643
2026-06-30T21:16:21.016163+00:00,#2130,sweden_champion_yes,0.00129
2026-06-30T21:16:21.016163+00:00,#2131,sweden_champion_no,0.99871
2026-06-30T21:16:22.460775+00:00,#6740,France,0.857795
2026-06-30T21:16:22.460775+00:00,#6741,Sweden,0.142205
2026-06-30T21:16:22.460775+00:00,#1890,france_champion_yes,0.29357
2026-06-30T21:16:22.460775+00:00,#1891,france_champion_no,0.70643
2026-06-30T21:16:22.460775+00:00,#2130,sweden_champion_yes,0.00129
2026-06-30T21:16:22.460775+00:00,#2131,sweden_champion_no,0.99871
2026-06-30T21:16:26.430324+00:00,#6740,France,0.857795
2026-06-30T21:16:26.430324+00:00,#6741,Sweden,0.142205
2026-06-30T21:16:26.430324+00:00,#1890,france_champion_yes,0.28943
2026-06-30T21:16:26.430324+00:00,#1891,france_champion_no,0.71057
2026-06-30T21:16:26.430324+00:00,#2130,sweden_champion_yes,0.001295
2026-06-30T21:16:26.430324+00:00,#2131,sweden_champion_no,0.998705
2026-06-30T21:16:31.215006+00:00,#6740,France,0.857795
2026-06-30T21:16:31.215006+00:00,#6741,Sweden,0.142205
2026-06-30T21:16:31.215006+00:00,#1890,france_champion_yes,0.28943
2026-06-30T21:16:31.215006+00:00,#1891,france_champion_no,0.71057
2026-06-30T21:16:31.215006+00:00,#2130,sweden_champion_yes,0.001295
2026-06-30T21:16:31.215006+00:00,#2131,sweden_champion_no,0.998705
2026-06-30T21:16:36.178633+00:00,#6740,France,0.857795
2026-06-30T21:16:36.178633+00:00,#6741,Sweden,0.142205
2026-06-30T21:16:36.178633+00:00,#1890,france_champion_yes,0.29357
2026-06-30T21:16:36.178633+00:00,#1891,france_champion_no,0.70643
2026-06-30T21:16:36.178633+00:00,#2130,sweden_champion_yes,0.001295
2026-06-30T21:16:36.178633+00:00,#2131,sweden_champion_no,0.998705
2026-06-30T21:16:39.240223+00:00,#6740,France,0.857795
2026-06-30T21:16:39.240223+00:00,#6741,Sweden,0.142205
2026-06-30T21:16:39.240223+00:00,#1890,france_champion_yes,0.29357
2026-06-30T21:16:39.240223+00:00,#1891,france_champion_no,0.70643
2026-06-30T21:16:39.240223+00:00,#2130,sweden_champion_yes,0.001295
2026-06-30T21:16:39.240223+00:00,#2131,sweden_champion_no,0.998705
2026-06-30T21:16:41.596536+00:00,#6740,France,0.857795
2026-06-30T21:16:41.596536+00:00,#6741,Sweden,0.142205
2026-06-30T21:16:41.596536+00:00,#1890,france_champion_yes,0.29357
2026-06-30T21:16:41.596536+00:00,#1891,france_champion_no,0.70643
2026-06-30T21:16:41.596536+00:00,#2130,sweden_champion_yes,0.001295
2026-06-30T21:16:41.596536+00:00,#2131,sweden_champion_no,0.998705
2026-06-30T21:16:46.206953+00:00,#6740,France,0.857995
2026-06-30T21:16:46.206953+00:00,#6741,Sweden,0.142005
2026-06-30T21:16:46.206953+00:00,#1890,france_champion_yes,0.29357
2026-06-30T21:16:46.206953+00:00,#1891,france_champion_no,0.70643
2026-06-30T21:16:46.206953+00:00,#2130,sweden_champion_yes,0.001295
2026-06-30T21:16:46.206953+00:00,#2131,sweden_champion_no,0.998705
2026-06-30T21:16:51.340817+00:00,#6740,France,0.857995
2026-06-30T21:16:51.340817+00:00,#6741,Sweden,0.142005
2026-06-30T21:16:51.340817+00:00,#1890,france_champion_yes,0.28943
2026-06-30T21:16:51.340817+00:00,#1891,france_champion_no,0.71057
2026-06-30T21:16:51.340817+00:00,#2130,sweden_champion_yes,0.001295
2026-06-30T21:16:51.340817+00:00,#2131,sweden_champion_no,0.998705
2026-06-30T21:16:56.595235+00:00,#6740,France,0.857835
2026-06-30T21:16:56.595235+00:00,#6741,Sweden,0.142165
2026-06-30T21:16:56.595235+00:00,#1890,france_champion_yes,0.29357
2026-06-30T21:16:56.595235+00:00,#1891,france_champion_no,0.70643
2026-06-30T21:16:56.595235+00:00,#2130,sweden_champion_yes,0.001295
2026-06-30T21:16:56.595235+00:00,#2131,sweden_champion_no,0.998705
2026-06-30T21:16:58.539212+00:00,#6740,France,0.857835
2026-06-30T21:16:58.539212+00:00,#6741,Sweden,0.142165
2026-06-30T21:16:58.539212+00:00,#1890,france_champion_yes,0.29357
2026-06-30T21:16:58.539212+00:00,#1891,france_champion_no,0.70643
2026-06-30T21:16:58.539212+00:00,#2130,sweden_champion_yes,0.001295
2026-06-30T21:16:58.539212+00:00,#2131,sweden_champion_no,0.998705
2026-06-30T21:17:01.468317+00:00,#6740,France,0.857835
2026-06-30T21:17:01.468317+00:00,#6741,Sweden,0.142165
2026-06-30T21:17:01.468317+00:00,#1890,france_champion_yes,0.29357
2026-06-30T21:17:01.468317+00:00,#1891,france_champion_no,0.70643
2026-06-30T21:17:01.468317+00:00,#2130,sweden_champion_yes,0.001295
2026-06-30T21:17:01.468317+00:00,#2131,sweden_champion_no,0.998705
2026-06-30T21:17:06.439124+00:00,#6740,France,0.857795
2026-06-30T21:17:06.439124+00:00,#6741,Sweden,0.142205
2026-06-30T21:17:06.439124+00:00,#1890,france_champion_yes,0.29357
2026-06-30T21:17:06.439124+00:00,#1891,france_champion_no,0.70643
2026-06-30T21:17:06.439124+00:00,#2130,sweden_champion_yes,0.001295
2026-06-30T21:17:06.439124+00:00,#2131,sweden_champion_no,0.998705
2026-06-30T21:17:11.548962+00:00,#6740,France,0.857795
2026-06-30T21:17:11.548962+00:00,#6741,Sweden,0.142205
2026-06-30T21:17:11.548962+00:00,#1890,france_champion_yes,0.28943
2026-06-30T21:17:11.548962+00:00,#1891,france_champion_no,0.71057
2026-06-30T21:17:11.548962+00:00,#2130,sweden_champion_yes,0.001295
2026-06-30T21:17:11.548962+00:00,#2131,sweden_champion_no,0.998705
2026-06-30T21:17:13.540106+00:00,#6740,France,0.857795
2026-06-30T21:17:13.540106+00:00,#6741,Sweden,0.142205
2026-06-30T21:17:13.540106+00:00,#1890,france_champion_yes,0.28943
2026-06-30T21:17:13.540106+00:00,#1891,france_champion_no,0.71057
2026-06-30T21:17:13.540106+00:00,#2130,sweden_champion_yes,0.001295
2026-06-30T21:17:13.540106+00:00,#2131,sweden_champion_no,0.998705
2026-06-30T21:17:16.450428+00:00,#6740,France,0.857995
2026-06-30T21:17:16.450428+00:00,#6741,Sweden,0.142005
2026-06-30T21:17:16.450428+00:00,#1890,france_champion_yes,0.29357
2026-06-30T21:17:16.450428+00:00,#1891,france_champion_no,0.70643
2026-06-30T21:17:16.450428+00:00,#2130,sweden_champion_yes,0.001295
2026-06-30T21:17:16.450428+00:00,#2131,sweden_champion_no,0.998705
2026-06-30T21:17:21.439237+00:00,#6740,France,0.857995
2026-06-30T21:17:21.439237+00:00,#6741,Sweden,0.142005
2026-06-30T21:17:21.439237+00:00,#1890,france_champion_yes,0.29357
2026-06-30T21:17:21.439237+00:00,#1891,france_champion_no,0.70643
2026-06-30T21:17:21.439237+00:00,#2130,sweden_champion_yes,0.001295
2026-06-30T21:17:21.439237+00:00,#2131,sweden_champion_no,0.998705
2026-06-30T21:17:26.799369+00:00,#6740,France,0.857795
2026-06-30T21:17:26.799369+00:00,#6741,Sweden,0.142205
2026-06-30T21:17:26.799369+00:00,#1890,france_champion_yes,0.29357
2026-06-30T21:17:26.799369+00:00,#1891,france_champion_no,0.70643
2026-06-30T21:17:26.799369+00:00,#2130,sweden_champion_yes,0.001295
2026-06-30T21:17:26.799369+00:00,#2131,sweden_champion_no,0.998705
2026-06-30T21:17:30.634153+00:00,#6740,France,0.857795
2026-06-30T21:17:30.634153+00:00,#6741,Sweden,0.142205
2026-06-30T21:17:30.634153+00:00,#1890,france_champion_yes,0.29357
2026-06-30T21:17:30.634153+00:00,#1891,france_champion_no,0.70643
2026-06-30T21:17:30.634153+00:00,#2130,sweden_champion_yes,0.001295
2026-06-30T21:17:30.634153+00:00,#2131,sweden_champion_no,0.998705
2026-06-30T21:17:32.780083+00:00,#6740,France,0.857795
2026-06-30T21:17:32.780083+00:00,#6741,Sweden,0.142205
2026-06-30T21:17:32.780083+00:00,#1890,france_champion_yes,0.28943
2026-06-30T21:17:32.780083+00:00,#1891,france_champion_no,0.71057
2026-06-30T21:17:32.780083+00:00,#2130,sweden_champion_yes,0.001295
2026-06-30T21:17:32.780083+00:00,#2131,sweden_champion_no,0.998705
2026-06-30T21:17:36.492288+00:00,#6740,France,0.857795
2026-06-30T21:17:36.492288+00:00,#6741,Sweden,0.142205
2026-06-30T21:17:36.492288+00:00,#1890,france_champion_yes,0.29357
2026-06-30T21:17:36.492288+00:00,#1891,france_champion_no,0.70643
2026-06-30T21:17:36.492288+00:00,#2130,sweden_champion_yes,0.001295
2026-06-30T21:17:36.492288+00:00,#2131,sweden_champion_no,0.998705
2026-06-30T21:17:41.803424+00:00,#6740,France,0.857795
2026-06-30T21:17:41.803424+00:00,#6741,Sweden,0.142205
2026-06-30T21:17:41.803424+00:00,#1890,france_champion_yes,0.29357
2026-06-30T21:17:41.803424+00:00,#1891,france_champion_no,0.70643
2026-06-30T21:17:41.803424+00:00,#2130,sweden_champion_yes,0.001295
2026-06-30T21:17:41.803424+00:00,#2131,sweden_champion_no,0.998705
2026-06-30T21:17:46.669465+00:00,#6740,France,0.857795
2026-06-30T21:17:46.669465+00:00,#6741,Sweden,0.142205
2026-06-30T21:17:46.669465+00:00,#1890,france_champion_yes,0.29357
2026-06-30T21:17:46.669465+00:00,#1891,france_champion_no,0.70643
2026-06-30T21:17:46.669465+00:00,#2130,sweden_champion_yes,0.001295
2026-06-30T21:17:46.669465+00:00,#2131,sweden_champion_no,0.998705
2026-06-30T21:17:47.780360+00:00,#6740,France,0.857795
2026-06-30T21:17:47.780360+00:00,#6741,Sweden,0.142205
2026-06-30T21:17:47.780360+00:00,#1890,france_champion_yes,0.29357
2026-06-30T21:17:47.780360+00:00,#1891,france_champion_no,0.70643
2026-06-30T21:17:47.780360+00:00,#2130,sweden_champion_yes,0.001295
2026-06-30T21:17:47.780360+00:00,#2131,sweden_champion_no,0.998705
2026-06-30T21:17:51.688604+00:00,#6740,France,0.857795
2026-06-30T21:17:51.688604+00:00,#6741,Sweden,0.142205
2026-06-30T21:17:51.688604+00:00,#1890,france_champion_yes,0.28943
2026-06-30T21:17:51.688604+00:00,#1891,france_champion_no,0.71057
2026-06-30T21:17:51.688604+00:00,#2130,sweden_champion_yes,0.001295
2026-06-30T21:17:51.688604+00:00,#2131,sweden_champion_no,0.998705
2026-06-30T21:17:56.791739+00:00,#6740,France,0.857795
2026-06-30T21:17:56.791739+00:00,#6741,Sweden,0.142205
2026-06-30T21:17:56.791739+00:00,#1890,france_champion_yes,0.28943
2026-06-30T21:17:56.791739+00:00,#1891,france_champion_no,0.71057
2026-06-30T21:17:56.791739+00:00,#2130,sweden_champion_yes,0.001295
2026-06-30T21:17:56.791739+00:00,#2131,sweden_champion_no,0.998705
2026-06-30T21:18:01.657459+00:00,#6740,France,0.857795
2026-06-30T21:18:01.657459+00:00,#6741,Sweden,0.142205
2026-06-30T21:18:01.657459+00:00,#1890,france_champion_yes,0.28943
2026-06-30T21:18:01.657459+00:00,#1891,france_champion_no,0.71057
2026-06-30T21:18:01.657459+00:00,#2130,sweden_champion_yes,0.001295
2026-06-30T21:18:01.657459+00:00,#2131,sweden_champion_no,0.998705
2026-06-30T21:18:04.785007+00:00,#6740,France,0.857795
2026-06-30T21:18:04.785007+00:00,#6741,Sweden,0.142205
2026-06-30T21:18:04.785007+00:00,#1890,france_champion_yes,0.28943
2026-06-30T21:18:04.785007+00:00,#1891,france_champion_no,0.71057
2026-06-30T21:18:04.785007+00:00,#2130,sweden_champion_yes,0.001295
2026-06-30T21:18:04.785007+00:00,#2131,sweden_champion_no,0.998705
2026-06-30T21:18:07.183837+00:00,#6740,France,0.857795
2026-06-30T21:18:07.183837+00:00,#6741,Sweden,0.142205
2026-06-30T21:18:07.183837+00:00,#1890,france_champion_yes,0.28943
2026-06-30T21:18:07.183837+00:00,#1891,france_champion_no,0.71057
2026-06-30T21:18:07.183837+00:00,#2130,sweden_champion_yes,0.001295
2026-06-30T21:18:07.183837+00:00,#2131,sweden_champion_no,0.998705
2026-06-30T21:18:11.993300+00:00,#6740,France,0.857795
2026-06-30T21:18:11.993300+00:00,#6741,Sweden,0.142205
2026-06-30T21:18:11.993300+00:00,#1890,france_champion_yes,0.28736
2026-06-30T21:18:11.993300+00:00,#1891,france_champion_no,0.71264
2026-06-30T21:18:11.993300+00:00,#2130,sweden_champion_yes,0.001295
2026-06-30T21:18:11.993300+00:00,#2131,sweden_champion_no,0.998705
2026-06-30T21:18:16.895885+00:00,#6740,France,0.857795
2026-06-30T21:18:16.895885+00:00,#6741,Sweden,0.142205
2026-06-30T21:18:16.895885+00:00,#1890,france_champion_yes,0.29357
2026-06-30T21:18:16.895885+00:00,#1891,france_champion_no,0.70643
2026-06-30T21:18:16.895885+00:00,#2130,sweden_champion_yes,0.001295
2026-06-30T21:18:16.895885+00:00,#2131,sweden_champion_no,0.998705
2026-06-30T21:18:21.797157+00:00,#6740,France,0.857645
2026-06-30T21:18:21.797157+00:00,#6741,Sweden,0.142355
2026-06-30T21:18:21.797157+00:00,#1890,france_champion_yes,0.29357
2026-06-30T21:18:21.797157+00:00,#1891,france_champion_no,0.70643
2026-06-30T21:18:21.797157+00:00,#2130,sweden_champion_yes,0.001295
2026-06-30T21:18:21.797157+00:00,#2131,sweden_champion_no,0.998705
2026-06-30T21:18:22.182392+00:00,#6740,France,0.857645
2026-06-30T21:18:22.182392+00:00,#6741,Sweden,0.142355
2026-06-30T21:18:22.182392+00:00,#1890,france_champion_yes,0.29357
2026-06-30T21:18:22.182392+00:00,#1891,france_champion_no,0.70643
2026-06-30T21:18:22.182392+00:00,#2130,sweden_champion_yes,0.001295
2026-06-30T21:18:22.182392+00:00,#2131,sweden_champion_no,0.998705
2026-06-30T21:18:27.133969+00:00,#6740,France,0.857795
2026-06-30T21:18:27.133969+00:00,#6741,Sweden,0.142205
2026-06-30T21:18:27.133969+00:00,#1890,france_champion_yes,0.29357
2026-06-30T21:18:27.133969+00:00,#1891,france_champion_no,0.70643
2026-06-30T21:18:27.133969+00:00,#2130,sweden_champion_yes,0.001295
2026-06-30T21:18:27.133969+00:00,#2131,sweden_champion_no,0.998705
2026-06-30T21:18:31.841677+00:00,#6740,France,0.857795
2026-06-30T21:18:31.841677+00:00,#6741,Sweden,0.142205
2026-06-30T21:18:31.841677+00:00,#1890,france_champion_yes,0.28943
2026-06-30T21:18:31.841677+00:00,#1891,france_champion_no,0.71057
2026-06-30T21:18:31.841677+00:00,#2130,sweden_champion_yes,0.001295
2026-06-30T21:18:31.841677+00:00,#2131,sweden_champion_no,0.998705
2026-06-30T21:18:36.984039+00:00,#6740,France,0.857795
2026-06-30T21:18:36.984039+00:00,#6741,Sweden,0.142205
2026-06-30T21:18:36.984039+00:00,#1890,france_champion_yes,0.29357
2026-06-30T21:18:36.984039+00:00,#1891,france_champion_no,0.70643
2026-06-30T21:18:36.984039+00:00,#2130,sweden_champion_yes,0.001295
2026-06-30T21:18:36.984039+00:00,#2131,sweden_champion_no,0.998705
2026-06-30T21:18:39.276974+00:00,#6740,France,0.857795
2026-06-30T21:18:39.276974+00:00,#6741,Sweden,0.142205
2026-06-30T21:18:39.276974+00:00,#1890,france_champion_yes,0.29357
2026-06-30T21:18:39.276974+00:00,#1891,france_champion_no,0.70643
2026-06-30T21:18:39.276974+00:00,#2130,sweden_champion_yes,0.001295
2026-06-30T21:18:39.276974+00:00,#2131,sweden_champion_no,0.998705
2026-06-30T21:18:42.236599+00:00,#6740,France,0.857795
2026-06-30T21:18:42.236599+00:00,#6741,Sweden,0.142205
2026-06-30T21:18:42.236599+00:00,#1890,france_champion_yes,0.29357
2026-06-30T21:18:42.236599+00:00,#1891,france_champion_no,0.70643
2026-06-30T21:18:42.236599+00:00,#2130,sweden_champion_yes,0.001295
2026-06-30T21:18:42.236599+00:00,#2131,sweden_champion_no,0.998705
2026-06-30T21:18:47.631384+00:00,#6740,France,0.857795
2026-06-30T21:18:47.631384+00:00,#6741,Sweden,0.142205
2026-06-30T21:18:47.631384+00:00,#1890,france_champion_yes,0.29357
2026-06-30T21:18:47.631384+00:00,#1891,france_champion_no,0.70643
2026-06-30T21:18:47.631384+00:00,#2130,sweden_champion_yes,0.001295
2026-06-30T21:18:47.631384+00:00,#2131,sweden_champion_no,0.998705
2026-06-30T21:18:52.019221+00:00,#6740,France,0.857795
2026-06-30T21:18:52.019221+00:00,#6741,Sweden,0.142205
2026-06-30T21:18:52.019221+00:00,#1890,france_champion_yes,0.28943
2026-06-30T21:18:52.019221+00:00,#1891,france_champion_no,0.71057
2026-06-30T21:18:52.019221+00:00,#2130,sweden_champion_yes,0.001295
2026-06-30T21:18:52.019221+00:00,#2131,sweden_champion_no,0.998705
2026-06-30T21:18:56.377640+00:00,#6740,France,0.857795
2026-06-30T21:18:56.377640+00:00,#6741,Sweden,0.142205
2026-06-30T21:18:56.377640+00:00,#1890,france_champion_yes,0.289385
2026-06-30T21:18:56.377640+00:00,#1891,france_champion_no,0.710615
2026-06-30T21:18:56.377640+00:00,#2130,sweden_champion_yes,0.001295
2026-06-30T21:18:56.377640+00:00,#2131,sweden_champion_no,0.998705
2026-06-30T21:18:58.619680+00:00,#6740,France,0.857795
2026-06-30T21:18:58.619680+00:00,#6741,Sweden,0.142205
2026-06-30T21:18:58.619680+00:00,#1890,france_champion_yes,0.289385
2026-06-30T21:18:58.619680+00:00,#1891,france_champion_no,0.710615
2026-06-30T21:18:58.619680+00:00,#2130,sweden_champion_yes,0.001295
2026-06-30T21:18:58.619680+00:00,#2131,sweden_champion_no,0.998705
2026-06-30T21:19:01.778170+00:00,#6740,France,0.85588
2026-06-30T21:19:01.778170+00:00,#6741,Sweden,0.14412
2026-06-30T21:19:01.778170+00:00,#1890,france_champion_yes,0.289385
2026-06-30T21:19:01.778170+00:00,#1891,france_champion_no,0.710615
2026-06-30T21:19:01.778170+00:00,#2130,sweden_champion_yes,0.001295
2026-06-30T21:19:01.778170+00:00,#2131,sweden_champion_no,0.998705
2026-06-30T21:19:07.178360+00:00,#6740,France,0.85588
2026-06-30T21:19:07.178360+00:00,#6741,Sweden,0.14412
2026-06-30T21:19:07.178360+00:00,#1890,france_champion_yes,0.289385
2026-06-30T21:19:07.178360+00:00,#1891,france_champion_no,0.710615
2026-06-30T21:19:07.178360+00:00,#2130,sweden_champion_yes,0.001295
2026-06-30T21:19:07.178360+00:00,#2131,sweden_champion_no,0.998705
2026-06-30T21:19:12.299292+00:00,#6740,France,0.855885
2026-06-30T21:19:12.299292+00:00,#6741,Sweden,0.144115
2026-06-30T21:19:12.299292+00:00,#1890,france_champion_yes,0.287335
2026-06-30T21:19:12.299292+00:00,#1891,france_champion_no,0.712665
2026-06-30T21:19:12.299292+00:00,#2130,sweden_champion_yes,0.001295
2026-06-30T21:19:12.299292+00:00,#2131,sweden_champion_no,0.998705
2026-06-30T21:19:13.619903+00:00,#6740,France,0.855885
2026-06-30T21:19:13.619903+00:00,#6741,Sweden,0.144115
2026-06-30T21:19:13.619903+00:00,#1890,france_champion_yes,0.287335
2026-06-30T21:19:13.619903+00:00,#1891,france_champion_no,0.712665
2026-06-30T21:19:13.619903+00:00,#2130,sweden_champion_yes,0.001295
2026-06-30T21:19:13.619903+00:00,#2131,sweden_champion_no,0.998705
2026-06-30T21:19:17.133903+00:00,#6740,France,0.855885
2026-06-30T21:19:17.133903+00:00,#6741,Sweden,0.144115
2026-06-30T21:19:17.133903+00:00,#1890,france_champion_yes,0.287335
2026-06-30T21:19:17.133903+00:00,#1891,france_champion_no,0.712665
2026-06-30T21:19:17.133903+00:00,#2130,sweden_champion_yes,0.001295
2026-06-30T21:19:17.133903+00:00,#2131,sweden_champion_no,0.998705
2026-06-30T21:19:22.149428+00:00,#6740,France,0.855885
2026-06-30T21:19:22.149428+00:00,#6741,Sweden,0.144115
2026-06-30T21:19:22.149428+00:00,#1890,france_champion_yes,0.289385
2026-06-30T21:19:22.149428+00:00,#1891,france_champion_no,0.710615
2026-06-30T21:19:22.149428+00:00,#2130,sweden_champion_yes,0.001295
2026-06-30T21:19:22.149428+00:00,#2131,sweden_champion_no,0.998705
2026-06-30T21:19:27.445913+00:00,#6740,France,0.855885
2026-06-30T21:19:27.445913+00:00,#6741,Sweden,0.144115
2026-06-30T21:19:27.445913+00:00,#1890,france_champion_yes,0.289385
2026-06-30T21:19:27.445913+00:00,#1891,france_champion_no,0.710615
2026-06-30T21:19:27.445913+00:00,#2130,sweden_champion_yes,0.001295
2026-06-30T21:19:27.445913+00:00,#2131,sweden_champion_no,0.998705
2026-06-30T21:19:30.521323+00:00,#6740,France,0.855885
2026-06-30T21:19:30.521323+00:00,#6741,Sweden,0.144115
2026-06-30T21:19:30.521323+00:00,#1890,france_champion_yes,0.289385
2026-06-30T21:19:30.521323+00:00,#1891,france_champion_no,0.710615
2026-06-30T21:19:30.521323+00:00,#2130,sweden_champion_yes,0.001295
2026-06-30T21:19:30.521323+00:00,#2131,sweden_champion_no,0.998705
2026-06-30T21:19:32.826583+00:00,#6740,France,0.855885
2026-06-30T21:19:32.826583+00:00,#6741,Sweden,0.144115
2026-06-30T21:19:32.826583+00:00,#1890,france_champion_yes,0.288785
2026-06-30T21:19:32.826583+00:00,#1891,france_champion_no,0.711215
2026-06-30T21:19:32.826583+00:00,#2130,sweden_champion_yes,0.001295
2026-06-30T21:19:32.826583+00:00,#2131,sweden_champion_no,0.998705
2026-06-30T21:19:37.377475+00:00,#6740,France,0.86384
2026-06-30T21:19:37.377475+00:00,#6741,Sweden,0.13616
2026-06-30T21:19:37.377475+00:00,#1890,france_champion_yes,0.286435
2026-06-30T21:19:37.377475+00:00,#1891,france_champion_no,0.713565
2026-06-30T21:19:37.377475+00:00,#2130,sweden_champion_yes,0.001295
2026-06-30T21:19:37.377475+00:00,#2131,sweden_champion_no,0.998705
2026-06-30T21:19:42.484360+00:00,#6740,France,0.875005
2026-06-30T21:19:42.484360+00:00,#6741,Sweden,0.124995
2026-06-30T21:19:42.484360+00:00,#1890,france_champion_yes,0.29297
2026-06-30T21:19:42.484360+00:00,#1891,france_champion_no,0.70703
2026-06-30T21:19:42.484360+00:00,#2130,sweden_champion_yes,0.001295
2026-06-30T21:19:42.484360+00:00,#2131,sweden_champion_no,0.998705
2026-06-30T21:19:47.398641+00:00,#6740,France,0.884505
2026-06-30T21:19:47.398641+00:00,#6741,Sweden,0.115495
2026-06-30T21:19:47.398641+00:00,#1890,france_champion_yes,0.29297
2026-06-30T21:19:47.398641+00:00,#1891,france_champion_no,0.70703
2026-06-30T21:19:47.398641+00:00,#2130,sweden_champion_yes,0.001295
2026-06-30T21:19:47.398641+00:00,#2131,sweden_champion_no,0.998705
2026-06-30T21:19:49.569868+00:00,#6740,France,0.884505
2026-06-30T21:19:49.569868+00:00,#6741,Sweden,0.115495
2026-06-30T21:19:49.569868+00:00,#1890,france_champion_yes,0.29297
2026-06-30T21:19:49.569868+00:00,#1891,france_champion_no,0.70703
2026-06-30T21:19:49.569868+00:00,#2130,sweden_champion_yes,0.001295
2026-06-30T21:19:49.569868+00:00,#2131,sweden_champion_no,0.998705
2026-06-30T21:19:52.217203+00:00,#6740,France,0.8696
2026-06-30T21:19:52.217203+00:00,#6741,Sweden,0.1304
2026-06-30T21:19:52.217203+00:00,#1890,france_champion_yes,0.29297
2026-06-30T21:19:52.217203+00:00,#1891,france_champion_no,0.70703
2026-06-30T21:19:52.217203+00:00,#2130,sweden_champion_yes,0.001295
2026-06-30T21:19:52.217203+00:00,#2131,sweden_champion_no,0.998705
2026-06-30T21:19:57.578380+00:00,#6740,France,0.873
2026-06-30T21:19:57.578380+00:00,#6741,Sweden,0.127
2026-06-30T21:19:57.578380+00:00,#1890,france_champion_yes,0.28853
2026-06-30T21:19:57.578380+00:00,#1891,france_champion_no,0.71147
2026-06-30T21:19:57.578380+00:00,#2130,sweden_champion_yes,0.001295
2026-06-30T21:19:57.578380+00:00,#2131,sweden_champion_no,0.998705
2026-06-30T21:20:02.455059+00:00,#6740,France,0.87337
2026-06-30T21:20:02.455059+00:00,#6741,Sweden,0.12663
2026-06-30T21:20:02.455059+00:00,#1890,france_champion_yes,0.29297
2026-06-30T21:20:02.455059+00:00,#1891,france_champion_no,0.70703
2026-06-30T21:20:02.455059+00:00,#2130,sweden_champion_yes,0.001295
2026-06-30T21:20:02.455059+00:00,#2131,sweden_champion_no,0.998705
2026-06-30T21:20:06.418750+00:00,#6740,France,0.87337
2026-06-30T21:20:06.418750+00:00,#6741,Sweden,0.12663
2026-06-30T21:20:06.418750+00:00,#1890,france_champion_yes,0.29297
2026-06-30T21:20:06.418750+00:00,#1891,france_champion_no,0.70703
2026-06-30T21:20:06.418750+00:00,#2130,sweden_champion_yes,0.001295
2026-06-30T21:20:06.418750+00:00,#2131,sweden_champion_no,0.998705
2026-06-30T21:20:08.509412+00:00,#6740,France,0.861705
2026-06-30T21:20:08.509412+00:00,#6741,Sweden,0.138295
2026-06-30T21:20:08.509412+00:00,#1890,france_champion_yes,0.29297
2026-06-30T21:20:08.509412+00:00,#1891,france_champion_no,0.70703
2026-06-30T21:20:08.509412+00:00,#2130,sweden_champion_yes,0.001295
2026-06-30T21:20:08.509412+00:00,#2131,sweden_champion_no,0.998705
2026-06-30T21:20:12.800103+00:00,#6740,France,0.861545
2026-06-30T21:20:12.800103+00:00,#6741,Sweden,0.138455
2026-06-30T21:20:12.800103+00:00,#1890,france_champion_yes,0.29297
2026-06-30T21:20:12.800103+00:00,#1891,france_champion_no,0.70703
2026-06-30T21:20:12.800103+00:00,#2130,sweden_champion_yes,0.001295
2026-06-30T21:20:12.800103+00:00,#2131,sweden_champion_no,0.998705
2026-06-30T21:20:17.610292+00:00,#6740,France,0.861545
2026-06-30T21:20:17.610292+00:00,#6741,Sweden,0.138455
2026-06-30T21:20:17.610292+00:00,#1890,france_champion_yes,0.28853
2026-06-30T21:20:17.610292+00:00,#1891,france_champion_no,0.71147
2026-06-30T21:20:17.610292+00:00,#2130,sweden_champion_yes,0.001295
2026-06-30T21:20:17.610292+00:00,#2131,sweden_champion_no,0.998705
2026-06-30T21:20:22.563795+00:00,#6740,France,0.860145
2026-06-30T21:20:22.563795+00:00,#6741,Sweden,0.139855
2026-06-30T21:20:22.563795+00:00,#1890,france_champion_yes,0.28853
2026-06-30T21:20:22.563795+00:00,#1891,france_champion_no,0.71147
2026-06-30T21:20:22.563795+00:00,#2130,sweden_champion_yes,0.001295
2026-06-30T21:20:22.563795+00:00,#2131,sweden_champion_no,0.998705
2026-06-30T21:20:23.509462+00:00,#6740,France,0.860145
2026-06-30T21:20:23.509462+00:00,#6741,Sweden,0.139855
2026-06-30T21:20:23.509462+00:00,#1890,france_champion_yes,0.28853
2026-06-30T21:20:23.509462+00:00,#1891,france_champion_no,0.71147
2026-06-30T21:20:23.509462+00:00,#2130,sweden_champion_yes,0.001295
2026-06-30T21:20:23.509462+00:00,#2131,sweden_champion_no,0.998705
2026-06-30T21:20:27.866371+00:00,#6740,France,0.8767
2026-06-30T21:20:27.866371+00:00,#6741,Sweden,0.1233
2026-06-30T21:20:27.866371+00:00,#1890,france_champion_yes,0.29297
2026-06-30T21:20:27.866371+00:00,#1891,france_champion_no,0.70703
2026-06-30T21:20:27.866371+00:00,#2130,sweden_champion_yes,0.001295
2026-06-30T21:20:27.866371+00:00,#2131,sweden_champion_no,0.998705
2026-06-30T21:20:32.728999+00:00,#6740,France,0.87205
2026-06-30T21:20:32.728999+00:00,#6741,Sweden,0.12795
2026-06-30T21:20:32.728999+00:00,#1890,france_champion_yes,0.29297
2026-06-30T21:20:32.728999+00:00,#1891,france_champion_no,0.70703
2026-06-30T21:20:32.728999+00:00,#2130,sweden_champion_yes,0.001295
2026-06-30T21:20:32.728999+00:00,#2131,sweden_champion_no,0.998705
2026-06-30T21:20:37.747868+00:00,#6740,France,0.87205
2026-06-30T21:20:37.747868+00:00,#6741,Sweden,0.12795
2026-06-30T21:20:37.747868+00:00,#1890,france_champion_yes,0.29297
2026-06-30T21:20:37.747868+00:00,#1891,france_champion_no,0.70703
2026-06-30T21:20:37.747868+00:00,#2130,sweden_champion_yes,0.001295
2026-06-30T21:20:37.747868+00:00,#2131,sweden_champion_no,0.998705
2026-06-30T21:20:40.611777+00:00,#6740,France,0.87205
2026-06-30T21:20:40.611777+00:00,#6741,Sweden,0.12795
2026-06-30T21:20:40.611777+00:00,#1890,france_champion_yes,0.29297
2026-06-30T21:20:40.611777+00:00,#1891,france_champion_no,0.70703
2026-06-30T21:20:40.611777+00:00,#2130,sweden_champion_yes,0.001295
2026-06-30T21:20:40.611777+00:00,#2131,sweden_champion_no,0.998705
2026-06-30T21:20:42.973690+00:00,#6740,France,0.87205
2026-06-30T21:20:42.973690+00:00,#6741,Sweden,0.12795
2026-06-30T21:20:42.973690+00:00,#1890,france_champion_yes,0.28853
2026-06-30T21:20:42.973690+00:00,#1891,france_champion_no,0.71147
2026-06-30T21:20:42.973690+00:00,#2130,sweden_champion_yes,0.001295
2026-06-30T21:20:42.973690+00:00,#2131,sweden_champion_no,0.998705
2026-06-30T21:20:47.742808+00:00,#6740,France,0.87205
2026-06-30T21:20:47.742808+00:00,#6741,Sweden,0.12795
2026-06-30T21:20:47.742808+00:00,#1890,france_champion_yes,0.29297
2026-06-30T21:20:47.742808+00:00,#1891,france_champion_no,0.70703
2026-06-30T21:20:47.742808+00:00,#2130,sweden_champion_yes,0.001295
2026-06-30T21:20:47.742808+00:00,#2131,sweden_champion_no,0.998705
2026-06-30T21:20:52.764788+00:00,#6740,France,0.85997
2026-06-30T21:20:52.764788+00:00,#6741,Sweden,0.14003
2026-06-30T21:20:52.764788+00:00,#1890,france_champion_yes,0.29297
2026-06-30T21:20:52.764788+00:00,#1891,france_champion_no,0.70703
2026-06-30T21:20:52.764788+00:00,#2130,sweden_champion_yes,0.001295
2026-06-30T21:20:52.764788+00:00,#2131,sweden_champion_no,0.998705
2026-06-30T21:20:57.894672+00:00,#6740,France,0.859975
2026-06-30T21:20:57.894672+00:00,#6741,Sweden,0.140025
2026-06-30T21:20:57.894672+00:00,#1890,france_champion_yes,0.29297
2026-06-30T21:20:57.894672+00:00,#1891,france_champion_no,0.70703
2026-06-30T21:20:57.894672+00:00,#2130,sweden_champion_yes,0.001295
2026-06-30T21:20:57.894672+00:00,#2131,sweden_champion_no,0.998705
2026-06-30T21:20:59.935245+00:00,#6740,France,0.859975
2026-06-30T21:20:59.935245+00:00,#6741,Sweden,0.140025
2026-06-30T21:20:59.935245+00:00,#1890,france_champion_yes,0.29297
2026-06-30T21:20:59.935245+00:00,#1891,france_champion_no,0.70703
2026-06-30T21:20:59.935245+00:00,#2130,sweden_champion_yes,0.001295
2026-06-30T21:20:59.935245+00:00,#2131,sweden_champion_no,0.998705
2026-06-30T21:21:02.811487+00:00,#6740,France,0.859975
2026-06-30T21:21:02.811487+00:00,#6741,Sweden,0.140025
2026-06-30T21:21:02.811487+00:00,#1890,france_champion_yes,0.28853
2026-06-30T21:21:02.811487+00:00,#1891,france_champion_no,0.71147
2026-06-30T21:21:02.811487+00:00,#2130,sweden_champion_yes,0.001295
2026-06-30T21:21:02.811487+00:00,#2131,sweden_champion_no,0.998705
2026-06-30T21:21:07.990253+00:00,#6740,France,0.859975
2026-06-30T21:21:07.990253+00:00,#6741,Sweden,0.140025
2026-06-30T21:21:07.990253+00:00,#1890,france_champion_yes,0.29297
2026-06-30T21:21:07.990253+00:00,#1891,france_champion_no,0.70703
2026-06-30T21:21:07.990253+00:00,#2130,sweden_champion_yes,0.001295
2026-06-30T21:21:07.990253+00:00,#2131,sweden_champion_no,0.998705
2026-06-30T21:21:13.284583+00:00,#6740,France,0.853555
2026-06-30T21:21:13.284583+00:00,#6741,Sweden,0.146445
2026-06-30T21:21:13.284583+00:00,#1890,france_champion_yes,0.29297
2026-06-30T21:21:13.284583+00:00,#1891,france_champion_no,0.70703
2026-06-30T21:21:13.284583+00:00,#2130,sweden_champion_yes,0.001295
2026-06-30T21:21:13.284583+00:00,#2131,sweden_champion_no,0.998705
2026-06-30T21:21:14.936313+00:00,#6740,France,0.853555
2026-06-30T21:21:14.936313+00:00,#6741,Sweden,0.146445
2026-06-30T21:21:14.936313+00:00,#1890,france_champion_yes,0.29297
2026-06-30T21:21:14.936313+00:00,#1891,france_champion_no,0.70703
2026-06-30T21:21:14.936313+00:00,#2130,sweden_champion_yes,0.001295
2026-06-30T21:21:14.936313+00:00,#2131,sweden_champion_no,0.998705
2026-06-30T21:21:18.024512+00:00,#6740,France,0.853555
2026-06-30T21:21:18.024512+00:00,#6741,Sweden,0.146445
2026-06-30T21:21:18.024512+00:00,#1890,france_champion_yes,0.29297
2026-06-30T21:21:18.024512+00:00,#1891,france_champion_no,0.70703
2026-06-30T21:21:18.024512+00:00,#2130,sweden_champion_yes,0.001295
2026-06-30T21:21:18.024512+00:00,#2131,sweden_champion_no,0.998705
2026-06-30T21:21:22.996248+00:00,#6740,France,0.853555
2026-06-30T21:21:22.996248+00:00,#6741,Sweden,0.146445
2026-06-30T21:21:22.996248+00:00,#1890,france_champion_yes,0.28853
2026-06-30T21:21:22.996248+00:00,#1891,france_champion_no,0.71147
2026-06-30T21:21:22.996248+00:00,#2130,sweden_champion_yes,0.001295
2026-06-30T21:21:22.996248+00:00,#2131,sweden_champion_no,0.998705
2026-06-30T21:21:28.434831+00:00,#6740,France,0.853555
2026-06-30T21:21:28.434831+00:00,#6741,Sweden,0.146445
2026-06-30T21:21:28.434831+00:00,#1890,france_champion_yes,0.29297
2026-06-30T21:21:28.434831+00:00,#1891,france_champion_no,0.70703
2026-06-30T21:21:28.434831+00:00,#2130,sweden_champion_yes,0.001295
2026-06-30T21:21:28.434831+00:00,#2131,sweden_champion_no,0.998705
2026-06-30T21:21:32.005900+00:00,#6740,France,0.853555
2026-06-30T21:21:32.005900+00:00,#6741,Sweden,0.146445
2026-06-30T21:21:32.005900+00:00,#1890,france_champion_yes,0.29297
2026-06-30T21:21:32.005900+00:00,#1891,france_champion_no,0.70703
2026-06-30T21:21:32.005900+00:00,#2130,sweden_champion_yes,0.001295
2026-06-30T21:21:32.005900+00:00,#2131,sweden_champion_no,0.998705
2026-06-30T21:21:34.380658+00:00,#6740,France,0.853555
2026-06-30T21:21:34.380658+00:00,#6741,Sweden,0.146445
2026-06-30T21:21:34.380658+00:00,#1890,france_champion_yes,0.29297
2026-06-30T21:21:34.380658+00:00,#1891,france_champion_no,0.70703
2026-06-30T21:21:34.380658+00:00,#2130,sweden_champion_yes,0.001295
2026-06-30T21:21:34.380658+00:00,#2131,sweden_champion_no,0.998705
2026-06-30T21:21:38.069777+00:00,#6740,France,0.855325
2026-06-30T21:21:38.069777+00:00,#6741,Sweden,0.144675
2026-06-30T21:21:38.069777+00:00,#1890,france_champion_yes,0.29297
2026-06-30T21:21:38.069777+00:00,#1891,france_champion_no,0.70703
2026-06-30T21:21:38.069777+00:00,#2130,sweden_champion_yes,0.001295
2026-06-30T21:21:38.069777+00:00,#2131,sweden_champion_no,0.998705
2026-06-30T21:21:43.334092+00:00,#6740,France,0.85532
2026-06-30T21:21:43.334092+00:00,#6741,Sweden,0.14468
2026-06-30T21:21:43.334092+00:00,#1890,france_champion_yes,0.28853
2026-06-30T21:21:43.334092+00:00,#1891,france_champion_no,0.71147
2026-06-30T21:21:43.334092+00:00,#2130,sweden_champion_yes,0.001295
2026-06-30T21:21:43.334092+00:00,#2131,sweden_champion_no,0.998705
2026-06-30T21:21:48.017296+00:00,#6740,France,0.85532
2026-06-30T21:21:48.017296+00:00,#6741,Sweden,0.14468
2026-06-30T21:21:48.017296+00:00,#1890,france_champion_yes,0.28853
2026-06-30T21:21:48.017296+00:00,#1891,france_champion_no,0.71147
2026-06-30T21:21:48.017296+00:00,#2130,sweden_champion_yes,0.001295
2026-06-30T21:21:48.017296+00:00,#2131,sweden_champion_no,0.998705
2026-06-30T21:21:49.380713+00:00,#6740,France,0.85532
2026-06-30T21:21:49.380713+00:00,#6741,Sweden,0.14468
2026-06-30T21:21:49.380713+00:00,#1890,france_champion_yes,0.28853
2026-06-30T21:21:49.380713+00:00,#1891,france_champion_no,0.71147
2026-06-30T21:21:49.380713+00:00,#2130,sweden_champion_yes,0.001295
2026-06-30T21:21:49.380713+00:00,#2131,sweden_champion_no,0.998705
2026-06-30T21:21:53.966929+00:00,#6740,France,0.855765
2026-06-30T21:21:53.966929+00:00,#6741,Sweden,0.144235
2026-06-30T21:21:53.966929+00:00,#1890,france_champion_yes,0.28853
2026-06-30T21:21:53.966929+00:00,#1891,france_champion_no,0.71147
2026-06-30T21:21:53.966929+00:00,#2130,sweden_champion_yes,0.001295
2026-06-30T21:21:53.966929+00:00,#2131,sweden_champion_no,0.998705
2026-06-30T21:21:58.391657+00:00,#6740,France,0.855765
2026-06-30T21:21:58.391657+00:00,#6741,Sweden,0.144235
2026-06-30T21:21:58.391657+00:00,#1890,france_champion_yes,0.28853
2026-06-30T21:21:58.391657+00:00,#1891,france_champion_no,0.71147
2026-06-30T21:21:58.391657+00:00,#2130,sweden_champion_yes,0.001295
2026-06-30T21:21:58.391657+00:00,#2131,sweden_champion_no,0.998705
2026-06-30T21:22:03.278882+00:00,#6740,France,0.855765
2026-06-30T21:22:03.278882+00:00,#6741,Sweden,0.144235
2026-06-30T21:22:03.278882+00:00,#1890,france_champion_yes,0.28631
2026-06-30T21:22:03.278882+00:00,#1891,france_champion_no,0.71369
2026-06-30T21:22:03.278882+00:00,#2130,sweden_champion_yes,0.001295
2026-06-30T21:22:03.278882+00:00,#2131,sweden_champion_no,0.998705
2026-06-30T21:22:06.407445+00:00,#6740,France,0.855765
2026-06-30T21:22:06.407445+00:00,#6741,Sweden,0.144235
2026-06-30T21:22:06.407445+00:00,#1890,france_champion_yes,0.28631
2026-06-30T21:22:06.407445+00:00,#1891,france_champion_no,0.71369
2026-06-30T21:22:06.407445+00:00,#2130,sweden_champion_yes,0.001295
2026-06-30T21:22:06.407445+00:00,#2131,sweden_champion_no,0.998705
2026-06-30T21:22:08.373762+00:00,#6740,France,0.858645
2026-06-30T21:22:08.373762+00:00,#6741,Sweden,0.141355
2026-06-30T21:22:08.373762+00:00,#1890,france_champion_yes,0.28631
2026-06-30T21:22:08.373762+00:00,#1891,france_champion_no,0.71369
2026-06-30T21:22:08.373762+00:00,#2130,sweden_champion_yes,0.001295
2026-06-30T21:22:08.373762+00:00,#2131,sweden_champion_no,0.998705
2026-06-30T21:22:13.688137+00:00,#6740,France,0.858645
2026-06-30T21:22:13.688137+00:00,#6741,Sweden,0.141355
2026-06-30T21:22:13.688137+00:00,#1890,france_champion_yes,0.29297
2026-06-30T21:22:13.688137+00:00,#1891,france_champion_no,0.70703
2026-06-30T21:22:13.688137+00:00,#2130,sweden_champion_yes,0.001295
2026-06-30T21:22:13.688137+00:00,#2131,sweden_champion_no,0.998705
2026-06-30T21:22:18.358011+00:00,#6740,France,0.858645
2026-06-30T21:22:18.358011+00:00,#6741,Sweden,0.141355
2026-06-30T21:22:18.358011+00:00,#1890,france_champion_yes,0.29297
2026-06-30T21:22:18.358011+00:00,#1891,france_champion_no,0.70703
2026-06-30T21:22:18.358011+00:00,#2130,sweden_champion_yes,0.001295
2026-06-30T21:22:18.358011+00:00,#2131,sweden_champion_no,0.998705
2026-06-30T21:22:23.372136+00:00,#6740,France,0.858645
2026-06-30T21:22:23.372136+00:00,#6741,Sweden,0.141355
2026-06-30T21:22:23.372136+00:00,#1890,france_champion_yes,0.28853
2026-06-30T21:22:23.372136+00:00,#1891,france_champion_no,0.71147
2026-06-30T21:22:23.372136+00:00,#2130,sweden_champion_yes,0.001295
2026-06-30T21:22:23.372136+00:00,#2131,sweden_champion_no,0.998705
2026-06-30T21:22:25.285065+00:00,#6740,France,0.858645
2026-06-30T21:22:25.285065+00:00,#6741,Sweden,0.141355
2026-06-30T21:22:25.285065+00:00,#1890,france_champion_yes,0.28853
2026-06-30T21:22:25.285065+00:00,#1891,france_champion_no,0.71147
2026-06-30T21:22:25.285065+00:00,#2130,sweden_champion_yes,0.001295
2026-06-30T21:22:25.285065+00:00,#2131,sweden_champion_no,0.998705
2026-06-30T21:22:28.659476+00:00,#6740,France,0.858645
2026-06-30T21:22:28.659476+00:00,#6741,Sweden,0.141355
2026-06-30T21:22:28.659476+00:00,#1890,france_champion_yes,0.28853
2026-06-30T21:22:28.659476+00:00,#1891,france_champion_no,0.71147
2026-06-30T21:22:28.659476+00:00,#2130,sweden_champion_yes,0.001295
2026-06-30T21:22:28.659476+00:00,#2131,sweden_champion_no,0.998705
2026-06-30T21:22:33.379789+00:00,#6740,France,0.858645
2026-06-30T21:22:33.379789+00:00,#6741,Sweden,0.141355
2026-06-30T21:22:33.379789+00:00,#1890,france_champion_yes,0.29297
2026-06-30T21:22:33.379789+00:00,#1891,france_champion_no,0.70703
2026-06-30T21:22:33.379789+00:00,#2130,sweden_champion_yes,0.001295
2026-06-30T21:22:33.379789+00:00,#2131,sweden_champion_no,0.998705
2026-06-30T21:22:38.422346+00:00,#6740,France,0.858645
2026-06-30T21:22:38.422346+00:00,#6741,Sweden,0.141355
2026-06-30T21:22:38.422346+00:00,#1890,france_champion_yes,0.29297
2026-06-30T21:22:38.422346+00:00,#1891,france_champion_no,0.70703
2026-06-30T21:22:38.422346+00:00,#2130,sweden_champion_yes,0.001295
2026-06-30T21:22:38.422346+00:00,#2131,sweden_champion_no,0.998705
2026-06-30T21:22:40.285130+00:00,#6740,France,0.858645
2026-06-30T21:22:40.285130+00:00,#6741,Sweden,0.141355
2026-06-30T21:22:40.285130+00:00,#1890,france_champion_yes,0.29297
2026-06-30T21:22:40.285130+00:00,#1891,france_champion_no,0.70703
2026-06-30T21:22:40.285130+00:00,#2130,sweden_champion_yes,0.001295
2026-06-30T21:22:40.285130+00:00,#2131,sweden_champion_no,0.998705
2026-06-30T21:22:43.813674+00:00,#6740,France,0.858645
2026-06-30T21:22:43.813674+00:00,#6741,Sweden,0.141355
2026-06-30T21:22:43.813674+00:00,#1890,france_champion_yes,0.29297
2026-06-30T21:22:43.813674+00:00,#1891,france_champion_no,0.70703
2026-06-30T21:22:43.813674+00:00,#2130,sweden_champion_yes,0.001295
2026-06-30T21:22:43.813674+00:00,#2131,sweden_champion_no,0.998705
2026-06-30T21:22:48.554284+00:00,#6740,France,0.858645
2026-06-30T21:22:48.554284+00:00,#6741,Sweden,0.141355
2026-06-30T21:22:48.554284+00:00,#1890,france_champion_yes,0.28853
2026-06-30T21:22:48.554284+00:00,#1891,france_champion_no,0.71147
2026-06-30T21:22:48.554284+00:00,#2130,sweden_champion_yes,0.001295
2026-06-30T21:22:48.554284+00:00,#2131,sweden_champion_no,0.998705
2026-06-30T21:22:53.722332+00:00,#6740,France,0.858645
2026-06-30T21:22:53.722332+00:00,#6741,Sweden,0.141355
2026-06-30T21:22:53.722332+00:00,#1890,france_champion_yes,0.28853
2026-06-30T21:22:53.722332+00:00,#1891,france_champion_no,0.71147
2026-06-30T21:22:53.722332+00:00,#2130,sweden_champion_yes,0.001295
2026-06-30T21:22:53.722332+00:00,#2131,sweden_champion_no,0.998705
2026-06-30T21:22:57.352463+00:00,#6740,France,0.858645
2026-06-30T21:22:57.352463+00:00,#6741,Sweden,0.141355
2026-06-30T21:22:57.352463+00:00,#1890,france_champion_yes,0.28853
2026-06-30T21:22:57.352463+00:00,#1891,france_champion_no,0.71147
2026-06-30T21:22:57.352463+00:00,#2130,sweden_champion_yes,0.001295
2026-06-30T21:22:57.352463+00:00,#2131,sweden_champion_no,0.998705
2026-06-30T21:22:59.634874+00:00,#6740,France,0.858645
2026-06-30T21:22:59.634874+00:00,#6741,Sweden,0.141355
2026-06-30T21:22:59.634874+00:00,#1890,france_champion_yes,0.28853
2026-06-30T21:22:59.634874+00:00,#1891,france_champion_no,0.71147
2026-06-30T21:22:59.634874+00:00,#2130,sweden_champion_yes,0.001295
2026-06-30T21:22:59.634874+00:00,#2131,sweden_champion_no,0.998705
2026-06-30T21:23:03.734630+00:00,#6740,France,0.85583
2026-06-30T21:23:03.734630+00:00,#6741,Sweden,0.14417
2026-06-30T21:23:03.734630+00:00,#1890,france_champion_yes,0.28853
2026-06-30T21:23:03.734630+00:00,#1891,france_champion_no,0.71147
2026-06-30T21:23:03.734630+00:00,#2130,sweden_champion_yes,0.001295
2026-06-30T21:23:03.734630+00:00,#2131,sweden_champion_no,0.998705
2026-06-30T21:23:08.856238+00:00,#6740,France,0.85583
2026-06-30T21:23:08.856238+00:00,#6741,Sweden,0.14417
2026-06-30T21:23:08.856238+00:00,#1890,france_champion_yes,0.28631
2026-06-30T21:23:08.856238+00:00,#1891,france_champion_no,0.71369
2026-06-30T21:23:08.856238+00:00,#2130,sweden_champion_yes,0.001295
2026-06-30T21:23:08.856238+00:00,#2131,sweden_champion_no,0.998705
2026-06-30T21:23:14.079940+00:00,#6740,France,0.85583
2026-06-30T21:23:14.079940+00:00,#6741,Sweden,0.14417
2026-06-30T21:23:14.079940+00:00,#1890,france_champion_yes,0.29297
2026-06-30T21:23:14.079940+00:00,#1891,france_champion_no,0.70703
2026-06-30T21:23:14.079940+00:00,#2130,sweden_champion_yes,0.001295
2026-06-30T21:23:14.079940+00:00,#2131,sweden_champion_no,0.998705
2026-06-30T21:23:14.635314+00:00,#6740,France,0.85583
2026-06-30T21:23:14.635314+00:00,#6741,Sweden,0.14417
2026-06-30T21:23:14.635314+00:00,#1890,france_champion_yes,0.29297
2026-06-30T21:23:14.635314+00:00,#1891,france_champion_no,0.70703
2026-06-30T21:23:14.635314+00:00,#2130,sweden_champion_yes,0.001295
2026-06-30T21:23:14.635314+00:00,#2131,sweden_champion_no,0.998705
2026-06-30T21:23:18.739249+00:00,#6740,France,0.85583
2026-06-30T21:23:18.739249+00:00,#6741,Sweden,0.14417
2026-06-30T21:23:18.739249+00:00,#1890,france_champion_yes,0.29297
2026-06-30T21:23:18.739249+00:00,#1891,france_champion_no,0.70703
2026-06-30T21:23:18.739249+00:00,#2130,sweden_champion_yes,0.001295
2026-06-30T21:23:18.739249+00:00,#2131,sweden_champion_no,0.998705
2026-06-30T21:23:23.841396+00:00,#6740,France,0.85583
2026-06-30T21:23:23.841396+00:00,#6741,Sweden,0.14417
2026-06-30T21:23:23.841396+00:00,#1890,france_champion_yes,0.29297
2026-06-30T21:23:23.841396+00:00,#1891,france_champion_no,0.70703
2026-06-30T21:23:23.841396+00:00,#2130,sweden_champion_yes,0.001295
2026-06-30T21:23:23.841396+00:00,#2131,sweden_champion_no,0.998705
2026-06-30T21:23:29.028188+00:00,#6740,France,0.85583
2026-06-30T21:23:29.028188+00:00,#6741,Sweden,0.14417
2026-06-30T21:23:29.028188+00:00,#1890,france_champion_yes,0.28853
2026-06-30T21:23:29.028188+00:00,#1891,france_champion_no,0.71147
2026-06-30T21:23:29.028188+00:00,#2130,sweden_champion_yes,0.001295
2026-06-30T21:23:29.028188+00:00,#2131,sweden_champion_no,0.998705
2026-06-30T21:23:31.740153+00:00,#6740,France,0.85583
2026-06-30T21:23:31.740153+00:00,#6741,Sweden,0.14417
2026-06-30T21:23:31.740153+00:00,#1890,france_champion_yes,0.28853
2026-06-30T21:23:31.740153+00:00,#1891,france_champion_no,0.71147
2026-06-30T21:23:31.740153+00:00,#2130,sweden_champion_yes,0.001295
2026-06-30T21:23:31.740153+00:00,#2131,sweden_champion_no,0.998705
2026-06-30T21:23:34.122580+00:00,#6740,France,0.85583
2026-06-30T21:23:34.122580+00:00,#6741,Sweden,0.14417
2026-06-30T21:23:34.122580+00:00,#1890,france_champion_yes,0.29297
2026-06-30T21:23:34.122580+00:00,#1891,france_champion_no,0.70703
2026-06-30T21:23:34.122580+00:00,#2130,sweden_champion_yes,0.001295
2026-06-30T21:23:34.122580+00:00,#2131,sweden_champion_no,0.998705
2026-06-30T21:23:38.930042+00:00,#6740,France,0.85583
2026-06-30T21:23:38.930042+00:00,#6741,Sweden,0.14417
2026-06-30T21:23:38.930042+00:00,#1890,france_champion_yes,0.28853
2026-06-30T21:23:38.930042+00:00,#1891,france_champion_no,0.71147
2026-06-30T21:23:38.930042+00:00,#2130,sweden_champion_yes,0.001295
2026-06-30T21:23:38.930042+00:00,#2131,sweden_champion_no,0.998705
2026-06-30T21:23:44.221632+00:00,#6740,France,0.855795
2026-06-30T21:23:44.221632+00:00,#6741,Sweden,0.144205
2026-06-30T21:23:44.221632+00:00,#1890,france_champion_yes,0.28853
2026-06-30T21:23:44.221632+00:00,#1891,france_champion_no,0.71147
2026-06-30T21:23:44.221632+00:00,#2130,sweden_champion_yes,0.001295
2026-06-30T21:23:44.221632+00:00,#2131,sweden_champion_no,0.998705
2026-06-30T21:23:48.997631+00:00,#6740,France,0.855795
2026-06-30T21:23:48.997631+00:00,#6741,Sweden,0.144205
2026-06-30T21:23:48.997631+00:00,#1890,france_champion_yes,0.28631
2026-06-30T21:23:48.997631+00:00,#1891,france_champion_no,0.71369
2026-06-30T21:23:48.997631+00:00,#2130,sweden_champion_yes,0.001295
2026-06-30T21:23:48.997631+00:00,#2131,sweden_champion_no,0.998705
2026-06-30T21:23:49.121795+00:00,#6740,France,0.855795
2026-06-30T21:23:49.121795+00:00,#6741,Sweden,0.144205
2026-06-30T21:23:49.121795+00:00,#1890,france_champion_yes,0.28631
2026-06-30T21:23:49.121795+00:00,#1891,france_champion_no,0.71369
2026-06-30T21:23:49.121795+00:00,#2130,sweden_champion_yes,0.001295
2026-06-30T21:23:49.121795+00:00,#2131,sweden_champion_no,0.998705
2026-06-30T21:23:54.051743+00:00,#6740,France,0.855795
2026-06-30T21:23:54.051743+00:00,#6741,Sweden,0.144205
2026-06-30T21:23:54.051743+00:00,#1890,france_champion_yes,0.28631
2026-06-30T21:23:54.051743+00:00,#1891,france_champion_no,0.71369
2026-06-30T21:23:54.051743+00:00,#2130,sweden_champion_yes,0.001295
2026-06-30T21:23:54.051743+00:00,#2131,sweden_champion_no,0.998705
2026-06-30T21:23:59.362223+00:00,#6740,France,0.855795
2026-06-30T21:23:59.362223+00:00,#6741,Sweden,0.144205
2026-06-30T21:23:59.362223+00:00,#1890,france_champion_yes,0.29297
2026-06-30T21:23:59.362223+00:00,#1891,france_champion_no,0.70703
2026-06-30T21:23:59.362223+00:00,#2130,sweden_champion_yes,0.001295
2026-06-30T21:23:59.362223+00:00,#2131,sweden_champion_no,0.998705
2026-06-30T21:24:04.084004+00:00,#6740,France,0.855795
2026-06-30T21:24:04.084004+00:00,#6741,Sweden,0.144205
2026-06-30T21:24:04.084004+00:00,#1890,france_champion_yes,0.29297
2026-06-30T21:24:04.084004+00:00,#1891,france_champion_no,0.70703
2026-06-30T21:24:04.084004+00:00,#2130,sweden_champion_yes,0.001295
2026-06-30T21:24:04.084004+00:00,#2131,sweden_champion_no,0.998705
2026-06-30T21:24:06.178067+00:00,#6740,France,0.855795
2026-06-30T21:24:06.178067+00:00,#6741,Sweden,0.144205
2026-06-30T21:24:06.178067+00:00,#1890,france_champion_yes,0.29297
2026-06-30T21:24:06.178067+00:00,#1891,france_champion_no,0.70703
2026-06-30T21:24:06.178067+00:00,#2130,sweden_champion_yes,0.001295
2026-06-30T21:24:06.178067+00:00,#2131,sweden_champion_no,0.998705
2026-06-30T21:24:09.116318+00:00,#6740,France,0.855795
2026-06-30T21:24:09.116318+00:00,#6741,Sweden,0.144205
2026-06-30T21:24:09.116318+00:00,#1890,france_champion_yes,0.28853
2026-06-30T21:24:09.116318+00:00,#1891,france_champion_no,0.71147
2026-06-30T21:24:09.116318+00:00,#2130,sweden_champion_yes,0.001295
2026-06-30T21:24:09.116318+00:00,#2131,sweden_champion_no,0.998705
2026-06-30T21:24:14.344868+00:00,#6740,France,0.855795
2026-06-30T21:24:14.344868+00:00,#6741,Sweden,0.144205
2026-06-30T21:24:14.344868+00:00,#1890,france_champion_yes,0.28853
2026-06-30T21:24:14.344868+00:00,#1891,france_champion_no,0.71147
2026-06-30T21:24:14.344868+00:00,#2130,sweden_champion_yes,0.001295
2026-06-30T21:24:14.344868+00:00,#2131,sweden_champion_no,0.998705
2026-06-30T21:24:18.952040+00:00,#6740,France,0.85577
2026-06-30T21:24:18.952040+00:00,#6741,Sweden,0.14423
2026-06-30T21:24:18.952040+00:00,#1890,france_champion_yes,0.29297
2026-06-30T21:24:18.952040+00:00,#1891,france_champion_no,0.70703
2026-06-30T21:24:18.952040+00:00,#2130,sweden_champion_yes,0.001295
2026-06-30T21:24:18.952040+00:00,#2131,sweden_champion_no,0.998705
2026-06-30T21:24:23.115617+00:00,#6740,France,0.85577
2026-06-30T21:24:23.115617+00:00,#6741,Sweden,0.14423
2026-06-30T21:24:23.115617+00:00,#1890,france_champion_yes,0.29297
2026-06-30T21:24:23.115617+00:00,#1891,france_champion_no,0.70703
2026-06-30T21:24:23.115617+00:00,#2130,sweden_champion_yes,0.001295
2026-06-30T21:24:23.115617+00:00,#2131,sweden_champion_no,0.998705
2026-06-30T21:24:24.974355+00:00,#6740,France,0.849205
2026-06-30T21:24:24.974355+00:00,#6741,Sweden,0.150795
2026-06-30T21:24:24.974355+00:00,#1890,france_champion_yes,0.29297
2026-06-30T21:24:24.974355+00:00,#1891,france_champion_no,0.70703
2026-06-30T21:24:24.974355+00:00,#2130,sweden_champion_yes,0.001295
2026-06-30T21:24:24.974355+00:00,#2131,sweden_champion_no,0.998705
2026-06-30T21:24:29.450302+00:00,#6740,France,0.84921
2026-06-30T21:24:29.450302+00:00,#6741,Sweden,0.15079
2026-06-30T21:24:29.450302+00:00,#1890,france_champion_yes,0.29297
2026-06-30T21:24:29.450302+00:00,#1891,france_champion_no,0.70703
2026-06-30T21:24:29.450302+00:00,#2130,sweden_champion_yes,0.001295
2026-06-30T21:24:29.450302+00:00,#2131,sweden_champion_no,0.998705
2026-06-30T21:24:33.993335+00:00,#6740,France,0.84921
2026-06-30T21:24:33.993335+00:00,#6741,Sweden,0.15079
2026-06-30T21:24:33.993335+00:00,#1890,france_champion_yes,0.28853
2026-06-30T21:24:33.993335+00:00,#1891,france_champion_no,0.71147
2026-06-30T21:24:33.993335+00:00,#2130,sweden_champion_yes,0.001295
2026-06-30T21:24:33.993335+00:00,#2131,sweden_champion_no,0.998705
2026-06-30T21:24:39.209936+00:00,#6740,France,0.84921
2026-06-30T21:24:39.209936+00:00,#6741,Sweden,0.15079
2026-06-30T21:24:39.209936+00:00,#1890,france_champion_yes,0.28853
2026-06-30T21:24:39.209936+00:00,#1891,france_champion_no,0.71147
2026-06-30T21:24:39.209936+00:00,#2130,sweden_champion_yes,0.001295
2026-06-30T21:24:39.209936+00:00,#2131,sweden_champion_no,0.998705
2026-06-30T21:24:39.974130+00:00,#6740,France,0.84921
2026-06-30T21:24:39.974130+00:00,#6741,Sweden,0.15079
2026-06-30T21:24:39.974130+00:00,#1890,france_champion_yes,0.28853
2026-06-30T21:24:39.974130+00:00,#1891,france_champion_no,0.71147
2026-06-30T21:24:39.974130+00:00,#2130,sweden_champion_yes,0.001295
2026-06-30T21:24:39.974130+00:00,#2131,sweden_champion_no,0.998705
2026-06-30T21:24:44.681595+00:00,#6740,France,0.85762
2026-06-30T21:24:44.681595+00:00,#6741,Sweden,0.14238
2026-06-30T21:24:44.681595+00:00,#1890,france_champion_yes,0.28853
2026-06-30T21:24:44.681595+00:00,#1891,france_champion_no,0.71147
2026-06-30T21:24:44.681595+00:00,#2130,sweden_champion_yes,0.001295
2026-06-30T21:24:44.681595+00:00,#2131,sweden_champion_no,0.998705
2026-06-30T21:24:49.342873+00:00,#6740,France,0.85605
2026-06-30T21:24:49.342873+00:00,#6741,Sweden,0.14395
2026-06-30T21:24:49.342873+00:00,#1890,france_champion_yes,0.28853
2026-06-30T21:24:49.342873+00:00,#1891,france_champion_no,0.71147
2026-06-30T21:24:49.342873+00:00,#2130,sweden_champion_yes,0.001295
2026-06-30T21:24:49.342873+00:00,#2131,sweden_champion_no,0.998705
2026-06-30T21:24:54.368414+00:00,#6740,France,0.85605
2026-06-30T21:24:54.368414+00:00,#6741,Sweden,0.14395
2026-06-30T21:24:54.368414+00:00,#1890,france_champion_yes,0.28631
2026-06-30T21:24:54.368414+00:00,#1891,france_champion_no,0.71369
2026-06-30T21:24:54.368414+00:00,#2130,sweden_champion_yes,0.001295
2026-06-30T21:24:54.368414+00:00,#2131,sweden_champion_no,0.998705
2026-06-30T21:24:56.975287+00:00,#6740,France,0.85605
2026-06-30T21:24:56.975287+00:00,#6741,Sweden,0.14395
2026-06-30T21:24:56.975287+00:00,#1890,france_champion_yes,0.28631
2026-06-30T21:24:56.975287+00:00,#1891,france_champion_no,0.71369
2026-06-30T21:24:56.975287+00:00,#2130,sweden_champion_yes,0.001295
2026-06-30T21:24:56.975287+00:00,#2131,sweden_champion_no,0.998705
2026-06-30T21:25:01.878930+00:00,#6740,France,0.85605
2026-06-30T21:25:01.878930+00:00,#6741,Sweden,0.14395
2026-06-30T21:25:01.878930+00:00,#1890,france_champion_yes,0.29297
2026-06-30T21:25:01.878930+00:00,#1891,france_champion_no,0.70703
2026-06-30T21:25:01.878930+00:00,#2130,sweden_champion_yes,0.001295
2026-06-30T21:25:01.878930+00:00,#2131,sweden_champion_no,0.998705
2026-06-30T21:25:04.338340+00:00,#6740,France,0.85605
2026-06-30T21:25:04.338340+00:00,#6741,Sweden,0.14395
2026-06-30T21:25:04.338340+00:00,#1890,france_champion_yes,0.29297
2026-06-30T21:25:04.338340+00:00,#1891,france_champion_no,0.70703
2026-06-30T21:25:04.338340+00:00,#2130,sweden_champion_yes,0.001295
2026-06-30T21:25:04.338340+00:00,#2131,sweden_champion_no,0.998705
2026-06-30T21:25:09.458458+00:00,#6740,France,0.85605
2026-06-30T21:25:09.458458+00:00,#6741,Sweden,0.14395
2026-06-30T21:25:09.458458+00:00,#1890,france_champion_yes,0.29297
2026-06-30T21:25:09.458458+00:00,#1891,france_champion_no,0.70703
2026-06-30T21:25:09.458458+00:00,#2130,sweden_champion_yes,0.001295
2026-06-30T21:25:09.458458+00:00,#2131,sweden_champion_no,0.998705
2026-06-30T21:25:14.019343+00:00,#6740,France,0.85605
2026-06-30T21:25:14.019343+00:00,#6741,Sweden,0.14395
2026-06-30T21:25:14.019343+00:00,#1890,france_champion_yes,0.28853
2026-06-30T21:25:14.019343+00:00,#1891,france_champion_no,0.71147
2026-06-30T21:25:14.019343+00:00,#2130,sweden_champion_yes,0.001295
2026-06-30T21:25:14.019343+00:00,#2131,sweden_champion_no,0.998705
2026-06-30T21:25:16.582033+00:00,#6740,France,0.85605
2026-06-30T21:25:16.582033+00:00,#6741,Sweden,0.14395
2026-06-30T21:25:16.582033+00:00,#1890,france_champion_yes,0.28853
2026-06-30T21:25:16.582033+00:00,#1891,france_champion_no,0.71147
2026-06-30T21:25:16.582033+00:00,#2130,sweden_champion_yes,0.001295
2026-06-30T21:25:16.582033+00:00,#2131,sweden_champion_no,0.998705
2026-06-30T21:25:19.571424+00:00,#6740,France,0.85605
2026-06-30T21:25:19.571424+00:00,#6741,Sweden,0.14395
2026-06-30T21:25:19.571424+00:00,#1890,france_champion_yes,0.28787
2026-06-30T21:25:19.571424+00:00,#1891,france_champion_no,0.71213
2026-06-30T21:25:19.571424+00:00,#2130,sweden_champion_yes,0.001295
2026-06-30T21:25:19.571424+00:00,#2131,sweden_champion_no,0.998705
2026-06-30T21:25:24.495836+00:00,#6740,France,0.85605
2026-06-30T21:25:24.495836+00:00,#6741,Sweden,0.14395
2026-06-30T21:25:24.495836+00:00,#1890,france_champion_yes,0.28787
2026-06-30T21:25:24.495836+00:00,#1891,france_champion_no,0.71213
2026-06-30T21:25:24.495836+00:00,#2130,sweden_champion_yes,0.001295
2026-06-30T21:25:24.495836+00:00,#2131,sweden_champion_no,0.998705
2026-06-30T21:25:29.845584+00:00,#6740,France,0.85605
2026-06-30T21:25:29.845584+00:00,#6741,Sweden,0.14395
2026-06-30T21:25:29.845584+00:00,#1890,france_champion_yes,0.28787
2026-06-30T21:25:29.845584+00:00,#1891,france_champion_no,0.71213
2026-06-30T21:25:29.845584+00:00,#2130,sweden_champion_yes,0.001295
2026-06-30T21:25:29.845584+00:00,#2131,sweden_champion_no,0.998705
2026-06-30T21:25:31.582497+00:00,#6740,France,0.85605
2026-06-30T21:25:31.582497+00:00,#6741,Sweden,0.14395
2026-06-30T21:25:31.582497+00:00,#1890,france_champion_yes,0.28787
2026-06-30T21:25:31.582497+00:00,#1891,france_champion_no,0.71213
2026-06-30T21:25:31.582497+00:00,#2130,sweden_champion_yes,0.001295
2026-06-30T21:25:31.582497+00:00,#2131,sweden_champion_no,0.998705
2026-06-30T21:25:34.562598+00:00,#6740,France,0.85605
2026-06-30T21:25:34.562598+00:00,#6741,Sweden,0.14395
2026-06-30T21:25:34.562598+00:00,#1890,france_champion_yes,0.28532
2026-06-30T21:25:34.562598+00:00,#1891,france_champion_no,0.71468
2026-06-30T21:25:34.562598+00:00,#2130,sweden_champion_yes,0.001295
2026-06-30T21:25:34.562598+00:00,#2131,sweden_champion_no,0.998705
2026-06-30T21:25:39.647913+00:00,#6740,France,0.85605
2026-06-30T21:25:39.647913+00:00,#6741,Sweden,0.14395
2026-06-30T21:25:39.647913+00:00,#1890,france_champion_yes,0.29231
2026-06-30T21:25:39.647913+00:00,#1891,france_champion_no,0.70769
2026-06-30T21:25:39.647913+00:00,#2130,sweden_champion_yes,0.001295
2026-06-30T21:25:39.647913+00:00,#2131,sweden_champion_no,0.998705
2026-06-30T21:25:45.008889+00:00,#6740,France,0.85605
2026-06-30T21:25:45.008889+00:00,#6741,Sweden,0.14395
2026-06-30T21:25:45.008889+00:00,#1890,france_champion_yes,0.29231
2026-06-30T21:25:45.008889+00:00,#1891,france_champion_no,0.70769
2026-06-30T21:25:45.008889+00:00,#2130,sweden_champion_yes,0.001295
2026-06-30T21:25:45.008889+00:00,#2131,sweden_champion_no,0.998705
2026-06-30T21:25:48.567191+00:00,#6740,France,0.85605
2026-06-30T21:25:48.567191+00:00,#6741,Sweden,0.14395
2026-06-30T21:25:48.567191+00:00,#1890,france_champion_yes,0.29231
2026-06-30T21:25:48.567191+00:00,#1891,france_champion_no,0.70769
2026-06-30T21:25:48.567191+00:00,#2130,sweden_champion_yes,0.001295
2026-06-30T21:25:48.567191+00:00,#2131,sweden_champion_no,0.998705
2026-06-30T21:25:50.847886+00:00,#6740,France,0.85605
2026-06-30T21:25:50.847886+00:00,#6741,Sweden,0.14395
2026-06-30T21:25:50.847886+00:00,#1890,france_champion_yes,0.29231
2026-06-30T21:25:50.847886+00:00,#1891,france_champion_no,0.70769
2026-06-30T21:25:50.847886+00:00,#2130,sweden_champion_yes,0.001295
2026-06-30T21:25:50.847886+00:00,#2131,sweden_champion_no,0.998705
2026-06-30T21:25:54.663103+00:00,#6740,France,0.856055
2026-06-30T21:25:54.663103+00:00,#6741,Sweden,0.143945
2026-06-30T21:25:54.663103+00:00,#1890,france_champion_yes,0.28754
2026-06-30T21:25:54.663103+00:00,#1891,france_champion_no,0.71246
2026-06-30T21:25:54.663103+00:00,#2130,sweden_champion_yes,0.001295
2026-06-30T21:25:54.663103+00:00,#2131,sweden_champion_no,0.998705
2026-06-30T21:25:59.984152+00:00,#6740,France,0.856055
2026-06-30T21:25:59.984152+00:00,#6741,Sweden,0.143945
2026-06-30T21:25:59.984152+00:00,#1890,france_champion_yes,0.28754
2026-06-30T21:25:59.984152+00:00,#1891,france_champion_no,0.71246
2026-06-30T21:25:59.984152+00:00,#2130,sweden_champion_yes,0.001295
2026-06-30T21:25:59.984152+00:00,#2131,sweden_champion_no,0.998705
2026-06-30T21:26:04.758796+00:00,#6740,France,0.856055
2026-06-30T21:26:04.758796+00:00,#6741,Sweden,0.143945
2026-06-30T21:26:04.758796+00:00,#1890,france_champion_yes,0.282155
2026-06-30T21:26:04.758796+00:00,#1891,france_champion_no,0.717845
2026-06-30T21:26:04.758796+00:00,#2130,sweden_champion_yes,0.001295
2026-06-30T21:26:04.758796+00:00,#2131,sweden_champion_no,0.998705
2026-06-30T21:26:05.847549+00:00,#6740,France,0.856055
2026-06-30T21:26:05.847549+00:00,#6741,Sweden,0.143945
2026-06-30T21:26:05.847549+00:00,#1890,france_champion_yes,0.282155
2026-06-30T21:26:05.847549+00:00,#1891,france_champion_no,0.717845
2026-06-30T21:26:05.847549+00:00,#2130,sweden_champion_yes,0.001295
2026-06-30T21:26:05.847549+00:00,#2131,sweden_champion_no,0.998705
2026-06-30T21:26:09.933766+00:00,#6740,France,0.856055
2026-06-30T21:26:09.933766+00:00,#6741,Sweden,0.143945
2026-06-30T21:26:09.933766+00:00,#1890,france_champion_yes,0.282155
2026-06-30T21:26:09.933766+00:00,#1891,france_champion_no,0.717845
2026-06-30T21:26:09.933766+00:00,#2130,sweden_champion_yes,0.001295
2026-06-30T21:26:09.933766+00:00,#2131,sweden_champion_no,0.998705
2026-06-30T21:26:15.335687+00:00,#6740,France,0.855985
2026-06-30T21:26:15.335687+00:00,#6741,Sweden,0.144015
2026-06-30T21:26:15.335687+00:00,#1890,france_champion_yes,0.28132
2026-06-30T21:26:15.335687+00:00,#1891,france_champion_no,0.71868
2026-06-30T21:26:15.335687+00:00,#2130,sweden_champion_yes,0.001295
2026-06-30T21:26:15.335687+00:00,#2131,sweden_champion_no,0.998705
2026-06-30T21:26:19.903360+00:00,#6740,France,0.856025
2026-06-30T21:26:19.903360+00:00,#6741,Sweden,0.143975
2026-06-30T21:26:19.903360+00:00,#1890,france_champion_yes,0.28132
2026-06-30T21:26:19.903360+00:00,#1891,france_champion_no,0.71868
2026-06-30T21:26:19.903360+00:00,#2130,sweden_champion_yes,0.001295
2026-06-30T21:26:19.903360+00:00,#2131,sweden_champion_no,0.998705
2026-06-30T21:26:22.871942+00:00,#6740,France,0.856025
2026-06-30T21:26:22.871942+00:00,#6741,Sweden,0.143975
2026-06-30T21:26:22.871942+00:00,#1890,france_champion_yes,0.28132
2026-06-30T21:26:22.871942+00:00,#1891,france_champion_no,0.71868
2026-06-30T21:26:22.871942+00:00,#2130,sweden_champion_yes,0.001295
2026-06-30T21:26:22.871942+00:00,#2131,sweden_champion_no,0.998705
2026-06-30T21:26:24.974632+00:00,#6740,France,0.855975
2026-06-30T21:26:24.974632+00:00,#6741,Sweden,0.144025
2026-06-30T21:26:24.974632+00:00,#1890,france_champion_yes,0.282155
2026-06-30T21:26:24.974632+00:00,#1891,france_champion_no,0.717845
2026-06-30T21:26:24.974632+00:00,#2130,sweden_champion_yes,0.001295
2026-06-30T21:26:24.974632+00:00,#2131,sweden_champion_no,0.998705
2026-06-30T21:26:30.196934+00:00,#6740,France,0.855975
2026-06-30T21:26:30.196934+00:00,#6741,Sweden,0.144025
2026-06-30T21:26:30.196934+00:00,#1890,france_champion_yes,0.282155
2026-06-30T21:26:30.196934+00:00,#1891,france_champion_no,0.717845
2026-06-30T21:26:30.196934+00:00,#2130,sweden_champion_yes,0.001295
2026-06-30T21:26:30.196934+00:00,#2131,sweden_champion_no,0.998705
2026-06-30T21:26:34.961011+00:00,#6740,France,0.846155
2026-06-30T21:26:34.961011+00:00,#6741,Sweden,0.153845
2026-06-30T21:26:34.961011+00:00,#1890,france_champion_yes,0.282155
2026-06-30T21:26:34.961011+00:00,#1891,france_champion_no,0.717845
2026-06-30T21:26:34.961011+00:00,#2130,sweden_champion_yes,0.001295
2026-06-30T21:26:34.961011+00:00,#2131,sweden_champion_no,0.998705
2026-06-30T21:26:39.952167+00:00,#6740,France,0.846155
2026-06-30T21:26:39.952167+00:00,#6741,Sweden,0.153845
2026-06-30T21:26:39.952167+00:00,#1890,france_champion_yes,0.28132
2026-06-30T21:26:39.952167+00:00,#1891,france_champion_no,0.71868
2026-06-30T21:26:39.952167+00:00,#2130,sweden_champion_yes,0.001295
2026-06-30T21:26:39.952167+00:00,#2131,sweden_champion_no,0.998705
2026-06-30T21:26:39.973585+00:00,#6740,France,0.846155
2026-06-30T21:26:39.973585+00:00,#6741,Sweden,0.153845
2026-06-30T21:26:39.973585+00:00,#1890,france_champion_yes,0.28132
2026-06-30T21:26:39.973585+00:00,#1891,france_champion_no,0.71868
2026-06-30T21:26:39.973585+00:00,#2130,sweden_champion_yes,0.001295
2026-06-30T21:26:39.973585+00:00,#2131,sweden_champion_no,0.998705
2026-06-30T21:26:45.318149+00:00,#6740,France,0.846155
2026-06-30T21:26:45.318149+00:00,#6741,Sweden,0.153845
2026-06-30T21:26:45.318149+00:00,#1890,france_champion_yes,0.282155
2026-06-30T21:26:45.318149+00:00,#1891,france_champion_no,0.717845
2026-06-30T21:26:45.318149+00:00,#2130,sweden_champion_yes,0.001295
2026-06-30T21:26:45.318149+00:00,#2131,sweden_champion_no,0.998705
2026-06-30T21:26:50.047086+00:00,#6740,France,0.845805
2026-06-30T21:26:50.047086+00:00,#6741,Sweden,0.154195
2026-06-30T21:26:50.047086+00:00,#1890,france_champion_yes,0.282155
2026-06-30T21:26:50.047086+00:00,#1891,france_champion_no,0.717845
2026-06-30T21:26:50.047086+00:00,#2130,sweden_champion_yes,0.001295
2026-06-30T21:26:50.047086+00:00,#2131,sweden_champion_no,0.998705
2026-06-30T21:26:55.038960+00:00,#6740,France,0.841655
2026-06-30T21:26:55.038960+00:00,#6741,Sweden,0.158345
2026-06-30T21:26:55.038960+00:00,#1890,france_champion_yes,0.282155
2026-06-30T21:26:55.038960+00:00,#1891,france_champion_no,0.717845
2026-06-30T21:26:55.038960+00:00,#2130,sweden_champion_yes,0.001295
2026-06-30T21:26:55.038960+00:00,#2131,sweden_champion_no,0.998705
2026-06-30T21:26:57.108908+00:00,#6740,France,0.841655
2026-06-30T21:26:57.108908+00:00,#6741,Sweden,0.158345
2026-06-30T21:26:57.108908+00:00,#1890,france_champion_yes,0.282155
2026-06-30T21:26:57.108908+00:00,#1891,france_champion_no,0.717845
2026-06-30T21:26:57.108908+00:00,#2130,sweden_champion_yes,0.001295
2026-06-30T21:26:57.108908+00:00,#2131,sweden_champion_no,0.998705
2026-06-30T21:27:00.297275+00:00,#6740,France,0.841655
2026-06-30T21:27:00.297275+00:00,#6741,Sweden,0.158345
2026-06-30T21:27:00.297275+00:00,#1890,france_champion_yes,0.28132
2026-06-30T21:27:00.297275+00:00,#1891,france_champion_no,0.71868
2026-06-30T21:27:00.297275+00:00,#2130,sweden_champion_yes,0.001295
2026-06-30T21:27:00.297275+00:00,#2131,sweden_champion_no,0.998705
2026-06-30T21:27:05.536525+00:00,#6740,France,0.84165
2026-06-30T21:27:05.536525+00:00,#6741,Sweden,0.15835
2026-06-30T21:27:05.536525+00:00,#1890,france_champion_yes,0.282155
2026-06-30T21:27:05.536525+00:00,#1891,france_champion_no,0.717845
2026-06-30T21:27:05.536525+00:00,#2130,sweden_champion_yes,0.001295
2026-06-30T21:27:05.536525+00:00,#2131,sweden_champion_no,0.998705
2026-06-30T21:27:10.192688+00:00,#6740,France,0.8438
2026-06-30T21:27:10.192688+00:00,#6741,Sweden,0.1562
2026-06-30T21:27:10.192688+00:00,#1890,france_champion_yes,0.282155
2026-06-30T21:27:10.192688+00:00,#1891,france_champion_no,0.717845
2026-06-30T21:27:10.192688+00:00,#2130,sweden_champion_yes,0.001295
2026-06-30T21:27:10.192688+00:00,#2131,sweden_champion_no,0.998705
2026-06-30T21:27:14.069169+00:00,#6740,France,0.8438
2026-06-30T21:27:14.069169+00:00,#6741,Sweden,0.1562
2026-06-30T21:27:14.069169+00:00,#1890,france_champion_yes,0.282155
2026-06-30T21:27:14.069169+00:00,#1891,france_champion_no,0.717845
2026-06-30T21:27:14.069169+00:00,#2130,sweden_champion_yes,0.001295
2026-06-30T21:27:14.069169+00:00,#2131,sweden_champion_no,0.998705
2026-06-30T21:27:16.479312+00:00,#6740,France,0.8412
2026-06-30T21:27:16.479312+00:00,#6741,Sweden,0.1588
2026-06-30T21:27:16.479312+00:00,#1890,france_champion_yes,0.282155
2026-06-30T21:27:16.479312+00:00,#1891,france_champion_no,0.717845
2026-06-30T21:27:16.479312+00:00,#2130,sweden_champion_yes,0.001295
2026-06-30T21:27:16.479312+00:00,#2131,sweden_champion_no,0.998705
2026-06-30T21:27:20.297054+00:00,#6740,France,0.84075
2026-06-30T21:27:20.297054+00:00,#6741,Sweden,0.15925
2026-06-30T21:27:20.297054+00:00,#1890,france_champion_yes,0.28132
2026-06-30T21:27:20.297054+00:00,#1891,france_champion_no,0.71868
2026-06-30T21:27:20.297054+00:00,#2130,sweden_champion_yes,0.001295
2026-06-30T21:27:20.297054+00:00,#2131,sweden_champion_no,0.998705
2026-06-30T21:27:25.290511+00:00,#6740,France,0.84075
2026-06-30T21:27:25.290511+00:00,#6741,Sweden,0.15925
2026-06-30T21:27:25.290511+00:00,#1890,france_champion_yes,0.282155
2026-06-30T21:27:25.290511+00:00,#1891,france_champion_no,0.717845
2026-06-30T21:27:25.290511+00:00,#2130,sweden_champion_yes,0.001295
2026-06-30T21:27:25.290511+00:00,#2131,sweden_champion_no,0.998705
2026-06-30T21:27:30.537811+00:00,#6740,France,0.84075
2026-06-30T21:27:30.537811+00:00,#6741,Sweden,0.15925
2026-06-30T21:27:30.537811+00:00,#1890,france_champion_yes,0.282155
2026-06-30T21:27:30.537811+00:00,#1891,france_champion_no,0.717845
2026-06-30T21:27:30.537811+00:00,#2130,sweden_champion_yes,0.001295
2026-06-30T21:27:30.537811+00:00,#2131,sweden_champion_no,0.998705
2026-06-30T21:27:31.479128+00:00,#6740,France,0.84075
2026-06-30T21:27:31.479128+00:00,#6741,Sweden,0.15925
2026-06-30T21:27:31.479128+00:00,#1890,france_champion_yes,0.282155
2026-06-30T21:27:31.479128+00:00,#1891,france_champion_no,0.717845
2026-06-30T21:27:31.479128+00:00,#2130,sweden_champion_yes,0.001295
2026-06-30T21:27:31.479128+00:00,#2131,sweden_champion_no,0.998705
2026-06-30T21:27:35.126438+00:00,#6740,France,0.84075
2026-06-30T21:27:35.126438+00:00,#6741,Sweden,0.15925
2026-06-30T21:27:35.126438+00:00,#1890,france_champion_yes,0.282155
2026-06-30T21:27:35.126438+00:00,#1891,france_champion_no,0.717845
2026-06-30T21:27:35.126438+00:00,#2130,sweden_champion_yes,0.001295
2026-06-30T21:27:35.126438+00:00,#2131,sweden_champion_no,0.998705
2026-06-30T21:27:40.097221+00:00,#6740,France,0.84075
2026-06-30T21:27:40.097221+00:00,#6741,Sweden,0.15925
2026-06-30T21:27:40.097221+00:00,#1890,france_champion_yes,0.28132
2026-06-30T21:27:40.097221+00:00,#1891,france_champion_no,0.71868
2026-06-30T21:27:40.097221+00:00,#2130,sweden_champion_yes,0.001295
2026-06-30T21:27:40.097221+00:00,#2131,sweden_champion_no,0.998705
2026-06-30T21:27:45.565313+00:00,#6740,France,0.84075
2026-06-30T21:27:45.565313+00:00,#6741,Sweden,0.15925
2026-06-30T21:27:45.565313+00:00,#1890,france_champion_yes,0.282155
2026-06-30T21:27:45.565313+00:00,#1891,france_champion_no,0.717845
2026-06-30T21:27:45.565313+00:00,#2130,sweden_champion_yes,0.001295
2026-06-30T21:27:45.565313+00:00,#2131,sweden_champion_no,0.998705
2026-06-30T21:27:48.536914+00:00,#6740,France,0.84075
2026-06-30T21:27:48.536914+00:00,#6741,Sweden,0.15925
2026-06-30T21:27:48.536914+00:00,#1890,france_champion_yes,0.282155
2026-06-30T21:27:48.536914+00:00,#1891,france_champion_no,0.717845
2026-06-30T21:27:48.536914+00:00,#2130,sweden_champion_yes,0.001295
2026-06-30T21:27:48.536914+00:00,#2131,sweden_champion_no,0.998705
2026-06-30T21:27:50.698786+00:00,#6740,France,0.84075
2026-06-30T21:27:50.698786+00:00,#6741,Sweden,0.15925
2026-06-30T21:27:50.698786+00:00,#1890,france_champion_yes,0.282155
2026-06-30T21:27:50.698786+00:00,#1891,france_champion_no,0.717845
2026-06-30T21:27:50.698786+00:00,#2130,sweden_champion_yes,0.001295
2026-06-30T21:27:50.698786+00:00,#2131,sweden_champion_no,0.998705
2026-06-30T21:27:55.400298+00:00,#6740,France,0.84075
2026-06-30T21:27:55.400298+00:00,#6741,Sweden,0.15925
2026-06-30T21:27:55.400298+00:00,#1890,france_champion_yes,0.282155
2026-06-30T21:27:55.400298+00:00,#1891,france_champion_no,0.717845
2026-06-30T21:27:55.400298+00:00,#2130,sweden_champion_yes,0.001295
2026-06-30T21:27:55.400298+00:00,#2131,sweden_champion_no,0.998705
2026-06-30T21:28:00.647688+00:00,#6740,France,0.84075
2026-06-30T21:28:00.647688+00:00,#6741,Sweden,0.15925
2026-06-30T21:28:00.647688+00:00,#1890,france_champion_yes,0.28132
2026-06-30T21:28:00.647688+00:00,#1891,france_champion_no,0.71868
2026-06-30T21:28:00.647688+00:00,#2130,sweden_champion_yes,0.001295
2026-06-30T21:28:00.647688+00:00,#2131,sweden_champion_no,0.998705
2026-06-30T21:28:05.492222+00:00,#6740,France,0.84075
2026-06-30T21:28:05.492222+00:00,#6741,Sweden,0.15925
2026-06-30T21:28:05.492222+00:00,#1890,france_champion_yes,0.28132
2026-06-30T21:28:05.492222+00:00,#1891,france_champion_no,0.71868
2026-06-30T21:28:05.492222+00:00,#2130,sweden_champion_yes,0.001295
2026-06-30T21:28:05.492222+00:00,#2131,sweden_champion_no,0.998705
2026-06-30T21:28:07.545888+00:00,#6740,France,0.84075
2026-06-30T21:28:07.545888+00:00,#6741,Sweden,0.15925
2026-06-30T21:28:07.545888+00:00,#1890,france_champion_yes,0.28132
2026-06-30T21:28:07.545888+00:00,#1891,france_champion_no,0.71868
2026-06-30T21:28:07.545888+00:00,#2130,sweden_champion_yes,0.001295
2026-06-30T21:28:07.545888+00:00,#2131,sweden_champion_no,0.998705
2026-06-30T21:28:10.431433+00:00,#6740,France,0.841255
2026-06-30T21:28:10.431433+00:00,#6741,Sweden,0.158745
2026-06-30T21:28:10.431433+00:00,#1890,france_champion_yes,0.282155
2026-06-30T21:28:10.431433+00:00,#1891,france_champion_no,0.717845
2026-06-30T21:28:10.431433+00:00,#2130,sweden_champion_yes,0.001295
2026-06-30T21:28:10.431433+00:00,#2131,sweden_champion_no,0.998705
2026-06-30T21:28:15.757063+00:00,#6740,France,0.841255
2026-06-30T21:28:15.757063+00:00,#6741,Sweden,0.158745
2026-06-30T21:28:15.757063+00:00,#1890,france_champion_yes,0.282155
2026-06-30T21:28:15.757063+00:00,#1891,france_champion_no,0.717845
2026-06-30T21:28:15.757063+00:00,#2130,sweden_champion_yes,0.001295
2026-06-30T21:28:15.757063+00:00,#2131,sweden_champion_no,0.998705
2026-06-30T21:28:20.552831+00:00,#6740,France,0.849015
2026-06-30T21:28:20.552831+00:00,#6741,Sweden,0.150985
2026-06-30T21:28:20.552831+00:00,#1890,france_champion_yes,0.281385
2026-06-30T21:28:20.552831+00:00,#1891,france_champion_no,0.718615
2026-06-30T21:28:20.552831+00:00,#2130,sweden_champion_yes,0.001295
2026-06-30T21:28:20.552831+00:00,#2131,sweden_champion_no,0.998705
2026-06-30T21:28:24.538044+00:00,#6740,France,0.849015
2026-06-30T21:28:24.538044+00:00,#6741,Sweden,0.150985
2026-06-30T21:28:24.538044+00:00,#1890,france_champion_yes,0.281385
2026-06-30T21:28:24.538044+00:00,#1891,france_champion_no,0.718615
2026-06-30T21:28:24.538044+00:00,#2130,sweden_champion_yes,0.001295
2026-06-30T21:28:24.538044+00:00,#2131,sweden_champion_no,0.998705
2026-06-30T21:28:26.498136+00:00,#6740,France,0.849015
2026-06-30T21:28:26.498136+00:00,#6741,Sweden,0.150985
2026-06-30T21:28:26.498136+00:00,#1890,france_champion_yes,0.282155
2026-06-30T21:28:26.498136+00:00,#1891,france_champion_no,0.717845
2026-06-30T21:28:26.498136+00:00,#2130,sweden_champion_yes,0.001295
2026-06-30T21:28:26.498136+00:00,#2131,sweden_champion_no,0.998705
2026-06-30T21:28:30.906711+00:00,#6740,France,0.841255
2026-06-30T21:28:30.906711+00:00,#6741,Sweden,0.158745
2026-06-30T21:28:30.906711+00:00,#1890,france_champion_yes,0.282155
2026-06-30T21:28:30.906711+00:00,#1891,france_champion_no,0.717845
2026-06-30T21:28:30.906711+00:00,#2130,sweden_champion_yes,0.001295
2026-06-30T21:28:30.906711+00:00,#2131,sweden_champion_no,0.998705
2026-06-30T21:28:35.808332+00:00,#6740,France,0.841255
2026-06-30T21:28:35.808332+00:00,#6741,Sweden,0.158745
2026-06-30T21:28:35.808332+00:00,#1890,france_champion_yes,0.282155
2026-06-30T21:28:35.808332+00:00,#1891,france_champion_no,0.717845
2026-06-30T21:28:35.808332+00:00,#2130,sweden_champion_yes,0.001295
2026-06-30T21:28:35.808332+00:00,#2131,sweden_champion_no,0.998705
2026-06-30T21:28:40.763223+00:00,#6740,France,0.845605
2026-06-30T21:28:40.763223+00:00,#6741,Sweden,0.154395
2026-06-30T21:28:40.763223+00:00,#1890,france_champion_yes,0.28132
2026-06-30T21:28:40.763223+00:00,#1891,france_champion_no,0.71868
2026-06-30T21:28:40.763223+00:00,#2130,sweden_champion_yes,0.001295
2026-06-30T21:28:40.763223+00:00,#2131,sweden_champion_no,0.998705
2026-06-30T21:28:41.497826+00:00,#6740,France,0.845605
2026-06-30T21:28:41.497826+00:00,#6741,Sweden,0.154395
2026-06-30T21:28:41.497826+00:00,#1890,france_champion_yes,0.28132
2026-06-30T21:28:41.497826+00:00,#1891,france_champion_no,0.71868
2026-06-30T21:28:41.497826+00:00,#2130,sweden_champion_yes,0.001295
2026-06-30T21:28:41.497826+00:00,#2131,sweden_champion_no,0.998705
2026-06-30T21:28:45.952222+00:00,#6740,France,0.845605
2026-06-30T21:28:45.952222+00:00,#6741,Sweden,0.154395
2026-06-30T21:28:45.952222+00:00,#1890,france_champion_yes,0.282155
2026-06-30T21:28:45.952222+00:00,#1891,france_champion_no,0.717845
2026-06-30T21:28:45.952222+00:00,#2130,sweden_champion_yes,0.001295
2026-06-30T21:28:45.952222+00:00,#2131,sweden_champion_no,0.998705
2026-06-30T21:28:50.766218+00:00,#6740,France,0.849015
2026-06-30T21:28:50.766218+00:00,#6741,Sweden,0.150985
2026-06-30T21:28:50.766218+00:00,#1890,france_champion_yes,0.282155
2026-06-30T21:28:50.766218+00:00,#1891,france_champion_no,0.717845
2026-06-30T21:28:50.766218+00:00,#2130,sweden_champion_yes,0.001295
2026-06-30T21:28:50.766218+00:00,#2131,sweden_champion_no,0.998705
2026-06-30T21:28:55.608091+00:00,#6740,France,0.85522
2026-06-30T21:28:55.608091+00:00,#6741,Sweden,0.14478
2026-06-30T21:28:55.608091+00:00,#1890,france_champion_yes,0.282155
2026-06-30T21:28:55.608091+00:00,#1891,france_champion_no,0.717845
2026-06-30T21:28:55.608091+00:00,#2130,sweden_champion_yes,0.001295
2026-06-30T21:28:55.608091+00:00,#2131,sweden_champion_no,0.998705
2026-06-30T21:28:58.512502+00:00,#6740,France,0.85522
2026-06-30T21:28:58.512502+00:00,#6741,Sweden,0.14478
2026-06-30T21:28:58.512502+00:00,#1890,france_champion_yes,0.282155
2026-06-30T21:28:58.512502+00:00,#1891,france_champion_no,0.717845
2026-06-30T21:28:58.512502+00:00,#2130,sweden_champion_yes,0.001295
2026-06-30T21:28:58.512502+00:00,#2131,sweden_champion_no,0.998705
2026-06-30T21:29:01.171222+00:00,#6740,France,0.85372
2026-06-30T21:29:01.171222+00:00,#6741,Sweden,0.14628
2026-06-30T21:29:01.171222+00:00,#1890,france_champion_yes,0.28132
2026-06-30T21:29:01.171222+00:00,#1891,france_champion_no,0.71868
2026-06-30T21:29:01.171222+00:00,#2130,sweden_champion_yes,0.001295
2026-06-30T21:29:01.171222+00:00,#2131,sweden_champion_no,0.998705
2026-06-30T21:29:05.933324+00:00,#6740,France,0.85072
2026-06-30T21:29:05.933324+00:00,#6741,Sweden,0.14928
2026-06-30T21:29:05.933324+00:00,#1890,france_champion_yes,0.282155
2026-06-30T21:29:05.933324+00:00,#1891,france_champion_no,0.717845
2026-06-30T21:29:05.933324+00:00,#2130,sweden_champion_yes,0.001295
2026-06-30T21:29:05.933324+00:00,#2131,sweden_champion_no,0.998705
2026-06-30T21:29:11.003616+00:00,#6740,France,0.85072
2026-06-30T21:29:11.003616+00:00,#6741,Sweden,0.14928
2026-06-30T21:29:11.003616+00:00,#1890,france_champion_yes,0.282155
2026-06-30T21:29:11.003616+00:00,#1891,france_champion_no,0.717845
2026-06-30T21:29:11.003616+00:00,#2130,sweden_champion_yes,0.001295
2026-06-30T21:29:11.003616+00:00,#2131,sweden_champion_no,0.998705
2026-06-30T21:29:15.718582+00:00,#6740,France,0.85072
2026-06-30T21:29:15.718582+00:00,#6741,Sweden,0.14928
2026-06-30T21:29:15.718582+00:00,#1890,france_champion_yes,0.282155
2026-06-30T21:29:15.718582+00:00,#1891,france_champion_no,0.717845
2026-06-30T21:29:15.718582+00:00,#2130,sweden_champion_yes,0.001295
2026-06-30T21:29:15.718582+00:00,#2131,sweden_champion_no,0.998705
2026-06-30T21:29:18.099329+00:00,#6740,France,0.85072
2026-06-30T21:29:18.099329+00:00,#6741,Sweden,0.14928
2026-06-30T21:29:18.099329+00:00,#1890,france_champion_yes,0.282155
2026-06-30T21:29:18.099329+00:00,#1891,france_champion_no,0.717845
2026-06-30T21:29:18.099329+00:00,#2130,sweden_champion_yes,0.001295
2026-06-30T21:29:18.099329+00:00,#2131,sweden_champion_no,0.998705
2026-06-30T21:29:21.017176+00:00,#6740,France,0.850825
2026-06-30T21:29:21.017176+00:00,#6741,Sweden,0.149175
2026-06-30T21:29:21.017176+00:00,#1890,france_champion_yes,0.28132
2026-06-30T21:29:21.017176+00:00,#1891,france_champion_no,0.71868
2026-06-30T21:29:21.017176+00:00,#2130,sweden_champion_yes,0.001295
2026-06-30T21:29:21.017176+00:00,#2131,sweden_champion_no,0.998705
2026-06-30T21:29:26.114736+00:00,#6740,France,0.86022
2026-06-30T21:29:26.114736+00:00,#6741,Sweden,0.13978
2026-06-30T21:29:26.114736+00:00,#1890,france_champion_yes,0.282155
2026-06-30T21:29:26.114736+00:00,#1891,france_champion_no,0.717845
2026-06-30T21:29:26.114736+00:00,#2130,sweden_champion_yes,0.001295
2026-06-30T21:29:26.114736+00:00,#2131,sweden_champion_no,0.998705
2026-06-30T21:29:31.513223+00:00,#6740,France,0.860065
2026-06-30T21:29:31.513223+00:00,#6741,Sweden,0.139935
2026-06-30T21:29:31.513223+00:00,#1890,france_champion_yes,0.282155
2026-06-30T21:29:31.513223+00:00,#1891,france_champion_no,0.717845
2026-06-30T21:29:31.513223+00:00,#2130,sweden_champion_yes,0.001295
2026-06-30T21:29:31.513223+00:00,#2131,sweden_champion_no,0.998705
2026-06-30T21:29:33.099741+00:00,#6740,France,0.860065
2026-06-30T21:29:33.099741+00:00,#6741,Sweden,0.139935
2026-06-30T21:29:33.099741+00:00,#1890,france_champion_yes,0.282155
2026-06-30T21:29:33.099741+00:00,#1891,france_champion_no,0.717845
2026-06-30T21:29:33.099741+00:00,#2130,sweden_champion_yes,0.001295
2026-06-30T21:29:33.099741+00:00,#2131,sweden_champion_no,0.998705
2026-06-30T21:29:36.171169+00:00,#6740,France,0.850605
2026-06-30T21:29:36.171169+00:00,#6741,Sweden,0.149395
2026-06-30T21:29:36.171169+00:00,#1890,france_champion_yes,0.282155
2026-06-30T21:29:36.171169+00:00,#1891,france_champion_no,0.717845
2026-06-30T21:29:36.171169+00:00,#2130,sweden_champion_yes,0.001295
2026-06-30T21:29:36.171169+00:00,#2131,sweden_champion_no,0.998705
2026-06-30T21:29:41.295122+00:00,#6740,France,0.850605
2026-06-30T21:29:41.295122+00:00,#6741,Sweden,0.149395
2026-06-30T21:29:41.295122+00:00,#1890,france_champion_yes,0.28132
2026-06-30T21:29:41.295122+00:00,#1891,france_champion_no,0.71868
2026-06-30T21:29:41.295122+00:00,#2130,sweden_champion_yes,0.001295
2026-06-30T21:29:41.295122+00:00,#2131,sweden_champion_no,0.998705
2026-06-30T21:29:46.493859+00:00,#6740,France,0.850605
2026-06-30T21:29:46.493859+00:00,#6741,Sweden,0.149395
2026-06-30T21:29:46.493859+00:00,#1890,france_champion_yes,0.282155
2026-06-30T21:29:46.493859+00:00,#1891,france_champion_no,0.717845
2026-06-30T21:29:46.493859+00:00,#2130,sweden_champion_yes,0.001295
2026-06-30T21:29:46.493859+00:00,#2131,sweden_champion_no,0.998705
2026-06-30T21:29:50.192675+00:00,#6740,France,0.850605
2026-06-30T21:29:50.192675+00:00,#6741,Sweden,0.149395
2026-06-30T21:29:50.192675+00:00,#1890,france_champion_yes,0.282155
2026-06-30T21:29:50.192675+00:00,#1891,france_champion_no,0.717845
2026-06-30T21:29:50.192675+00:00,#2130,sweden_champion_yes,0.001295
2026-06-30T21:29:50.192675+00:00,#2131,sweden_champion_no,0.998705
2026-06-30T21:29:52.264571+00:00,#6740,France,0.850605
2026-06-30T21:29:52.264571+00:00,#6741,Sweden,0.149395
2026-06-30T21:29:52.264571+00:00,#1890,france_champion_yes,0.282155
2026-06-30T21:29:52.264571+00:00,#1891,france_champion_no,0.717845
2026-06-30T21:29:52.264571+00:00,#2130,sweden_champion_yes,0.001295
2026-06-30T21:29:52.264571+00:00,#2131,sweden_champion_no,0.998705
2026-06-30T21:29:56.468134+00:00,#6740,France,0.850825
2026-06-30T21:29:56.468134+00:00,#6741,Sweden,0.149175
2026-06-30T21:29:56.468134+00:00,#1890,france_champion_yes,0.282155
2026-06-30T21:29:56.468134+00:00,#1891,france_champion_no,0.717845
2026-06-30T21:29:56.468134+00:00,#2130,sweden_champion_yes,0.001295
2026-06-30T21:29:56.468134+00:00,#2131,sweden_champion_no,0.998705
2026-06-30T21:30:01.646264+00:00,#6740,France,0.850825
2026-06-30T21:30:01.646264+00:00,#6741,Sweden,0.149175
2026-06-30T21:30:01.646264+00:00,#1890,france_champion_yes,0.28132
2026-06-30T21:30:01.646264+00:00,#1891,france_champion_no,0.71868
2026-06-30T21:30:01.646264+00:00,#2130,sweden_champion_yes,0.001295
2026-06-30T21:30:01.646264+00:00,#2131,sweden_champion_no,0.998705
2026-06-30T21:30:06.585263+00:00,#6740,France,0.850825
2026-06-30T21:30:06.585263+00:00,#6741,Sweden,0.149175
2026-06-30T21:30:06.585263+00:00,#1890,france_champion_yes,0.282155
2026-06-30T21:30:06.585263+00:00,#1891,france_champion_no,0.717845
2026-06-30T21:30:06.585263+00:00,#2130,sweden_champion_yes,0.001295
2026-06-30T21:30:06.585263+00:00,#2131,sweden_champion_no,0.998705
2026-06-30T21:30:07.264408+00:00,#6740,France,0.850825
2026-06-30T21:30:07.264408+00:00,#6741,Sweden,0.149175
2026-06-30T21:30:07.264408+00:00,#1890,france_champion_yes,0.282155
2026-06-30T21:30:07.264408+00:00,#1891,france_champion_no,0.717845
2026-06-30T21:30:07.264408+00:00,#2130,sweden_champion_yes,0.001295
2026-06-30T21:30:07.264408+00:00,#2131,sweden_champion_no,0.998705
2026-06-30T21:30:11.737488+00:00,#6740,France,0.84587
2026-06-30T21:30:11.737488+00:00,#6741,Sweden,0.15413
2026-06-30T21:30:11.737488+00:00,#1890,france_champion_yes,0.282155
2026-06-30T21:30:11.737488+00:00,#1891,france_champion_no,0.717845
2026-06-30T21:30:11.737488+00:00,#2130,sweden_champion_yes,0.001295
2026-06-30T21:30:11.737488+00:00,#2131,sweden_champion_no,0.998705
2026-06-30T21:30:16.866054+00:00,#6740,France,0.84587
2026-06-30T21:30:16.866054+00:00,#6741,Sweden,0.15413
2026-06-30T21:30:16.866054+00:00,#1890,france_champion_yes,0.282155
2026-06-30T21:30:16.866054+00:00,#1891,france_champion_no,0.717845
2026-06-30T21:30:16.866054+00:00,#2130,sweden_champion_yes,0.001295
2026-06-30T21:30:16.866054+00:00,#2131,sweden_champion_no,0.998705
2026-06-30T21:30:21.513300+00:00,#6740,France,0.850315
2026-06-30T21:30:21.513300+00:00,#6741,Sweden,0.149685
2026-06-30T21:30:21.513300+00:00,#1890,france_champion_yes,0.28132
2026-06-30T21:30:21.513300+00:00,#1891,france_champion_no,0.71868
2026-06-30T21:30:21.513300+00:00,#2130,sweden_champion_yes,0.001295
2026-06-30T21:30:21.513300+00:00,#2131,sweden_champion_no,0.998705
2026-06-30T21:30:24.114590+00:00,#6740,France,0.850315
2026-06-30T21:30:24.114590+00:00,#6741,Sweden,0.149685
2026-06-30T21:30:24.114590+00:00,#1890,france_champion_yes,0.28132
2026-06-30T21:30:24.114590+00:00,#1891,france_champion_no,0.71868
2026-06-30T21:30:24.114590+00:00,#2130,sweden_champion_yes,0.001295
2026-06-30T21:30:24.114590+00:00,#2131,sweden_champion_no,0.998705
2026-06-30T21:30:26.562498+00:00,#6740,France,0.850315
2026-06-30T21:30:26.562498+00:00,#6741,Sweden,0.149685
2026-06-30T21:30:26.562498+00:00,#1890,france_champion_yes,0.282155
2026-06-30T21:30:26.562498+00:00,#1891,france_champion_no,0.717845
2026-06-30T21:30:26.562498+00:00,#2130,sweden_champion_yes,0.001295
2026-06-30T21:30:26.562498+00:00,#2131,sweden_champion_no,0.998705
2026-06-30T21:30:31.834363+00:00,#6740,France,0.850315
2026-06-30T21:30:31.834363+00:00,#6741,Sweden,0.149685
2026-06-30T21:30:31.834363+00:00,#1890,france_champion_yes,0.282155
2026-06-30T21:30:31.834363+00:00,#1891,france_champion_no,0.717845
2026-06-30T21:30:31.834363+00:00,#2130,sweden_champion_yes,0.001295
2026-06-30T21:30:31.834363+00:00,#2131,sweden_champion_no,0.998705
2026-06-30T21:30:36.616557+00:00,#6740,France,0.850815
2026-06-30T21:30:36.616557+00:00,#6741,Sweden,0.149185
2026-06-30T21:30:36.616557+00:00,#1890,france_champion_yes,0.282155
2026-06-30T21:30:36.616557+00:00,#1891,france_champion_no,0.717845
2026-06-30T21:30:36.616557+00:00,#2130,sweden_champion_yes,0.001295
2026-06-30T21:30:36.616557+00:00,#2131,sweden_champion_no,0.998705
2026-06-30T21:30:41.042664+00:00,#6740,France,0.85082
2026-06-30T21:30:41.042664+00:00,#6741,Sweden,0.14918
2026-06-30T21:30:41.042664+00:00,#1890,france_champion_yes,0.28132
2026-06-30T21:30:41.042664+00:00,#1891,france_champion_no,0.71868
2026-06-30T21:30:41.042664+00:00,#2130,sweden_champion_yes,0.001295
2026-06-30T21:30:41.042664+00:00,#2131,sweden_champion_no,0.998705
2026-06-30T21:30:42.951627+00:00,#6740,France,0.85082
2026-06-30T21:30:42.951627+00:00,#6741,Sweden,0.14918
2026-06-30T21:30:42.951627+00:00,#1890,france_champion_yes,0.28132
2026-06-30T21:30:42.951627+00:00,#1891,france_champion_no,0.71868
2026-06-30T21:30:42.951627+00:00,#2130,sweden_champion_yes,0.001295
2026-06-30T21:30:42.951627+00:00,#2131,sweden_champion_no,0.998705
2026-06-30T21:30:47.066551+00:00,#6740,France,0.85082
2026-06-30T21:30:47.066551+00:00,#6741,Sweden,0.14918
2026-06-30T21:30:47.066551+00:00,#1890,france_champion_yes,0.28132
2026-06-30T21:30:47.066551+00:00,#1891,france_champion_no,0.71868
2026-06-30T21:30:47.066551+00:00,#2130,sweden_champion_yes,0.001295
2026-06-30T21:30:47.066551+00:00,#2131,sweden_champion_no,0.998705
2026-06-30T21:30:51.780928+00:00,#6740,France,0.85082
2026-06-30T21:30:51.780928+00:00,#6741,Sweden,0.14918
2026-06-30T21:30:51.780928+00:00,#1890,france_champion_yes,0.282155
2026-06-30T21:30:51.780928+00:00,#1891,france_champion_no,0.717845
2026-06-30T21:30:51.780928+00:00,#2130,sweden_champion_yes,0.001295
2026-06-30T21:30:51.780928+00:00,#2131,sweden_champion_no,0.998705
2026-06-30T21:30:56.845556+00:00,#6740,France,0.85082
2026-06-30T21:30:56.845556+00:00,#6741,Sweden,0.14918
2026-06-30T21:30:56.845556+00:00,#1890,france_champion_yes,0.282155
2026-06-30T21:30:56.845556+00:00,#1891,france_champion_no,0.717845
2026-06-30T21:30:56.845556+00:00,#2130,sweden_champion_yes,0.001295
2026-06-30T21:30:56.845556+00:00,#2131,sweden_champion_no,0.998705
2026-06-30T21:30:57.952918+00:00,#6740,France,0.85082
2026-06-30T21:30:57.952918+00:00,#6741,Sweden,0.14918
2026-06-30T21:30:57.952918+00:00,#1890,france_champion_yes,0.282155
2026-06-30T21:30:57.952918+00:00,#1891,france_champion_no,0.717845
2026-06-30T21:30:57.952918+00:00,#2130,sweden_champion_yes,0.001295
2026-06-30T21:30:57.952918+00:00,#2131,sweden_champion_no,0.998705
2026-06-30T21:31:02.140439+00:00,#6740,France,0.854675
2026-06-30T21:31:02.140439+00:00,#6741,Sweden,0.145325
2026-06-30T21:31:02.140439+00:00,#1890,france_champion_yes,0.28132
2026-06-30T21:31:02.140439+00:00,#1891,france_champion_no,0.71868
2026-06-30T21:31:02.140439+00:00,#2130,sweden_champion_yes,0.001295
2026-06-30T21:31:02.140439+00:00,#2131,sweden_champion_no,0.998705
2026-06-30T21:31:06.895126+00:00,#6740,France,0.85513
2026-06-30T21:31:06.895126+00:00,#6741,Sweden,0.14487
2026-06-30T21:31:06.895126+00:00,#1890,france_champion_yes,0.28132
2026-06-30T21:31:06.895126+00:00,#1891,france_champion_no,0.71868
2026-06-30T21:31:06.895126+00:00,#2130,sweden_champion_yes,0.001295
2026-06-30T21:31:06.895126+00:00,#2131,sweden_champion_no,0.998705
2026-06-30T21:31:13.691163+00:00,#6740,France,0.931005
2026-06-30T21:31:13.691163+00:00,#6741,Sweden,0.068995
2026-06-30T21:31:13.691163+00:00,#1890,france_champion_yes,0.282155
2026-06-30T21:31:13.691163+00:00,#1891,france_champion_no,0.717845
2026-06-30T21:31:13.691163+00:00,#2130,sweden_champion_yes,0.001295
2026-06-30T21:31:13.691163+00:00,#2131,sweden_champion_no,0.998705
2026-06-30T21:31:15.011409+00:00,#6740,France,0.931005
2026-06-30T21:31:15.011409+00:00,#6741,Sweden,0.068995
2026-06-30T21:31:15.011409+00:00,#1890,france_champion_yes,0.282155
2026-06-30T21:31:15.011409+00:00,#1891,france_champion_no,0.717845
2026-06-30T21:31:15.011409+00:00,#2130,sweden_champion_yes,0.001295
2026-06-30T21:31:15.011409+00:00,#2131,sweden_champion_no,0.998705
2026-06-30T21:31:17.393781+00:00,#6740,France,0.85613
2026-06-30T21:31:17.393781+00:00,#6741,Sweden,0.14387
2026-06-30T21:31:17.393781+00:00,#1890,france_champion_yes,0.282155
2026-06-30T21:31:17.393781+00:00,#1891,france_champion_no,0.717845
2026-06-30T21:31:17.393781+00:00,#2130,sweden_champion_yes,0.001295
2026-06-30T21:31:17.393781+00:00,#2131,sweden_champion_no,0.998705
2026-06-30T21:31:22.145105+00:00,#6740,France,0.85345
2026-06-30T21:31:22.145105+00:00,#6741,Sweden,0.14655
2026-06-30T21:31:22.145105+00:00,#1890,france_champion_yes,0.28132
2026-06-30T21:31:22.145105+00:00,#1891,france_champion_no,0.71868
2026-06-30T21:31:22.145105+00:00,#2130,sweden_champion_yes,0.001295
2026-06-30T21:31:22.145105+00:00,#2131,sweden_champion_no,0.998705
2026-06-30T21:31:27.177394+00:00,#6740,France,0.857745
2026-06-30T21:31:27.177394+00:00,#6741,Sweden,0.142255
2026-06-30T21:31:27.177394+00:00,#1890,france_champion_yes,0.28132
2026-06-30T21:31:27.177394+00:00,#1891,france_champion_no,0.71868
2026-06-30T21:31:27.177394+00:00,#2130,sweden_champion_yes,0.001295
2026-06-30T21:31:27.177394+00:00,#2131,sweden_champion_no,0.998705
2026-06-30T21:31:32.262614+00:00,#6740,France,0.85343
2026-06-30T21:31:32.262614+00:00,#6741,Sweden,0.14657
2026-06-30T21:31:32.262614+00:00,#1890,france_champion_yes,0.282155
2026-06-30T21:31:32.262614+00:00,#1891,france_champion_no,0.717845
2026-06-30T21:31:32.262614+00:00,#2130,sweden_champion_yes,0.001295
2026-06-30T21:31:32.262614+00:00,#2131,sweden_champion_no,0.998705
2026-06-30T21:31:32.392976+00:00,#6740,France,0.85343
2026-06-30T21:31:32.392976+00:00,#6741,Sweden,0.14657
2026-06-30T21:31:32.392976+00:00,#1890,france_champion_yes,0.282155
2026-06-30T21:31:32.392976+00:00,#1891,france_champion_no,0.717845
2026-06-30T21:31:32.392976+00:00,#2130,sweden_champion_yes,0.001295
2026-06-30T21:31:32.392976+00:00,#2131,sweden_champion_no,0.998705
2026-06-30T21:31:37.162208+00:00,#6740,France,0.853585
2026-06-30T21:31:37.162208+00:00,#6741,Sweden,0.146415
2026-06-30T21:31:37.162208+00:00,#1890,france_champion_yes,0.282155
2026-06-30T21:31:37.162208+00:00,#1891,france_champion_no,0.717845
2026-06-30T21:31:37.162208+00:00,#2130,sweden_champion_yes,0.001295
2026-06-30T21:31:37.162208+00:00,#2131,sweden_champion_no,0.998705
2026-06-30T21:31:42.121726+00:00,#6740,France,0.855175
2026-06-30T21:31:42.121726+00:00,#6741,Sweden,0.144825
2026-06-30T21:31:42.121726+00:00,#1890,france_champion_yes,0.28132
2026-06-30T21:31:42.121726+00:00,#1891,france_champion_no,0.71868
2026-06-30T21:31:42.121726+00:00,#2130,sweden_champion_yes,0.001295
2026-06-30T21:31:42.121726+00:00,#2131,sweden_champion_no,0.998705
2026-06-30T21:31:47.391520+00:00,#6740,France,0.857105
2026-06-30T21:31:47.391520+00:00,#6741,Sweden,0.142895
2026-06-30T21:31:47.391520+00:00,#1890,france_champion_yes,0.28132
2026-06-30T21:31:47.391520+00:00,#1891,france_champion_no,0.71868
2026-06-30T21:31:47.391520+00:00,#2130,sweden_champion_yes,0.001295
2026-06-30T21:31:47.391520+00:00,#2131,sweden_champion_no,0.998705
2026-06-30T21:31:49.405461+00:00,#6740,France,0.857105
2026-06-30T21:31:49.405461+00:00,#6741,Sweden,0.142895
2026-06-30T21:31:49.405461+00:00,#1890,france_champion_yes,0.28132
2026-06-30T21:31:49.405461+00:00,#1891,france_champion_no,0.71868
2026-06-30T21:31:49.405461+00:00,#2130,sweden_champion_yes,0.001295
2026-06-30T21:31:49.405461+00:00,#2131,sweden_champion_no,0.998705
2026-06-30T21:31:52.255240+00:00,#6740,France,0.858965
2026-06-30T21:31:52.255240+00:00,#6741,Sweden,0.141035
2026-06-30T21:31:52.255240+00:00,#1890,france_champion_yes,0.282155
2026-06-30T21:31:52.255240+00:00,#1891,france_champion_no,0.717845
2026-06-30T21:31:52.255240+00:00,#2130,sweden_champion_yes,0.001295
2026-06-30T21:31:52.255240+00:00,#2131,sweden_champion_no,0.998705
2026-06-30T21:31:57.224728+00:00,#6740,France,0.85731
2026-06-30T21:31:57.224728+00:00,#6741,Sweden,0.14269
2026-06-30T21:31:57.224728+00:00,#1890,france_champion_yes,0.282155
2026-06-30T21:31:57.224728+00:00,#1891,france_champion_no,0.717845
2026-06-30T21:31:57.224728+00:00,#2130,sweden_champion_yes,0.001295
2026-06-30T21:31:57.224728+00:00,#2131,sweden_champion_no,0.998705
2026-06-30T21:32:02.465516+00:00,#6740,France,0.85684
2026-06-30T21:32:02.465516+00:00,#6741,Sweden,0.14316
2026-06-30T21:32:02.465516+00:00,#1890,france_champion_yes,0.282155
2026-06-30T21:32:02.465516+00:00,#1891,france_champion_no,0.717845
2026-06-30T21:32:02.465516+00:00,#2130,sweden_champion_yes,0.001295
2026-06-30T21:32:02.465516+00:00,#2131,sweden_champion_no,0.998705
2026-06-30T21:32:06.416819+00:00,#6740,France,0.85684
2026-06-30T21:32:06.416819+00:00,#6741,Sweden,0.14316
2026-06-30T21:32:06.416819+00:00,#1890,france_champion_yes,0.282155
2026-06-30T21:32:06.416819+00:00,#1891,france_champion_no,0.717845
2026-06-30T21:32:06.416819+00:00,#2130,sweden_champion_yes,0.001295
2026-06-30T21:32:06.416819+00:00,#2131,sweden_champion_no,0.998705
2026-06-30T21:32:08.336564+00:00,#6740,France,0.859335
2026-06-30T21:32:08.336564+00:00,#6741,Sweden,0.140665
2026-06-30T21:32:08.336564+00:00,#1890,france_champion_yes,0.28132
2026-06-30T21:32:08.336564+00:00,#1891,france_champion_no,0.71868
2026-06-30T21:32:08.336564+00:00,#2130,sweden_champion_yes,0.001295
2026-06-30T21:32:08.336564+00:00,#2131,sweden_champion_no,0.998705
2026-06-30T21:32:12.289187+00:00,#6740,France,0.859335
2026-06-30T21:32:12.289187+00:00,#6741,Sweden,0.140665
2026-06-30T21:32:12.289187+00:00,#1890,france_champion_yes,0.282155
2026-06-30T21:32:12.289187+00:00,#1891,france_champion_no,0.717845
2026-06-30T21:32:12.289187+00:00,#2130,sweden_champion_yes,0.001295
2026-06-30T21:32:12.289187+00:00,#2131,sweden_champion_no,0.998705
2026-06-30T21:32:17.569497+00:00,#6740,France,0.862505
2026-06-30T21:32:17.569497+00:00,#6741,Sweden,0.137495
2026-06-30T21:32:17.569497+00:00,#1890,france_champion_yes,0.282155
2026-06-30T21:32:17.569497+00:00,#1891,france_champion_no,0.717845
2026-06-30T21:32:17.569497+00:00,#2130,sweden_champion_yes,0.001295
2026-06-30T21:32:17.569497+00:00,#2131,sweden_champion_no,0.998705
2026-06-30T21:32:22.399701+00:00,#6740,France,0.862505
2026-06-30T21:32:22.399701+00:00,#6741,Sweden,0.137495
2026-06-30T21:32:22.399701+00:00,#1890,france_champion_yes,0.282155
2026-06-30T21:32:22.399701+00:00,#1891,france_champion_no,0.717845
2026-06-30T21:32:22.399701+00:00,#2130,sweden_champion_yes,0.001295
2026-06-30T21:32:22.399701+00:00,#2131,sweden_champion_no,0.998705
2026-06-30T21:32:23.338034+00:00,#6740,France,0.862505
2026-06-30T21:32:23.338034+00:00,#6741,Sweden,0.137495
2026-06-30T21:32:23.338034+00:00,#1890,france_champion_yes,0.282155
2026-06-30T21:32:23.338034+00:00,#1891,france_champion_no,0.717845
2026-06-30T21:32:23.338034+00:00,#2130,sweden_champion_yes,0.001295
2026-06-30T21:32:23.338034+00:00,#2131,sweden_champion_no,0.998705
2026-06-30T21:32:27.526276+00:00,#6740,France,0.862505
2026-06-30T21:32:27.526276+00:00,#6741,Sweden,0.137495
2026-06-30T21:32:27.526276+00:00,#1890,france_champion_yes,0.28132
2026-06-30T21:32:27.526276+00:00,#1891,france_champion_no,0.71868
2026-06-30T21:32:27.526276+00:00,#2130,sweden_champion_yes,0.001295
