ts,coin,label,mid_price
2026-07-07T17:15:07.261235+00:00,#7510,Argentina,0.636155
2026-07-07T17:15:07.261235+00:00,#7511,Egypt,0.363845
2026-07-07T17:15:07.261235+00:00,#1730,argentina_champion_yes,0.11434
2026-07-07T17:15:07.261235+00:00,#1731,argentina_champion_no,0.88566
2026-07-07T17:15:07.261235+00:00,#1870,egypt_champion_yes,0.0055
2026-07-07T17:15:07.261235+00:00,#1871,egypt_champion_no,0.9945
2026-07-07T17:15:16.076858+00:00,#7510,Argentina,0.636155
2026-07-07T17:15:16.076858+00:00,#7511,Egypt,0.363845
2026-07-07T17:15:16.076858+00:00,#1730,argentina_champion_yes,0.11434
2026-07-07T17:15:16.076858+00:00,#1731,argentina_champion_no,0.88566
2026-07-07T17:15:16.076858+00:00,#1870,egypt_champion_yes,0.0055
2026-07-07T17:15:16.076858+00:00,#1871,egypt_champion_no,0.9945
2026-07-07T17:15:20.936159+00:00,#7510,Argentina,0.64275
2026-07-07T17:15:20.936159+00:00,#7511,Egypt,0.35725
2026-07-07T17:15:20.936159+00:00,#1730,argentina_champion_yes,0.11434
2026-07-07T17:15:20.936159+00:00,#1731,argentina_champion_no,0.88566
2026-07-07T17:15:20.936159+00:00,#1870,egypt_champion_yes,0.0055
2026-07-07T17:15:20.936159+00:00,#1871,egypt_champion_no,0.9945
2026-07-07T17:15:24.212113+00:00,#7510,Argentina,0.636905
2026-07-07T17:15:24.212113+00:00,#7511,Egypt,0.363095
2026-07-07T17:15:24.212113+00:00,#1730,argentina_champion_yes,0.11434
2026-07-07T17:15:24.212113+00:00,#1731,argentina_champion_no,0.88566
2026-07-07T17:15:24.212113+00:00,#1870,egypt_champion_yes,0.0055
2026-07-07T17:15:24.212113+00:00,#1871,egypt_champion_no,0.9945
2026-07-07T17:15:26.571554+00:00,#7510,Argentina,0.640155
2026-07-07T17:15:26.571554+00:00,#7511,Egypt,0.359845
2026-07-07T17:15:26.571554+00:00,#1730,argentina_champion_yes,0.11434
2026-07-07T17:15:26.571554+00:00,#1731,argentina_champion_no,0.88566
2026-07-07T17:15:26.571554+00:00,#1870,egypt_champion_yes,0.0055
2026-07-07T17:15:26.571554+00:00,#1871,egypt_champion_no,0.9945
2026-07-07T17:15:31.146981+00:00,#7510,Argentina,0.63616
2026-07-07T17:15:31.146981+00:00,#7511,Egypt,0.36384
2026-07-07T17:15:31.146981+00:00,#1730,argentina_champion_yes,0.11434
2026-07-07T17:15:31.146981+00:00,#1731,argentina_champion_no,0.88566
2026-07-07T17:15:31.146981+00:00,#1870,egypt_champion_yes,0.0055
2026-07-07T17:15:31.146981+00:00,#1871,egypt_champion_no,0.9945
2026-07-07T17:15:36.088396+00:00,#7510,Argentina,0.638605
2026-07-07T17:15:36.088396+00:00,#7511,Egypt,0.361395
2026-07-07T17:15:36.088396+00:00,#1730,argentina_champion_yes,0.11434
2026-07-07T17:15:36.088396+00:00,#1731,argentina_champion_no,0.88566
2026-07-07T17:15:36.088396+00:00,#1870,egypt_champion_yes,0.0055
2026-07-07T17:15:36.088396+00:00,#1871,egypt_champion_no,0.9945
2026-07-07T17:15:41.405734+00:00,#7510,Argentina,0.636155
2026-07-07T17:15:41.405734+00:00,#7511,Egypt,0.363845
2026-07-07T17:15:41.405734+00:00,#1730,argentina_champion_yes,0.11434
2026-07-07T17:15:41.405734+00:00,#1731,argentina_champion_no,0.88566
2026-07-07T17:15:41.405734+00:00,#1870,egypt_champion_yes,0.0055
2026-07-07T17:15:41.405734+00:00,#1871,egypt_champion_no,0.9945
2026-07-07T17:15:41.571396+00:00,#7510,Argentina,0.63616
2026-07-07T17:15:41.571396+00:00,#7511,Egypt,0.36384
2026-07-07T17:15:41.571396+00:00,#1730,argentina_champion_yes,0.11434
2026-07-07T17:15:41.571396+00:00,#1731,argentina_champion_no,0.88566
2026-07-07T17:15:41.571396+00:00,#1870,egypt_champion_yes,0.0055
2026-07-07T17:15:41.571396+00:00,#1871,egypt_champion_no,0.9945
2026-07-07T17:15:46.219857+00:00,#7510,Argentina,0.636155
2026-07-07T17:15:46.219857+00:00,#7511,Egypt,0.363845
2026-07-07T17:15:46.219857+00:00,#1730,argentina_champion_yes,0.11434
2026-07-07T17:15:46.219857+00:00,#1731,argentina_champion_no,0.88566
2026-07-07T17:15:46.219857+00:00,#1870,egypt_champion_yes,0.0055
2026-07-07T17:15:46.219857+00:00,#1871,egypt_champion_no,0.9945
2026-07-07T17:15:51.120886+00:00,#7510,Argentina,0.636155
2026-07-07T17:15:51.120886+00:00,#7511,Egypt,0.363845
2026-07-07T17:15:51.120886+00:00,#1730,argentina_champion_yes,0.11434
2026-07-07T17:15:51.120886+00:00,#1731,argentina_champion_no,0.88566
2026-07-07T17:15:51.120886+00:00,#1870,egypt_champion_yes,0.0055
2026-07-07T17:15:51.120886+00:00,#1871,egypt_champion_no,0.9945
2026-07-07T17:15:56.438414+00:00,#7510,Argentina,0.636155
2026-07-07T17:15:56.438414+00:00,#7511,Egypt,0.363845
2026-07-07T17:15:56.438414+00:00,#1730,argentina_champion_yes,0.11434
2026-07-07T17:15:56.438414+00:00,#1731,argentina_champion_no,0.88566
2026-07-07T17:15:56.438414+00:00,#1870,egypt_champion_yes,0.0055
2026-07-07T17:15:56.438414+00:00,#1871,egypt_champion_no,0.9945
2026-07-07T17:15:58.435387+00:00,#7510,Argentina,0.636155
2026-07-07T17:15:58.435387+00:00,#7511,Egypt,0.363845
2026-07-07T17:15:58.435387+00:00,#1730,argentina_champion_yes,0.11434
2026-07-07T17:15:58.435387+00:00,#1731,argentina_champion_no,0.88566
2026-07-07T17:15:58.435387+00:00,#1870,egypt_champion_yes,0.0055
2026-07-07T17:15:58.435387+00:00,#1871,egypt_champion_no,0.9945
2026-07-07T17:16:01.310250+00:00,#7510,Argentina,0.636155
2026-07-07T17:16:01.310250+00:00,#7511,Egypt,0.363845
2026-07-07T17:16:01.310250+00:00,#1730,argentina_champion_yes,0.11434
2026-07-07T17:16:01.310250+00:00,#1731,argentina_champion_no,0.88566
2026-07-07T17:16:01.310250+00:00,#1870,egypt_champion_yes,0.0055
2026-07-07T17:16:01.310250+00:00,#1871,egypt_champion_no,0.9945
2026-07-07T17:16:06.459065+00:00,#7510,Argentina,0.636155
2026-07-07T17:16:06.459065+00:00,#7511,Egypt,0.363845
2026-07-07T17:16:06.459065+00:00,#1730,argentina_champion_yes,0.11434
2026-07-07T17:16:06.459065+00:00,#1731,argentina_champion_no,0.88566
2026-07-07T17:16:06.459065+00:00,#1870,egypt_champion_yes,0.0055
2026-07-07T17:16:06.459065+00:00,#1871,egypt_champion_no,0.9945
2026-07-07T17:16:13.043051+00:00,#7510,Argentina,0.63616
2026-07-07T17:16:13.043051+00:00,#7511,Egypt,0.36384
2026-07-07T17:16:13.043051+00:00,#1730,argentina_champion_yes,0.11434
2026-07-07T17:16:13.043051+00:00,#1731,argentina_champion_no,0.88566
2026-07-07T17:16:13.043051+00:00,#1870,egypt_champion_yes,0.0055
2026-07-07T17:16:13.043051+00:00,#1871,egypt_champion_no,0.9945
2026-07-07T17:16:15.484870+00:00,#7510,Argentina,0.63616
2026-07-07T17:16:15.484870+00:00,#7511,Egypt,0.36384
2026-07-07T17:16:15.484870+00:00,#1730,argentina_champion_yes,0.11434
2026-07-07T17:16:15.484870+00:00,#1731,argentina_champion_no,0.88566
2026-07-07T17:16:15.484870+00:00,#1870,egypt_champion_yes,0.0055
2026-07-07T17:16:15.484870+00:00,#1871,egypt_champion_no,0.9945
2026-07-07T17:16:17.542728+00:00,#7510,Argentina,0.63615
2026-07-07T17:16:17.542728+00:00,#7511,Egypt,0.36385
2026-07-07T17:16:17.542728+00:00,#1730,argentina_champion_yes,0.11434
2026-07-07T17:16:17.542728+00:00,#1731,argentina_champion_no,0.88566
2026-07-07T17:16:17.542728+00:00,#1870,egypt_champion_yes,0.0055
2026-07-07T17:16:17.542728+00:00,#1871,egypt_champion_no,0.9945
2026-07-07T17:16:21.499269+00:00,#7510,Argentina,0.633235
2026-07-07T17:16:21.499269+00:00,#7511,Egypt,0.366765
2026-07-07T17:16:21.499269+00:00,#1730,argentina_champion_yes,0.11434
2026-07-07T17:16:21.499269+00:00,#1731,argentina_champion_no,0.88566
2026-07-07T17:16:21.499269+00:00,#1870,egypt_champion_yes,0.0055
2026-07-07T17:16:21.499269+00:00,#1871,egypt_champion_no,0.9945
2026-07-07T17:16:26.700768+00:00,#7510,Argentina,0.63191
2026-07-07T17:16:26.700768+00:00,#7511,Egypt,0.36809
2026-07-07T17:16:26.700768+00:00,#1730,argentina_champion_yes,0.11434
2026-07-07T17:16:26.700768+00:00,#1731,argentina_champion_no,0.88566
2026-07-07T17:16:26.700768+00:00,#1870,egypt_champion_yes,0.0055
2026-07-07T17:16:26.700768+00:00,#1871,egypt_champion_no,0.9945
2026-07-07T17:16:31.638179+00:00,#7510,Argentina,0.63191
2026-07-07T17:16:31.638179+00:00,#7511,Egypt,0.36809
2026-07-07T17:16:31.638179+00:00,#1730,argentina_champion_yes,0.11434
2026-07-07T17:16:31.638179+00:00,#1731,argentina_champion_no,0.88566
2026-07-07T17:16:31.638179+00:00,#1870,egypt_champion_yes,0.0055
2026-07-07T17:16:31.638179+00:00,#1871,egypt_champion_no,0.9945
2026-07-07T17:16:32.543163+00:00,#7510,Argentina,0.63191
2026-07-07T17:16:32.543163+00:00,#7511,Egypt,0.36809
2026-07-07T17:16:32.543163+00:00,#1730,argentina_champion_yes,0.11434
2026-07-07T17:16:32.543163+00:00,#1731,argentina_champion_no,0.88566
2026-07-07T17:16:32.543163+00:00,#1870,egypt_champion_yes,0.0055
2026-07-07T17:16:32.543163+00:00,#1871,egypt_champion_no,0.9945
2026-07-07T17:16:36.616505+00:00,#7510,Argentina,0.627255
2026-07-07T17:16:36.616505+00:00,#7511,Egypt,0.372745
2026-07-07T17:16:36.616505+00:00,#1730,argentina_champion_yes,0.11434
2026-07-07T17:16:36.616505+00:00,#1731,argentina_champion_no,0.88566
2026-07-07T17:16:36.616505+00:00,#1870,egypt_champion_yes,0.0055
2026-07-07T17:16:36.616505+00:00,#1871,egypt_champion_no,0.9945
2026-07-07T17:16:41.854919+00:00,#7510,Argentina,0.625495
2026-07-07T17:16:41.854919+00:00,#7511,Egypt,0.374505
2026-07-07T17:16:41.854919+00:00,#1730,argentina_champion_yes,0.11434
2026-07-07T17:16:41.854919+00:00,#1731,argentina_champion_no,0.88566
2026-07-07T17:16:41.854919+00:00,#1870,egypt_champion_yes,0.0055
2026-07-07T17:16:41.854919+00:00,#1871,egypt_champion_no,0.9945
2026-07-07T17:16:46.675962+00:00,#7510,Argentina,0.625
2026-07-07T17:16:46.675962+00:00,#7511,Egypt,0.375
2026-07-07T17:16:46.675962+00:00,#1730,argentina_champion_yes,0.11434
2026-07-07T17:16:46.675962+00:00,#1731,argentina_champion_no,0.88566
2026-07-07T17:16:46.675962+00:00,#1870,egypt_champion_yes,0.0055
2026-07-07T17:16:46.675962+00:00,#1871,egypt_champion_no,0.9945
2026-07-07T17:16:49.293575+00:00,#7510,Argentina,0.625
2026-07-07T17:16:49.293575+00:00,#7511,Egypt,0.375
2026-07-07T17:16:49.293575+00:00,#1730,argentina_champion_yes,0.11434
2026-07-07T17:16:49.293575+00:00,#1731,argentina_champion_no,0.88566
2026-07-07T17:16:49.293575+00:00,#1870,egypt_champion_yes,0.0055
2026-07-07T17:16:49.293575+00:00,#1871,egypt_champion_no,0.9945
2026-07-07T17:16:51.731493+00:00,#7510,Argentina,0.622505
2026-07-07T17:16:51.731493+00:00,#7511,Egypt,0.377495
2026-07-07T17:16:51.731493+00:00,#1730,argentina_champion_yes,0.11434
2026-07-07T17:16:51.731493+00:00,#1731,argentina_champion_no,0.88566
2026-07-07T17:16:51.731493+00:00,#1870,egypt_champion_yes,0.0055
2026-07-07T17:16:51.731493+00:00,#1871,egypt_champion_no,0.9945
2026-07-07T17:16:56.937526+00:00,#7510,Argentina,0.622505
2026-07-07T17:16:56.937526+00:00,#7511,Egypt,0.377495
2026-07-07T17:16:56.937526+00:00,#1730,argentina_champion_yes,0.11434
2026-07-07T17:16:56.937526+00:00,#1731,argentina_champion_no,0.88566
2026-07-07T17:16:56.937526+00:00,#1870,egypt_champion_yes,0.0055
2026-07-07T17:16:56.937526+00:00,#1871,egypt_champion_no,0.9945
2026-07-07T17:17:01.761584+00:00,#7510,Argentina,0.622505
2026-07-07T17:17:01.761584+00:00,#7511,Egypt,0.377495
2026-07-07T17:17:01.761584+00:00,#1730,argentina_champion_yes,0.11434
2026-07-07T17:17:01.761584+00:00,#1731,argentina_champion_no,0.88566
2026-07-07T17:17:01.761584+00:00,#1870,egypt_champion_yes,0.0055
2026-07-07T17:17:01.761584+00:00,#1871,egypt_champion_no,0.9945
2026-07-07T17:17:06.045950+00:00,#7510,Argentina,0.622505
2026-07-07T17:17:06.045950+00:00,#7511,Egypt,0.377495
2026-07-07T17:17:06.045950+00:00,#1730,argentina_champion_yes,0.11434
2026-07-07T17:17:06.045950+00:00,#1731,argentina_champion_no,0.88566
2026-07-07T17:17:06.045950+00:00,#1870,egypt_champion_yes,0.0055
2026-07-07T17:17:06.045950+00:00,#1871,egypt_champion_no,0.9945
2026-07-07T17:17:08.374386+00:00,#7510,Argentina,0.622505
2026-07-07T17:17:08.374386+00:00,#7511,Egypt,0.377495
2026-07-07T17:17:08.374386+00:00,#1730,argentina_champion_yes,0.11434
2026-07-07T17:17:08.374386+00:00,#1731,argentina_champion_no,0.88566
2026-07-07T17:17:08.374386+00:00,#1870,egypt_champion_yes,0.0055
2026-07-07T17:17:08.374386+00:00,#1871,egypt_champion_no,0.9945
2026-07-07T17:17:12.102370+00:00,#7510,Argentina,0.620055
2026-07-07T17:17:12.102370+00:00,#7511,Egypt,0.379945
2026-07-07T17:17:12.102370+00:00,#1730,argentina_champion_yes,0.11434
2026-07-07T17:17:12.102370+00:00,#1731,argentina_champion_no,0.88566
2026-07-07T17:17:12.102370+00:00,#1870,egypt_champion_yes,0.0055
2026-07-07T17:17:12.102370+00:00,#1871,egypt_champion_no,0.9945
2026-07-07T17:17:16.922334+00:00,#7510,Argentina,0.62005
2026-07-07T17:17:16.922334+00:00,#7511,Egypt,0.37995
2026-07-07T17:17:16.922334+00:00,#1730,argentina_champion_yes,0.11434
2026-07-07T17:17:16.922334+00:00,#1731,argentina_champion_no,0.88566
2026-07-07T17:17:16.922334+00:00,#1870,egypt_champion_yes,0.0055
2026-07-07T17:17:16.922334+00:00,#1871,egypt_champion_no,0.9945
2026-07-07T17:17:21.979648+00:00,#7510,Argentina,0.62005
2026-07-07T17:17:21.979648+00:00,#7511,Egypt,0.37995
2026-07-07T17:17:21.979648+00:00,#1730,argentina_champion_yes,0.11434
2026-07-07T17:17:21.979648+00:00,#1731,argentina_champion_no,0.88566
2026-07-07T17:17:21.979648+00:00,#1870,egypt_champion_yes,0.0055
2026-07-07T17:17:21.979648+00:00,#1871,egypt_champion_no,0.9945
2026-07-07T17:17:23.374974+00:00,#7510,Argentina,0.62005
2026-07-07T17:17:23.374974+00:00,#7511,Egypt,0.37995
2026-07-07T17:17:23.374974+00:00,#1730,argentina_champion_yes,0.11434
2026-07-07T17:17:23.374974+00:00,#1731,argentina_champion_no,0.88566
2026-07-07T17:17:23.374974+00:00,#1870,egypt_champion_yes,0.0055
2026-07-07T17:17:23.374974+00:00,#1871,egypt_champion_no,0.9945
2026-07-07T17:17:27.119888+00:00,#7510,Argentina,0.61605
2026-07-07T17:17:27.119888+00:00,#7511,Egypt,0.38395
2026-07-07T17:17:27.119888+00:00,#1730,argentina_champion_yes,0.11434
2026-07-07T17:17:27.119888+00:00,#1731,argentina_champion_no,0.88566
2026-07-07T17:17:27.119888+00:00,#1870,egypt_champion_yes,0.0055
2026-07-07T17:17:27.119888+00:00,#1871,egypt_champion_no,0.9945
2026-07-07T17:17:32.072730+00:00,#7510,Argentina,0.616055
2026-07-07T17:17:32.072730+00:00,#7511,Egypt,0.383945
2026-07-07T17:17:32.072730+00:00,#1730,argentina_champion_yes,0.11434
2026-07-07T17:17:32.072730+00:00,#1731,argentina_champion_no,0.88566
2026-07-07T17:17:32.072730+00:00,#1870,egypt_champion_yes,0.0055
2026-07-07T17:17:32.072730+00:00,#1871,egypt_champion_no,0.9945
2026-07-07T17:17:37.005956+00:00,#7510,Argentina,0.61605
2026-07-07T17:17:37.005956+00:00,#7511,Egypt,0.38395
2026-07-07T17:17:37.005956+00:00,#1730,argentina_champion_yes,0.11434
2026-07-07T17:17:37.005956+00:00,#1731,argentina_champion_no,0.88566
2026-07-07T17:17:37.005956+00:00,#1870,egypt_champion_yes,0.0055
2026-07-07T17:17:37.005956+00:00,#1871,egypt_champion_no,0.9945
2026-07-07T17:17:40.274634+00:00,#7510,Argentina,0.61605
2026-07-07T17:17:40.274634+00:00,#7511,Egypt,0.38395
2026-07-07T17:17:40.274634+00:00,#1730,argentina_champion_yes,0.11434
2026-07-07T17:17:40.274634+00:00,#1731,argentina_champion_no,0.88566
2026-07-07T17:17:40.274634+00:00,#1870,egypt_champion_yes,0.0055
2026-07-07T17:17:40.274634+00:00,#1871,egypt_champion_no,0.9945
2026-07-07T17:17:42.406627+00:00,#7510,Argentina,0.61605
2026-07-07T17:17:42.406627+00:00,#7511,Egypt,0.38395
2026-07-07T17:17:42.406627+00:00,#1730,argentina_champion_yes,0.11434
2026-07-07T17:17:42.406627+00:00,#1731,argentina_champion_no,0.88566
2026-07-07T17:17:42.406627+00:00,#1870,egypt_champion_yes,0.0055
2026-07-07T17:17:42.406627+00:00,#1871,egypt_champion_no,0.9945
2026-07-07T17:17:47.109340+00:00,#7510,Argentina,0.61605
2026-07-07T17:17:47.109340+00:00,#7511,Egypt,0.38395
2026-07-07T17:17:47.109340+00:00,#1730,argentina_champion_yes,0.11434
2026-07-07T17:17:47.109340+00:00,#1731,argentina_champion_no,0.88566
2026-07-07T17:17:47.109340+00:00,#1870,egypt_champion_yes,0.0055
2026-07-07T17:17:47.109340+00:00,#1871,egypt_champion_no,0.9945
2026-07-07T17:17:52.068599+00:00,#7510,Argentina,0.61605
2026-07-07T17:17:52.068599+00:00,#7511,Egypt,0.38395
2026-07-07T17:17:52.068599+00:00,#1730,argentina_champion_yes,0.11434
2026-07-07T17:17:52.068599+00:00,#1731,argentina_champion_no,0.88566
2026-07-07T17:17:52.068599+00:00,#1870,egypt_champion_yes,0.0055
2026-07-07T17:17:52.068599+00:00,#1871,egypt_champion_no,0.9945
2026-07-07T17:17:57.372580+00:00,#7510,Argentina,0.61605
2026-07-07T17:17:57.372580+00:00,#7511,Egypt,0.38395
2026-07-07T17:17:57.372580+00:00,#1730,argentina_champion_yes,0.11434
2026-07-07T17:17:57.372580+00:00,#1731,argentina_champion_no,0.88566
2026-07-07T17:17:57.372580+00:00,#1870,egypt_champion_yes,0.0055
2026-07-07T17:17:57.372580+00:00,#1871,egypt_champion_no,0.9945
2026-07-07T17:17:57.406586+00:00,#7510,Argentina,0.61605
2026-07-07T17:17:57.406586+00:00,#7511,Egypt,0.38395
2026-07-07T17:17:57.406586+00:00,#1730,argentina_champion_yes,0.11434
2026-07-07T17:17:57.406586+00:00,#1731,argentina_champion_no,0.88566
2026-07-07T17:17:57.406586+00:00,#1870,egypt_champion_yes,0.0055
2026-07-07T17:17:57.406586+00:00,#1871,egypt_champion_no,0.9945
2026-07-07T17:18:02.147421+00:00,#7510,Argentina,0.61902
2026-07-07T17:18:02.147421+00:00,#7511,Egypt,0.38098
2026-07-07T17:18:02.147421+00:00,#1730,argentina_champion_yes,0.11434
2026-07-07T17:18:02.147421+00:00,#1731,argentina_champion_no,0.88566
2026-07-07T17:18:02.147421+00:00,#1870,egypt_champion_yes,0.0055
2026-07-07T17:18:02.147421+00:00,#1871,egypt_champion_no,0.9945
2026-07-07T17:18:07.268359+00:00,#7510,Argentina,0.619015
2026-07-07T17:18:07.268359+00:00,#7511,Egypt,0.380985
2026-07-07T17:18:07.268359+00:00,#1730,argentina_champion_yes,0.11434
2026-07-07T17:18:07.268359+00:00,#1731,argentina_champion_no,0.88566
2026-07-07T17:18:07.268359+00:00,#1870,egypt_champion_yes,0.0055
2026-07-07T17:18:07.268359+00:00,#1871,egypt_champion_no,0.9945
2026-07-07T17:18:12.388196+00:00,#7510,Argentina,0.60954
2026-07-07T17:18:12.388196+00:00,#7511,Egypt,0.39046
2026-07-07T17:18:12.388196+00:00,#1730,argentina_champion_yes,0.11434
2026-07-07T17:18:12.388196+00:00,#1731,argentina_champion_no,0.88566
2026-07-07T17:18:12.388196+00:00,#1870,egypt_champion_yes,0.0055
2026-07-07T17:18:12.388196+00:00,#1871,egypt_champion_no,0.9945
2026-07-07T17:18:14.392880+00:00,#7510,Argentina,0.60954
2026-07-07T17:18:14.392880+00:00,#7511,Egypt,0.39046
2026-07-07T17:18:14.392880+00:00,#1730,argentina_champion_yes,0.113545
2026-07-07T17:18:14.392880+00:00,#1731,argentina_champion_no,0.886455
2026-07-07T17:18:14.392880+00:00,#1870,egypt_champion_yes,0.0055
2026-07-07T17:18:14.392880+00:00,#1871,egypt_champion_no,0.9945
2026-07-07T17:18:18.124908+00:00,#7510,Argentina,0.609305
2026-07-07T17:18:18.124908+00:00,#7511,Egypt,0.390695
2026-07-07T17:18:18.124908+00:00,#1730,argentina_champion_yes,0.113545
2026-07-07T17:18:18.124908+00:00,#1731,argentina_champion_no,0.886455
2026-07-07T17:18:18.124908+00:00,#1870,egypt_champion_yes,0.0055
2026-07-07T17:18:18.124908+00:00,#1871,egypt_champion_no,0.9945
2026-07-07T17:18:22.284497+00:00,#7510,Argentina,0.60866
2026-07-07T17:18:22.284497+00:00,#7511,Egypt,0.39134
2026-07-07T17:18:22.284497+00:00,#1730,argentina_champion_yes,0.113545
2026-07-07T17:18:22.284497+00:00,#1731,argentina_champion_no,0.886455
2026-07-07T17:18:22.284497+00:00,#1870,egypt_champion_yes,0.0055
2026-07-07T17:18:22.284497+00:00,#1871,egypt_champion_no,0.9945
2026-07-07T17:18:27.549893+00:00,#7510,Argentina,0.608655
2026-07-07T17:18:27.549893+00:00,#7511,Egypt,0.391345
2026-07-07T17:18:27.549893+00:00,#1730,argentina_champion_yes,0.113545
2026-07-07T17:18:27.549893+00:00,#1731,argentina_champion_no,0.886455
2026-07-07T17:18:27.549893+00:00,#1870,egypt_champion_yes,0.0055
2026-07-07T17:18:27.549893+00:00,#1871,egypt_champion_no,0.9945
2026-07-07T17:18:31.075171+00:00,#7510,Argentina,0.608655
2026-07-07T17:18:31.075171+00:00,#7511,Egypt,0.391345
2026-07-07T17:18:31.075171+00:00,#1730,argentina_champion_yes,0.113545
2026-07-07T17:18:31.075171+00:00,#1731,argentina_champion_no,0.886455
2026-07-07T17:18:31.075171+00:00,#1870,egypt_champion_yes,0.0055
2026-07-07T17:18:31.075171+00:00,#1871,egypt_champion_no,0.9945
2026-07-07T17:18:32.871975+00:00,#7510,Argentina,0.609175
2026-07-07T17:18:32.871975+00:00,#7511,Egypt,0.390825
2026-07-07T17:18:32.871975+00:00,#1730,argentina_champion_yes,0.113545
2026-07-07T17:18:32.871975+00:00,#1731,argentina_champion_no,0.886455
2026-07-07T17:18:32.871975+00:00,#1870,egypt_champion_yes,0.0055
2026-07-07T17:18:32.871975+00:00,#1871,egypt_champion_no,0.9945
2026-07-07T17:18:37.391565+00:00,#7510,Argentina,0.60918
2026-07-07T17:18:37.391565+00:00,#7511,Egypt,0.39082
2026-07-07T17:18:37.391565+00:00,#1730,argentina_champion_yes,0.113545
2026-07-07T17:18:37.391565+00:00,#1731,argentina_champion_no,0.886455
2026-07-07T17:18:37.391565+00:00,#1870,egypt_champion_yes,0.0055
2026-07-07T17:18:37.391565+00:00,#1871,egypt_champion_no,0.9945
2026-07-07T17:18:42.608634+00:00,#7510,Argentina,0.60767
2026-07-07T17:18:42.608634+00:00,#7511,Egypt,0.39233
2026-07-07T17:18:42.608634+00:00,#1730,argentina_champion_yes,0.113545
2026-07-07T17:18:42.608634+00:00,#1731,argentina_champion_no,0.886455
2026-07-07T17:18:42.608634+00:00,#1870,egypt_champion_yes,0.0055
2026-07-07T17:18:42.608634+00:00,#1871,egypt_champion_no,0.9945
2026-07-07T17:18:47.395805+00:00,#7510,Argentina,0.60767
2026-07-07T17:18:47.395805+00:00,#7511,Egypt,0.39233
2026-07-07T17:18:47.395805+00:00,#1730,argentina_champion_yes,0.113545
2026-07-07T17:18:47.395805+00:00,#1731,argentina_champion_no,0.886455
2026-07-07T17:18:47.395805+00:00,#1870,egypt_champion_yes,0.0055
2026-07-07T17:18:47.395805+00:00,#1871,egypt_champion_no,0.9945
2026-07-07T17:18:47.872815+00:00,#7510,Argentina,0.60767
2026-07-07T17:18:47.872815+00:00,#7511,Egypt,0.39233
2026-07-07T17:18:47.872815+00:00,#1730,argentina_champion_yes,0.113545
2026-07-07T17:18:47.872815+00:00,#1731,argentina_champion_no,0.886455
2026-07-07T17:18:47.872815+00:00,#1870,egypt_champion_yes,0.0055
2026-07-07T17:18:47.872815+00:00,#1871,egypt_champion_no,0.9945
2026-07-07T17:18:52.557058+00:00,#7510,Argentina,0.609185
2026-07-07T17:18:52.557058+00:00,#7511,Egypt,0.390815
2026-07-07T17:18:52.557058+00:00,#1730,argentina_champion_yes,0.113545
2026-07-07T17:18:52.557058+00:00,#1731,argentina_champion_no,0.886455
2026-07-07T17:18:52.557058+00:00,#1870,egypt_champion_yes,0.0055
2026-07-07T17:18:52.557058+00:00,#1871,egypt_champion_no,0.9945
2026-07-07T17:18:57.683753+00:00,#7510,Argentina,0.609235
2026-07-07T17:18:57.683753+00:00,#7511,Egypt,0.390765
2026-07-07T17:18:57.683753+00:00,#1730,argentina_champion_yes,0.113545
2026-07-07T17:18:57.683753+00:00,#1731,argentina_champion_no,0.886455
2026-07-07T17:18:57.683753+00:00,#1870,egypt_champion_yes,0.0055
2026-07-07T17:18:57.683753+00:00,#1871,egypt_champion_no,0.9945
2026-07-07T17:19:02.518788+00:00,#7510,Argentina,0.609235
2026-07-07T17:19:02.518788+00:00,#7511,Egypt,0.390765
2026-07-07T17:19:02.518788+00:00,#1730,argentina_champion_yes,0.118845
2026-07-07T17:19:02.518788+00:00,#1731,argentina_champion_no,0.881155
2026-07-07T17:19:02.518788+00:00,#1870,egypt_champion_yes,0.0055
2026-07-07T17:19:02.518788+00:00,#1871,egypt_champion_no,0.9945
2026-07-07T17:19:05.037553+00:00,#7510,Argentina,0.609235
2026-07-07T17:19:05.037553+00:00,#7511,Egypt,0.390765
2026-07-07T17:19:05.037553+00:00,#1730,argentina_champion_yes,0.118845
2026-07-07T17:19:05.037553+00:00,#1731,argentina_champion_no,0.881155
2026-07-07T17:19:05.037553+00:00,#1870,egypt_champion_yes,0.0055
2026-07-07T17:19:05.037553+00:00,#1871,egypt_champion_no,0.9945
2026-07-07T17:19:07.662928+00:00,#7510,Argentina,0.60999
2026-07-07T17:19:07.662928+00:00,#7511,Egypt,0.39001
2026-07-07T17:19:07.662928+00:00,#1730,argentina_champion_yes,0.118845
2026-07-07T17:19:07.662928+00:00,#1731,argentina_champion_no,0.881155
2026-07-07T17:19:07.662928+00:00,#1870,egypt_champion_yes,0.0055
2026-07-07T17:19:07.662928+00:00,#1871,egypt_champion_no,0.9945
2026-07-07T17:19:12.798343+00:00,#7510,Argentina,0.608185
2026-07-07T17:19:12.798343+00:00,#7511,Egypt,0.391815
2026-07-07T17:19:12.798343+00:00,#1730,argentina_champion_yes,0.118845
2026-07-07T17:19:12.798343+00:00,#1731,argentina_champion_no,0.881155
2026-07-07T17:19:12.798343+00:00,#1870,egypt_champion_yes,0.0055
2026-07-07T17:19:12.798343+00:00,#1871,egypt_champion_no,0.9945
2026-07-07T17:19:17.643626+00:00,#7510,Argentina,0.60964
2026-07-07T17:19:17.643626+00:00,#7511,Egypt,0.39036
2026-07-07T17:19:17.643626+00:00,#1730,argentina_champion_yes,0.118845
2026-07-07T17:19:17.643626+00:00,#1731,argentina_champion_no,0.881155
2026-07-07T17:19:17.643626+00:00,#1870,egypt_champion_yes,0.0055
2026-07-07T17:19:17.643626+00:00,#1871,egypt_champion_no,0.9945
2026-07-07T17:19:22.000219+00:00,#7510,Argentina,0.60964
2026-07-07T17:19:22.000219+00:00,#7511,Egypt,0.39036
2026-07-07T17:19:22.000219+00:00,#1730,argentina_champion_yes,0.118845
2026-07-07T17:19:22.000219+00:00,#1731,argentina_champion_no,0.881155
2026-07-07T17:19:22.000219+00:00,#1870,egypt_champion_yes,0.0055
2026-07-07T17:19:22.000219+00:00,#1871,egypt_champion_no,0.9945
2026-07-07T17:19:23.879901+00:00,#7510,Argentina,0.60964
2026-07-07T17:19:23.879901+00:00,#7511,Egypt,0.39036
2026-07-07T17:19:23.879901+00:00,#1730,argentina_champion_yes,0.118845
2026-07-07T17:19:23.879901+00:00,#1731,argentina_champion_no,0.881155
2026-07-07T17:19:23.879901+00:00,#1870,egypt_champion_yes,0.0055
2026-07-07T17:19:23.879901+00:00,#1871,egypt_champion_no,0.9945
2026-07-07T17:19:28.054156+00:00,#7510,Argentina,0.608285
2026-07-07T17:19:28.054156+00:00,#7511,Egypt,0.391715
2026-07-07T17:19:28.054156+00:00,#1730,argentina_champion_yes,0.118845
2026-07-07T17:19:28.054156+00:00,#1731,argentina_champion_no,0.881155
2026-07-07T17:19:28.054156+00:00,#1870,egypt_champion_yes,0.0055
2026-07-07T17:19:28.054156+00:00,#1871,egypt_champion_no,0.9945
2026-07-07T17:19:33.047344+00:00,#7510,Argentina,0.608285
2026-07-07T17:19:33.047344+00:00,#7511,Egypt,0.391715
2026-07-07T17:19:33.047344+00:00,#1730,argentina_champion_yes,0.118845
2026-07-07T17:19:33.047344+00:00,#1731,argentina_champion_no,0.881155
2026-07-07T17:19:33.047344+00:00,#1870,egypt_champion_yes,0.0055
2026-07-07T17:19:33.047344+00:00,#1871,egypt_champion_no,0.9945
2026-07-07T17:19:37.906215+00:00,#7510,Argentina,0.608345
2026-07-07T17:19:37.906215+00:00,#7511,Egypt,0.391655
2026-07-07T17:19:37.906215+00:00,#1730,argentina_champion_yes,0.118845
2026-07-07T17:19:37.906215+00:00,#1731,argentina_champion_no,0.881155
2026-07-07T17:19:37.906215+00:00,#1870,egypt_champion_yes,0.0055
2026-07-07T17:19:37.906215+00:00,#1871,egypt_champion_no,0.9945
2026-07-07T17:19:38.880383+00:00,#7510,Argentina,0.608345
2026-07-07T17:19:38.880383+00:00,#7511,Egypt,0.391655
2026-07-07T17:19:38.880383+00:00,#1730,argentina_champion_yes,0.118845
2026-07-07T17:19:38.880383+00:00,#1731,argentina_champion_no,0.881155
2026-07-07T17:19:38.880383+00:00,#1870,egypt_champion_yes,0.0055
2026-07-07T17:19:38.880383+00:00,#1871,egypt_champion_no,0.9945
2026-07-07T17:19:43.136987+00:00,#7510,Argentina,0.60808
2026-07-07T17:19:43.136987+00:00,#7511,Egypt,0.39192
2026-07-07T17:19:43.136987+00:00,#1730,argentina_champion_yes,0.118845
2026-07-07T17:19:43.136987+00:00,#1731,argentina_champion_no,0.881155
2026-07-07T17:19:43.136987+00:00,#1870,egypt_champion_yes,0.0055
2026-07-07T17:19:43.136987+00:00,#1871,egypt_champion_no,0.9945
2026-07-07T17:19:48.007882+00:00,#7510,Argentina,0.60808
2026-07-07T17:19:48.007882+00:00,#7511,Egypt,0.39192
2026-07-07T17:19:48.007882+00:00,#1730,argentina_champion_yes,0.118845
2026-07-07T17:19:48.007882+00:00,#1731,argentina_champion_no,0.881155
2026-07-07T17:19:48.007882+00:00,#1870,egypt_champion_yes,0.0055
2026-07-07T17:19:48.007882+00:00,#1871,egypt_champion_no,0.9945
2026-07-07T17:19:52.987597+00:00,#7510,Argentina,0.60808
2026-07-07T17:19:52.987597+00:00,#7511,Egypt,0.39192
2026-07-07T17:19:52.987597+00:00,#1730,argentina_champion_yes,0.118845
2026-07-07T17:19:52.987597+00:00,#1731,argentina_champion_no,0.881155
2026-07-07T17:19:52.987597+00:00,#1870,egypt_champion_yes,0.0055
2026-07-07T17:19:52.987597+00:00,#1871,egypt_champion_no,0.9945
2026-07-07T17:19:55.777567+00:00,#7510,Argentina,0.60808
2026-07-07T17:19:55.777567+00:00,#7511,Egypt,0.39192
2026-07-07T17:19:55.777567+00:00,#1730,argentina_champion_yes,0.118845
2026-07-07T17:19:55.777567+00:00,#1731,argentina_champion_no,0.881155
2026-07-07T17:19:55.777567+00:00,#1870,egypt_champion_yes,0.0055
2026-07-07T17:19:55.777567+00:00,#1871,egypt_champion_no,0.9945
2026-07-07T17:19:58.226291+00:00,#7510,Argentina,0.60808
2026-07-07T17:19:58.226291+00:00,#7511,Egypt,0.39192
2026-07-07T17:19:58.226291+00:00,#1730,argentina_champion_yes,0.118845
2026-07-07T17:19:58.226291+00:00,#1731,argentina_champion_no,0.881155
2026-07-07T17:19:58.226291+00:00,#1870,egypt_champion_yes,0.0055
2026-07-07T17:19:58.226291+00:00,#1871,egypt_champion_no,0.9945
2026-07-07T17:20:02.898351+00:00,#7510,Argentina,0.60431
2026-07-07T17:20:02.898351+00:00,#7511,Egypt,0.39569
2026-07-07T17:20:02.898351+00:00,#1730,argentina_champion_yes,0.118845
2026-07-07T17:20:02.898351+00:00,#1731,argentina_champion_no,0.881155
2026-07-07T17:20:02.898351+00:00,#1870,egypt_champion_yes,0.0055
2026-07-07T17:20:02.898351+00:00,#1871,egypt_champion_no,0.9945
2026-07-07T17:20:08.213694+00:00,#7510,Argentina,0.6015
2026-07-07T17:20:08.213694+00:00,#7511,Egypt,0.3985
2026-07-07T17:20:08.213694+00:00,#1730,argentina_champion_yes,0.118845
2026-07-07T17:20:08.213694+00:00,#1731,argentina_champion_no,0.881155
2026-07-07T17:20:08.213694+00:00,#1870,egypt_champion_yes,0.0055
2026-07-07T17:20:08.213694+00:00,#1871,egypt_champion_no,0.9945
2026-07-07T17:20:12.842865+00:00,#7510,Argentina,0.6015
2026-07-07T17:20:12.842865+00:00,#7511,Egypt,0.3985
2026-07-07T17:20:12.842865+00:00,#1730,argentina_champion_yes,0.118845
2026-07-07T17:20:12.842865+00:00,#1731,argentina_champion_no,0.881155
2026-07-07T17:20:12.842865+00:00,#1870,egypt_champion_yes,0.0055
2026-07-07T17:20:12.842865+00:00,#1871,egypt_champion_no,0.9945
2026-07-07T17:20:14.933619+00:00,#7510,Argentina,0.59702
2026-07-07T17:20:14.933619+00:00,#7511,Egypt,0.40298
2026-07-07T17:20:14.933619+00:00,#1730,argentina_champion_yes,0.113545
2026-07-07T17:20:14.933619+00:00,#1731,argentina_champion_no,0.886455
2026-07-07T17:20:14.933619+00:00,#1870,egypt_champion_yes,0.0055
2026-07-07T17:20:14.933619+00:00,#1871,egypt_champion_no,0.9945
2026-07-07T17:20:18.291427+00:00,#7510,Argentina,0.5965
2026-07-07T17:20:18.291427+00:00,#7511,Egypt,0.4035
2026-07-07T17:20:18.291427+00:00,#1730,argentina_champion_yes,0.113545
2026-07-07T17:20:18.291427+00:00,#1731,argentina_champion_no,0.886455
2026-07-07T17:20:18.291427+00:00,#1870,egypt_champion_yes,0.0055
2026-07-07T17:20:18.291427+00:00,#1871,egypt_champion_no,0.9945
2026-07-07T17:20:23.289261+00:00,#7510,Argentina,0.5965
2026-07-07T17:20:23.289261+00:00,#7511,Egypt,0.4035
2026-07-07T17:20:23.289261+00:00,#1730,argentina_champion_yes,0.113545
2026-07-07T17:20:23.289261+00:00,#1731,argentina_champion_no,0.886455
2026-07-07T17:20:23.289261+00:00,#1870,egypt_champion_yes,0.0055
2026-07-07T17:20:23.289261+00:00,#1871,egypt_champion_no,0.9945
2026-07-07T17:20:28.558604+00:00,#7510,Argentina,0.5965
2026-07-07T17:20:28.558604+00:00,#7511,Egypt,0.4035
2026-07-07T17:20:28.558604+00:00,#1730,argentina_champion_yes,0.113545
2026-07-07T17:20:28.558604+00:00,#1731,argentina_champion_no,0.886455
2026-07-07T17:20:28.558604+00:00,#1870,egypt_champion_yes,0.0055
2026-07-07T17:20:28.558604+00:00,#1871,egypt_champion_no,0.9945
2026-07-07T17:20:29.934369+00:00,#7510,Argentina,0.5965
2026-07-07T17:20:29.934369+00:00,#7511,Egypt,0.4035
2026-07-07T17:20:29.934369+00:00,#1730,argentina_champion_yes,0.113545
2026-07-07T17:20:29.934369+00:00,#1731,argentina_champion_no,0.886455
2026-07-07T17:20:29.934369+00:00,#1870,egypt_champion_yes,0.0055
2026-07-07T17:20:29.934369+00:00,#1871,egypt_champion_no,0.9945
2026-07-07T17:20:33.447637+00:00,#7510,Argentina,0.59325
2026-07-07T17:20:33.447637+00:00,#7511,Egypt,0.40675
2026-07-07T17:20:33.447637+00:00,#1730,argentina_champion_yes,0.113545
2026-07-07T17:20:33.447637+00:00,#1731,argentina_champion_no,0.886455
2026-07-07T17:20:33.447637+00:00,#1870,egypt_champion_yes,0.0055
2026-07-07T17:20:33.447637+00:00,#1871,egypt_champion_no,0.9945
2026-07-07T17:20:38.470509+00:00,#7510,Argentina,0.59591
2026-07-07T17:20:38.470509+00:00,#7511,Egypt,0.40409
2026-07-07T17:20:38.470509+00:00,#1730,argentina_champion_yes,0.113545
2026-07-07T17:20:38.470509+00:00,#1731,argentina_champion_no,0.886455
2026-07-07T17:20:38.470509+00:00,#1870,egypt_champion_yes,0.0055
2026-07-07T17:20:38.470509+00:00,#1871,egypt_champion_no,0.9945
2026-07-07T17:20:43.643487+00:00,#7510,Argentina,0.587065
2026-07-07T17:20:43.643487+00:00,#7511,Egypt,0.412935
2026-07-07T17:20:43.643487+00:00,#1730,argentina_champion_yes,0.107075
2026-07-07T17:20:43.643487+00:00,#1731,argentina_champion_no,0.892925
2026-07-07T17:20:43.643487+00:00,#1870,egypt_champion_yes,0.0055
2026-07-07T17:20:43.643487+00:00,#1871,egypt_champion_no,0.9945
2026-07-07T17:20:46.958476+00:00,#7510,Argentina,0.58944
2026-07-07T17:20:46.958476+00:00,#7511,Egypt,0.41056
2026-07-07T17:20:46.958476+00:00,#1730,argentina_champion_yes,0.107075
2026-07-07T17:20:46.958476+00:00,#1731,argentina_champion_no,0.892925
2026-07-07T17:20:46.958476+00:00,#1870,egypt_champion_yes,0.0055
2026-07-07T17:20:46.958476+00:00,#1871,egypt_champion_no,0.9945
2026-07-07T17:20:48.868339+00:00,#7510,Argentina,0.591825
2026-07-07T17:20:48.868339+00:00,#7511,Egypt,0.408175
2026-07-07T17:20:48.868339+00:00,#1730,argentina_champion_yes,0.107075
2026-07-07T17:20:48.868339+00:00,#1731,argentina_champion_no,0.892925
2026-07-07T17:20:48.868339+00:00,#1870,egypt_champion_yes,0.0055
2026-07-07T17:20:48.868339+00:00,#1871,egypt_champion_no,0.9945
2026-07-07T17:20:53.570876+00:00,#7510,Argentina,0.586655
2026-07-07T17:20:53.570876+00:00,#7511,Egypt,0.413345
2026-07-07T17:20:53.570876+00:00,#1730,argentina_champion_yes,0.107075
2026-07-07T17:20:53.570876+00:00,#1731,argentina_champion_no,0.892925
2026-07-07T17:20:53.570876+00:00,#1870,egypt_champion_yes,0.0055
2026-07-07T17:20:53.570876+00:00,#1871,egypt_champion_no,0.9945
2026-07-07T17:20:58.809682+00:00,#7510,Argentina,0.58418
2026-07-07T17:20:58.809682+00:00,#7511,Egypt,0.41582
2026-07-07T17:20:58.809682+00:00,#1730,argentina_champion_yes,0.107075
2026-07-07T17:20:58.809682+00:00,#1731,argentina_champion_no,0.892925
2026-07-07T17:20:58.809682+00:00,#1870,egypt_champion_yes,0.0055
2026-07-07T17:20:58.809682+00:00,#1871,egypt_champion_no,0.9945
2026-07-07T17:21:03.648090+00:00,#7510,Argentina,0.58055
2026-07-07T17:21:03.648090+00:00,#7511,Egypt,0.41945
2026-07-07T17:21:03.648090+00:00,#1730,argentina_champion_yes,0.107075
2026-07-07T17:21:03.648090+00:00,#1731,argentina_champion_no,0.892925
2026-07-07T17:21:03.648090+00:00,#1870,egypt_champion_yes,0.0055
2026-07-07T17:21:03.648090+00:00,#1871,egypt_champion_no,0.9945
2026-07-07T17:21:03.868467+00:00,#7510,Argentina,0.58418
2026-07-07T17:21:03.868467+00:00,#7511,Egypt,0.41582
2026-07-07T17:21:03.868467+00:00,#1730,argentina_champion_yes,0.107075
2026-07-07T17:21:03.868467+00:00,#1731,argentina_champion_no,0.892925
2026-07-07T17:21:03.868467+00:00,#1870,egypt_champion_yes,0.0055
2026-07-07T17:21:03.868467+00:00,#1871,egypt_champion_no,0.9945
2026-07-07T17:21:08.726710+00:00,#7510,Argentina,0.5837
2026-07-07T17:21:08.726710+00:00,#7511,Egypt,0.4163
2026-07-07T17:21:08.726710+00:00,#1730,argentina_champion_yes,0.107075
2026-07-07T17:21:08.726710+00:00,#1731,argentina_champion_no,0.892925
2026-07-07T17:21:08.726710+00:00,#1870,egypt_champion_yes,0.0055
2026-07-07T17:21:08.726710+00:00,#1871,egypt_champion_no,0.9945
2026-07-07T17:21:13.916613+00:00,#7510,Argentina,0.588005
2026-07-07T17:21:13.916613+00:00,#7511,Egypt,0.411995
2026-07-07T17:21:13.916613+00:00,#1730,argentina_champion_yes,0.107075
2026-07-07T17:21:13.916613+00:00,#1731,argentina_champion_no,0.892925
2026-07-07T17:21:13.916613+00:00,#1870,egypt_champion_yes,0.0055
2026-07-07T17:21:13.916613+00:00,#1871,egypt_champion_no,0.9945
2026-07-07T17:21:18.781783+00:00,#7510,Argentina,0.586155
2026-07-07T17:21:18.781783+00:00,#7511,Egypt,0.413845
2026-07-07T17:21:18.781783+00:00,#1730,argentina_champion_yes,0.107075
2026-07-07T17:21:18.781783+00:00,#1731,argentina_champion_no,0.892925
2026-07-07T17:21:18.781783+00:00,#1870,egypt_champion_yes,0.0055
2026-07-07T17:21:18.781783+00:00,#1871,egypt_champion_no,0.9945
2026-07-07T17:21:20.969729+00:00,#7510,Argentina,0.586155
2026-07-07T17:21:20.969729+00:00,#7511,Egypt,0.413845
2026-07-07T17:21:20.969729+00:00,#1730,argentina_champion_yes,0.107075
2026-07-07T17:21:20.969729+00:00,#1731,argentina_champion_no,0.892925
2026-07-07T17:21:20.969729+00:00,#1870,egypt_champion_yes,0.0055
2026-07-07T17:21:20.969729+00:00,#1871,egypt_champion_no,0.9945
2026-07-07T17:21:24.838784+00:00,#7510,Argentina,0.586155
2026-07-07T17:21:24.838784+00:00,#7511,Egypt,0.413845
2026-07-07T17:21:24.838784+00:00,#1730,argentina_champion_yes,0.107075
2026-07-07T17:21:24.838784+00:00,#1731,argentina_champion_no,0.892925
2026-07-07T17:21:24.838784+00:00,#1870,egypt_champion_yes,0.0055
2026-07-07T17:21:24.838784+00:00,#1871,egypt_champion_no,0.9945
2026-07-07T17:21:29.235952+00:00,#7510,Argentina,0.586205
2026-07-07T17:21:29.235952+00:00,#7511,Egypt,0.413795
2026-07-07T17:21:29.235952+00:00,#1730,argentina_champion_yes,0.107075
2026-07-07T17:21:29.235952+00:00,#1731,argentina_champion_no,0.892925
2026-07-07T17:21:29.235952+00:00,#1870,egypt_champion_yes,0.0055
2026-07-07T17:21:29.235952+00:00,#1871,egypt_champion_no,0.9945
2026-07-07T17:21:33.946001+00:00,#7510,Argentina,0.593075
2026-07-07T17:21:33.946001+00:00,#7511,Egypt,0.406925
2026-07-07T17:21:33.946001+00:00,#1730,argentina_champion_yes,0.107075
2026-07-07T17:21:33.946001+00:00,#1731,argentina_champion_no,0.892925
2026-07-07T17:21:33.946001+00:00,#1870,egypt_champion_yes,0.0055
2026-07-07T17:21:33.946001+00:00,#1871,egypt_champion_no,0.9945
2026-07-07T17:21:37.943425+00:00,#7510,Argentina,0.593075
2026-07-07T17:21:37.943425+00:00,#7511,Egypt,0.406925
2026-07-07T17:21:37.943425+00:00,#1730,argentina_champion_yes,0.107075
2026-07-07T17:21:37.943425+00:00,#1731,argentina_champion_no,0.892925
2026-07-07T17:21:37.943425+00:00,#1870,egypt_champion_yes,0.0055
2026-07-07T17:21:37.943425+00:00,#1871,egypt_champion_no,0.9945
2026-07-07T17:21:40.562849+00:00,#7510,Argentina,0.589575
2026-07-07T17:21:40.562849+00:00,#7511,Egypt,0.410425
2026-07-07T17:21:40.562849+00:00,#1730,argentina_champion_yes,0.107075
2026-07-07T17:21:40.562849+00:00,#1731,argentina_champion_no,0.892925
2026-07-07T17:21:40.562849+00:00,#1870,egypt_champion_yes,0.0055
2026-07-07T17:21:40.562849+00:00,#1871,egypt_champion_no,0.9945
2026-07-07T17:21:44.391535+00:00,#7510,Argentina,0.5789
2026-07-07T17:21:44.391535+00:00,#7511,Egypt,0.4211
2026-07-07T17:21:44.391535+00:00,#1730,argentina_champion_yes,0.107075
2026-07-07T17:21:44.391535+00:00,#1731,argentina_champion_no,0.892925
2026-07-07T17:21:44.391535+00:00,#1870,egypt_champion_yes,0.0055
2026-07-07T17:21:44.391535+00:00,#1871,egypt_champion_no,0.9945
2026-07-07T17:21:49.095737+00:00,#7510,Argentina,0.571785
2026-07-07T17:21:49.095737+00:00,#7511,Egypt,0.428215
2026-07-07T17:21:49.095737+00:00,#1730,argentina_champion_yes,0.107075
2026-07-07T17:21:49.095737+00:00,#1731,argentina_champion_no,0.892925
2026-07-07T17:21:49.095737+00:00,#1870,egypt_champion_yes,0.0055
2026-07-07T17:21:49.095737+00:00,#1871,egypt_champion_no,0.9945
2026-07-07T17:21:54.136016+00:00,#7510,Argentina,0.398465
2026-07-07T17:21:54.136016+00:00,#7511,Egypt,0.601535
2026-07-07T17:21:54.136016+00:00,#1730,argentina_champion_yes,0.082575
2026-07-07T17:21:54.136016+00:00,#1731,argentina_champion_no,0.917425
2026-07-07T17:21:54.136016+00:00,#1870,egypt_champion_yes,0.0055
2026-07-07T17:21:54.136016+00:00,#1871,egypt_champion_no,0.9945
2026-07-07T17:21:55.563510+00:00,#7510,Argentina,0.335045
2026-07-07T17:21:55.563510+00:00,#7511,Egypt,0.664955
2026-07-07T17:21:55.563510+00:00,#1730,argentina_champion_yes,0.082575
2026-07-07T17:21:55.563510+00:00,#1731,argentina_champion_no,0.917425
2026-07-07T17:21:55.563510+00:00,#1870,egypt_champion_yes,0.0055
2026-07-07T17:21:55.563510+00:00,#1871,egypt_champion_no,0.9945
2026-07-07T17:21:59.177625+00:00,#7510,Argentina,0.277885
2026-07-07T17:21:59.177625+00:00,#7511,Egypt,0.722115
2026-07-07T17:21:59.177625+00:00,#1730,argentina_champion_yes,0.082575
2026-07-07T17:21:59.177625+00:00,#1731,argentina_champion_no,0.917425
2026-07-07T17:21:59.177625+00:00,#1870,egypt_champion_yes,0.0055
2026-07-07T17:21:59.177625+00:00,#1871,egypt_champion_no,0.9945
2026-07-07T17:22:04.097707+00:00,#7510,Argentina,0.249035
2026-07-07T17:22:04.097707+00:00,#7511,Egypt,0.750965
2026-07-07T17:22:04.097707+00:00,#1730,argentina_champion_yes,0.082575
2026-07-07T17:22:04.097707+00:00,#1731,argentina_champion_no,0.917425
2026-07-07T17:22:04.097707+00:00,#1870,egypt_champion_yes,0.0055
2026-07-07T17:22:04.097707+00:00,#1871,egypt_champion_no,0.9945
2026-07-07T17:22:09.218935+00:00,#7510,Argentina,0.245055
2026-07-07T17:22:09.218935+00:00,#7511,Egypt,0.754945
2026-07-07T17:22:09.218935+00:00,#1730,argentina_champion_yes,0.082575
2026-07-07T17:22:09.218935+00:00,#1731,argentina_champion_no,0.917425
2026-07-07T17:22:09.218935+00:00,#1870,egypt_champion_yes,0.0055
2026-07-07T17:22:09.218935+00:00,#1871,egypt_champion_no,0.9945
2026-07-07T17:22:12.583414+00:00,#7510,Argentina,0.226
2026-07-07T17:22:12.583414+00:00,#7511,Egypt,0.774
2026-07-07T17:22:12.583414+00:00,#1730,argentina_champion_yes,0.082575
2026-07-07T17:22:12.583414+00:00,#1731,argentina_champion_no,0.917425
2026-07-07T17:22:12.583414+00:00,#1870,egypt_champion_yes,0.0055
2026-07-07T17:22:12.583414+00:00,#1871,egypt_champion_no,0.9945
2026-07-07T17:22:14.541585+00:00,#7510,Argentina,0.22979
2026-07-07T17:22:14.541585+00:00,#7511,Egypt,0.77021
2026-07-07T17:22:14.541585+00:00,#1730,argentina_champion_yes,0.082575
2026-07-07T17:22:14.541585+00:00,#1731,argentina_champion_no,0.917425
2026-07-07T17:22:14.541585+00:00,#1870,egypt_champion_yes,0.0055
2026-07-07T17:22:14.541585+00:00,#1871,egypt_champion_no,0.9945
2026-07-07T17:22:19.346801+00:00,#7510,Argentina,0.23029
2026-07-07T17:22:19.346801+00:00,#7511,Egypt,0.76971
2026-07-07T17:22:19.346801+00:00,#1730,argentina_champion_yes,0.095515
2026-07-07T17:22:19.346801+00:00,#1731,argentina_champion_no,0.904485
2026-07-07T17:22:19.346801+00:00,#1870,egypt_champion_yes,0.0055
2026-07-07T17:22:19.346801+00:00,#1871,egypt_champion_no,0.9945
2026-07-07T17:22:24.381293+00:00,#7510,Argentina,0.24418
2026-07-07T17:22:24.381293+00:00,#7511,Egypt,0.75582
2026-07-07T17:22:24.381293+00:00,#1730,argentina_champion_yes,0.095515
2026-07-07T17:22:24.381293+00:00,#1731,argentina_champion_no,0.904485
2026-07-07T17:22:24.381293+00:00,#1870,egypt_champion_yes,0.0055
2026-07-07T17:22:24.381293+00:00,#1871,egypt_champion_no,0.9945
2026-07-07T17:22:29.541224+00:00,#7510,Argentina,0.239605
2026-07-07T17:22:29.541224+00:00,#7511,Egypt,0.760395
2026-07-07T17:22:29.541224+00:00,#1730,argentina_champion_yes,0.095515
2026-07-07T17:22:29.541224+00:00,#1731,argentina_champion_no,0.904485
2026-07-07T17:22:29.541224+00:00,#1870,egypt_champion_yes,0.0055
2026-07-07T17:22:29.541224+00:00,#1871,egypt_champion_no,0.9945
2026-07-07T17:22:31.503168+00:00,#7510,Argentina,0.2347
2026-07-07T17:22:31.503168+00:00,#7511,Egypt,0.7653
2026-07-07T17:22:31.503168+00:00,#1730,argentina_champion_yes,0.095515
2026-07-07T17:22:31.503168+00:00,#1731,argentina_champion_no,0.904485
2026-07-07T17:22:31.503168+00:00,#1870,egypt_champion_yes,0.0055
2026-07-07T17:22:31.503168+00:00,#1871,egypt_champion_no,0.9945
2026-07-07T17:22:34.398676+00:00,#7510,Argentina,0.22994
2026-07-07T17:22:34.398676+00:00,#7511,Egypt,0.77006
2026-07-07T17:22:34.398676+00:00,#1730,argentina_champion_yes,0.095
2026-07-07T17:22:34.398676+00:00,#1731,argentina_champion_no,0.905
2026-07-07T17:22:34.398676+00:00,#1870,egypt_champion_yes,0.0055
2026-07-07T17:22:34.398676+00:00,#1871,egypt_champion_no,0.9945
2026-07-07T17:22:39.408949+00:00,#7510,Argentina,0.22984
2026-07-07T17:22:39.408949+00:00,#7511,Egypt,0.77016
2026-07-07T17:22:39.408949+00:00,#1730,argentina_champion_yes,0.095
2026-07-07T17:22:39.408949+00:00,#1731,argentina_champion_no,0.905
2026-07-07T17:22:39.408949+00:00,#1870,egypt_champion_yes,0.0065
2026-07-07T17:22:39.408949+00:00,#1871,egypt_champion_no,0.9935
2026-07-07T17:22:44.690340+00:00,#7510,Argentina,0.22741
2026-07-07T17:22:44.690340+00:00,#7511,Egypt,0.77259
2026-07-07T17:22:44.690340+00:00,#1730,argentina_champion_yes,0.095
2026-07-07T17:22:44.690340+00:00,#1731,argentina_champion_no,0.905
2026-07-07T17:22:44.690340+00:00,#1870,egypt_champion_yes,0.009
2026-07-07T17:22:44.690340+00:00,#1871,egypt_champion_no,0.991
2026-07-07T17:22:46.503737+00:00,#7510,Argentina,0.22741
2026-07-07T17:22:46.503737+00:00,#7511,Egypt,0.77259
2026-07-07T17:22:46.503737+00:00,#1730,argentina_champion_yes,0.095
2026-07-07T17:22:46.503737+00:00,#1731,argentina_champion_no,0.905
2026-07-07T17:22:46.503737+00:00,#1870,egypt_champion_yes,0.009
2026-07-07T17:22:46.503737+00:00,#1871,egypt_champion_no,0.991
2026-07-07T17:22:49.265269+00:00,#7510,Argentina,0.45383
2026-07-07T17:22:49.265269+00:00,#7511,Egypt,0.54617
2026-07-07T17:22:49.265269+00:00,#1730,argentina_champion_yes,0.039965
2026-07-07T17:22:49.265269+00:00,#1731,argentina_champion_no,0.960035
2026-07-07T17:22:49.265269+00:00,#1870,egypt_champion_yes,0.009
2026-07-07T17:22:49.265269+00:00,#1871,egypt_champion_no,0.991
2026-07-07T17:22:54.504392+00:00,#7510,Argentina,0.432555
2026-07-07T17:22:54.504392+00:00,#7511,Egypt,0.567445
2026-07-07T17:22:54.504392+00:00,#1730,argentina_champion_yes,0.093965
2026-07-07T17:22:54.504392+00:00,#1731,argentina_champion_no,0.906035
2026-07-07T17:22:54.504392+00:00,#1870,egypt_champion_yes,0.009
2026-07-07T17:22:54.504392+00:00,#1871,egypt_champion_no,0.991
2026-07-07T17:22:59.783079+00:00,#7510,Argentina,0.2695
2026-07-07T17:22:59.783079+00:00,#7511,Egypt,0.7305
2026-07-07T17:22:59.783079+00:00,#1730,argentina_champion_yes,0.093965
2026-07-07T17:22:59.783079+00:00,#1731,argentina_champion_no,0.906035
2026-07-07T17:22:59.783079+00:00,#1870,egypt_champion_yes,0.009
2026-07-07T17:22:59.783079+00:00,#1871,egypt_champion_no,0.991
2026-07-07T17:23:03.546217+00:00,#7510,Argentina,0.293125
2026-07-07T17:23:03.546217+00:00,#7511,Egypt,0.706875
2026-07-07T17:23:03.546217+00:00,#1730,argentina_champion_yes,0.093965
2026-07-07T17:23:03.546217+00:00,#1731,argentina_champion_no,0.906035
2026-07-07T17:23:03.546217+00:00,#1870,egypt_champion_yes,0.009
2026-07-07T17:23:03.546217+00:00,#1871,egypt_champion_no,0.991
2026-07-07T17:23:05.468851+00:00,#7510,Argentina,0.266775
2026-07-07T17:23:05.468851+00:00,#7511,Egypt,0.733225
2026-07-07T17:23:05.468851+00:00,#1730,argentina_champion_yes,0.044615
2026-07-07T17:23:05.468851+00:00,#1731,argentina_champion_no,0.955385
2026-07-07T17:23:05.468851+00:00,#1870,egypt_champion_yes,0.0086
2026-07-07T17:23:05.468851+00:00,#1871,egypt_champion_no,0.9914
2026-07-07T17:23:09.448133+00:00,#7510,Argentina,0.315425
2026-07-07T17:23:09.448133+00:00,#7511,Egypt,0.684575
2026-07-07T17:23:09.448133+00:00,#1730,argentina_champion_yes,0.0405
2026-07-07T17:23:09.448133+00:00,#1731,argentina_champion_no,0.9595
2026-07-07T17:23:09.448133+00:00,#1870,egypt_champion_yes,0.0086
2026-07-07T17:23:09.448133+00:00,#1871,egypt_champion_no,0.9914
2026-07-07T17:23:14.667626+00:00,#7510,Argentina,0.31582
2026-07-07T17:23:14.667626+00:00,#7511,Egypt,0.68418
2026-07-07T17:23:14.667626+00:00,#1730,argentina_champion_yes,0.0405
2026-07-07T17:23:14.667626+00:00,#1731,argentina_champion_no,0.9595
2026-07-07T17:23:14.667626+00:00,#1870,egypt_champion_yes,0.0086
2026-07-07T17:23:14.667626+00:00,#1871,egypt_champion_no,0.9914
2026-07-07T17:23:19.527587+00:00,#7510,Argentina,0.281305
2026-07-07T17:23:19.527587+00:00,#7511,Egypt,0.718695
2026-07-07T17:23:19.527587+00:00,#1730,argentina_champion_yes,0.0405
2026-07-07T17:23:19.527587+00:00,#1731,argentina_champion_no,0.9595
2026-07-07T17:23:19.527587+00:00,#1870,egypt_champion_yes,0.0086
2026-07-07T17:23:19.527587+00:00,#1871,egypt_champion_no,0.9914
2026-07-07T17:23:20.468628+00:00,#7510,Argentina,0.28623
2026-07-07T17:23:20.468628+00:00,#7511,Egypt,0.71377
2026-07-07T17:23:20.468628+00:00,#1730,argentina_champion_yes,0.04055
2026-07-07T17:23:20.468628+00:00,#1731,argentina_champion_no,0.95945
2026-07-07T17:23:20.468628+00:00,#1870,egypt_champion_yes,0.0086
2026-07-07T17:23:20.468628+00:00,#1871,egypt_champion_no,0.9914
2026-07-07T17:23:24.582751+00:00,#7510,Argentina,0.28947
2026-07-07T17:23:24.582751+00:00,#7511,Egypt,0.71053
2026-07-07T17:23:24.582751+00:00,#1730,argentina_champion_yes,0.0359
2026-07-07T17:23:24.582751+00:00,#1731,argentina_champion_no,0.9641
2026-07-07T17:23:24.582751+00:00,#1870,egypt_champion_yes,0.0086
2026-07-07T17:23:24.582751+00:00,#1871,egypt_champion_no,0.9914
2026-07-07T17:23:30.207739+00:00,#7510,Argentina,0.328145
2026-07-07T17:23:30.207739+00:00,#7511,Egypt,0.671855
2026-07-07T17:23:30.207739+00:00,#1730,argentina_champion_yes,0.0358
2026-07-07T17:23:30.207739+00:00,#1731,argentina_champion_no,0.9642
2026-07-07T17:23:30.207739+00:00,#1870,egypt_champion_yes,0.0086
2026-07-07T17:23:30.207739+00:00,#1871,egypt_champion_no,0.9914
2026-07-07T17:23:34.678920+00:00,#7510,Argentina,0.333205
2026-07-07T17:23:34.678920+00:00,#7511,Egypt,0.666795
2026-07-07T17:23:34.678920+00:00,#1730,argentina_champion_yes,0.034225
2026-07-07T17:23:34.678920+00:00,#1731,argentina_champion_no,0.965775
2026-07-07T17:23:34.678920+00:00,#1870,egypt_champion_yes,0.009
2026-07-07T17:23:34.678920+00:00,#1871,egypt_champion_no,0.991
2026-07-07T17:23:37.583364+00:00,#7510,Argentina,0.33827
2026-07-07T17:23:37.583364+00:00,#7511,Egypt,0.66173
2026-07-07T17:23:37.583364+00:00,#1730,argentina_champion_yes,0.033895
2026-07-07T17:23:37.583364+00:00,#1731,argentina_champion_no,0.966105
2026-07-07T17:23:37.583364+00:00,#1870,egypt_champion_yes,0.009
2026-07-07T17:23:37.583364+00:00,#1871,egypt_champion_no,0.991
2026-07-07T17:23:39.744900+00:00,#7510,Argentina,0.34221
2026-07-07T17:23:39.744900+00:00,#7511,Egypt,0.65779
2026-07-07T17:23:39.744900+00:00,#1730,argentina_champion_yes,0.034525
2026-07-07T17:23:39.744900+00:00,#1731,argentina_champion_no,0.965475
2026-07-07T17:23:39.744900+00:00,#1870,egypt_champion_yes,0.009
2026-07-07T17:23:39.744900+00:00,#1871,egypt_champion_no,0.991
2026-07-07T17:23:45.011036+00:00,#7510,Argentina,0.492025
2026-07-07T17:23:45.011036+00:00,#7511,Egypt,0.507975
2026-07-07T17:23:45.011036+00:00,#1730,argentina_champion_yes,0.03723
2026-07-07T17:23:45.011036+00:00,#1731,argentina_champion_no,0.96277
2026-07-07T17:23:45.011036+00:00,#1870,egypt_champion_yes,0.009
2026-07-07T17:23:45.011036+00:00,#1871,egypt_champion_no,0.991
2026-07-07T17:23:50.066393+00:00,#7510,Argentina,0.5119
2026-07-07T17:23:50.066393+00:00,#7511,Egypt,0.4881
2026-07-07T17:23:50.066393+00:00,#1730,argentina_champion_yes,0.09199
2026-07-07T17:23:50.066393+00:00,#1731,argentina_champion_no,0.90801
2026-07-07T17:23:50.066393+00:00,#1870,egypt_champion_yes,0.009
2026-07-07T17:23:50.066393+00:00,#1871,egypt_champion_no,0.991
2026-07-07T17:23:54.473280+00:00,#7510,Argentina,0.520185
2026-07-07T17:23:54.473280+00:00,#7511,Egypt,0.479815
2026-07-07T17:23:54.473280+00:00,#1730,argentina_champion_yes,0.09199
2026-07-07T17:23:54.473280+00:00,#1731,argentina_champion_no,0.90801
2026-07-07T17:23:54.473280+00:00,#1870,egypt_champion_yes,0.009
2026-07-07T17:23:54.473280+00:00,#1871,egypt_champion_no,0.991
2026-07-07T17:23:56.733458+00:00,#7510,Argentina,0.49505
2026-07-07T17:23:56.733458+00:00,#7511,Egypt,0.50495
2026-07-07T17:23:56.733458+00:00,#1730,argentina_champion_yes,0.09199
2026-07-07T17:23:56.733458+00:00,#1731,argentina_champion_no,0.90801
2026-07-07T17:23:56.733458+00:00,#1870,egypt_champion_yes,0.009
2026-07-07T17:23:56.733458+00:00,#1871,egypt_champion_no,0.991
2026-07-07T17:24:00.387901+00:00,#7510,Argentina,0.53652
2026-07-07T17:24:00.387901+00:00,#7511,Egypt,0.46348
2026-07-07T17:24:00.387901+00:00,#1730,argentina_champion_yes,0.09234
2026-07-07T17:24:00.387901+00:00,#1731,argentina_champion_no,0.90766
2026-07-07T17:24:00.387901+00:00,#1870,egypt_champion_yes,0.009
2026-07-07T17:24:00.387901+00:00,#1871,egypt_champion_no,0.991
2026-07-07T17:24:05.212773+00:00,#7510,Argentina,0.537725
2026-07-07T17:24:05.212773+00:00,#7511,Egypt,0.462275
2026-07-07T17:24:05.212773+00:00,#1730,argentina_champion_yes,0.09236
2026-07-07T17:24:05.212773+00:00,#1731,argentina_champion_no,0.90764
2026-07-07T17:24:05.212773+00:00,#1870,egypt_champion_yes,0.009
2026-07-07T17:24:05.212773+00:00,#1871,egypt_champion_no,0.991
2026-07-07T17:24:10.052814+00:00,#7510,Argentina,0.53773
2026-07-07T17:24:10.052814+00:00,#7511,Egypt,0.46227
2026-07-07T17:24:10.052814+00:00,#1730,argentina_champion_yes,0.09276
2026-07-07T17:24:10.052814+00:00,#1731,argentina_champion_no,0.90724
2026-07-07T17:24:10.052814+00:00,#1870,egypt_champion_yes,0.009
2026-07-07T17:24:10.052814+00:00,#1871,egypt_champion_no,0.991
2026-07-07T17:24:11.734068+00:00,#7510,Argentina,0.53773
2026-07-07T17:24:11.734068+00:00,#7511,Egypt,0.46227
2026-07-07T17:24:11.734068+00:00,#1730,argentina_champion_yes,0.09286
2026-07-07T17:24:11.734068+00:00,#1731,argentina_champion_no,0.90714
2026-07-07T17:24:11.734068+00:00,#1870,egypt_champion_yes,0.009
2026-07-07T17:24:11.734068+00:00,#1871,egypt_champion_no,0.991
2026-07-07T17:24:15.195017+00:00,#7510,Argentina,0.52479
2026-07-07T17:24:15.195017+00:00,#7511,Egypt,0.47521
2026-07-07T17:24:15.195017+00:00,#1730,argentina_champion_yes,0.09321
2026-07-07T17:24:15.195017+00:00,#1731,argentina_champion_no,0.90679
2026-07-07T17:24:15.195017+00:00,#1870,egypt_champion_yes,0.009
2026-07-07T17:24:15.195017+00:00,#1871,egypt_champion_no,0.991
2026-07-07T17:24:20.026656+00:00,#7510,Argentina,0.50309
2026-07-07T17:24:20.026656+00:00,#7511,Egypt,0.49691
2026-07-07T17:24:20.026656+00:00,#1730,argentina_champion_yes,0.095115
2026-07-07T17:24:20.026656+00:00,#1731,argentina_champion_no,0.904885
2026-07-07T17:24:20.026656+00:00,#1870,egypt_champion_yes,0.009
2026-07-07T17:24:20.026656+00:00,#1871,egypt_champion_no,0.991
2026-07-07T17:24:25.310223+00:00,#7510,Argentina,0.524575
2026-07-07T17:24:25.310223+00:00,#7511,Egypt,0.475425
2026-07-07T17:24:25.310223+00:00,#1730,argentina_champion_yes,0.095465
2026-07-07T17:24:25.310223+00:00,#1731,argentina_champion_no,0.904535
2026-07-07T17:24:25.310223+00:00,#1870,egypt_champion_yes,0.009
2026-07-07T17:24:25.310223+00:00,#1871,egypt_champion_no,0.991
2026-07-07T17:24:30.551243+00:00,#7510,Argentina,0.530425
2026-07-07T17:24:30.551243+00:00,#7511,Egypt,0.469575
2026-07-07T17:24:30.551243+00:00,#1730,argentina_champion_yes,0.095015
2026-07-07T17:24:30.551243+00:00,#1731,argentina_champion_no,0.904985
2026-07-07T17:24:30.551243+00:00,#1870,egypt_champion_yes,0.009
2026-07-07T17:24:30.551243+00:00,#1871,egypt_champion_no,0.991
2026-07-07T17:24:30.552113+00:00,#7510,Argentina,0.524575
2026-07-07T17:24:30.552113+00:00,#7511,Egypt,0.475425
2026-07-07T17:24:30.552113+00:00,#1730,argentina_champion_yes,0.095015
2026-07-07T17:24:30.552113+00:00,#1731,argentina_champion_no,0.904985
2026-07-07T17:24:30.552113+00:00,#1870,egypt_champion_yes,0.009
2026-07-07T17:24:30.552113+00:00,#1871,egypt_champion_no,0.991
2026-07-07T17:24:35.185361+00:00,#7510,Argentina,0.5086
2026-07-07T17:24:35.185361+00:00,#7511,Egypt,0.4914
2026-07-07T17:24:35.185361+00:00,#1730,argentina_champion_yes,0.095215
2026-07-07T17:24:35.185361+00:00,#1731,argentina_champion_no,0.904785
2026-07-07T17:24:35.185361+00:00,#1870,egypt_champion_yes,0.009
2026-07-07T17:24:35.185361+00:00,#1871,egypt_champion_no,0.991
2026-07-07T17:24:40.251520+00:00,#7510,Argentina,0.53245
2026-07-07T17:24:40.251520+00:00,#7511,Egypt,0.46755
2026-07-07T17:24:40.251520+00:00,#1730,argentina_champion_yes,0.095665
2026-07-07T17:24:40.251520+00:00,#1731,argentina_champion_no,0.904335
2026-07-07T17:24:40.251520+00:00,#1870,egypt_champion_yes,0.009
2026-07-07T17:24:40.251520+00:00,#1871,egypt_champion_no,0.991
2026-07-07T17:24:45.392982+00:00,#7510,Argentina,0.53499
2026-07-07T17:24:45.392982+00:00,#7511,Egypt,0.46501
2026-07-07T17:24:45.392982+00:00,#1730,argentina_champion_yes,0.08507
2026-07-07T17:24:45.392982+00:00,#1731,argentina_champion_no,0.91493
2026-07-07T17:24:45.392982+00:00,#1870,egypt_champion_yes,0.009
2026-07-07T17:24:45.392982+00:00,#1871,egypt_champion_no,0.991
2026-07-07T17:24:47.593561+00:00,#7510,Argentina,0.53499
2026-07-07T17:24:47.593561+00:00,#7511,Egypt,0.46501
2026-07-07T17:24:47.593561+00:00,#1730,argentina_champion_yes,0.08507
2026-07-07T17:24:47.593561+00:00,#1731,argentina_champion_no,0.91493
2026-07-07T17:24:47.593561+00:00,#1870,egypt_champion_yes,0.009
2026-07-07T17:24:47.593561+00:00,#1871,egypt_champion_no,0.991
2026-07-07T17:24:50.274818+00:00,#7510,Argentina,0.54245
2026-07-07T17:24:50.274818+00:00,#7511,Egypt,0.45755
2026-07-07T17:24:50.274818+00:00,#1730,argentina_champion_yes,0.08507
2026-07-07T17:24:50.274818+00:00,#1731,argentina_champion_no,0.91493
2026-07-07T17:24:50.274818+00:00,#1870,egypt_champion_yes,0.009
2026-07-07T17:24:50.274818+00:00,#1871,egypt_champion_no,0.991
2026-07-07T17:24:55.351226+00:00,#7510,Argentina,0.557505
2026-07-07T17:24:55.351226+00:00,#7511,Egypt,0.442495
2026-07-07T17:24:55.351226+00:00,#1730,argentina_champion_yes,0.08502
2026-07-07T17:24:55.351226+00:00,#1731,argentina_champion_no,0.91498
2026-07-07T17:24:55.351226+00:00,#1870,egypt_champion_yes,0.009
2026-07-07T17:24:55.351226+00:00,#1871,egypt_champion_no,0.991
2026-07-07T17:25:00.764602+00:00,#7510,Argentina,0.56056
2026-07-07T17:25:00.764602+00:00,#7511,Egypt,0.43944
2026-07-07T17:25:00.764602+00:00,#1730,argentina_champion_yes,0.08517
2026-07-07T17:25:00.764602+00:00,#1731,argentina_champion_no,0.91483
2026-07-07T17:25:00.764602+00:00,#1870,egypt_champion_yes,0.009
2026-07-07T17:25:00.764602+00:00,#1871,egypt_champion_no,0.991
2026-07-07T17:25:04.350023+00:00,#7510,Argentina,0.56056
2026-07-07T17:25:04.350023+00:00,#7511,Egypt,0.43944
2026-07-07T17:25:04.350023+00:00,#1730,argentina_champion_yes,0.08517
2026-07-07T17:25:04.350023+00:00,#1731,argentina_champion_no,0.91483
2026-07-07T17:25:04.350023+00:00,#1870,egypt_champion_yes,0.009
2026-07-07T17:25:04.350023+00:00,#1871,egypt_champion_no,0.991
2026-07-07T17:25:06.517123+00:00,#7510,Argentina,0.56836
2026-07-07T17:25:06.517123+00:00,#7511,Egypt,0.43164
2026-07-07T17:25:06.517123+00:00,#1730,argentina_champion_yes,0.098515
2026-07-07T17:25:06.517123+00:00,#1731,argentina_champion_no,0.901485
2026-07-07T17:25:06.517123+00:00,#1870,egypt_champion_yes,0.009
2026-07-07T17:25:06.517123+00:00,#1871,egypt_champion_no,0.991
2026-07-07T17:25:10.649943+00:00,#7510,Argentina,0.56836
2026-07-07T17:25:10.649943+00:00,#7511,Egypt,0.43164
2026-07-07T17:25:10.649943+00:00,#1730,argentina_champion_yes,0.097915
2026-07-07T17:25:10.649943+00:00,#1731,argentina_champion_no,0.902085
2026-07-07T17:25:10.649943+00:00,#1870,egypt_champion_yes,0.009
2026-07-07T17:25:10.649943+00:00,#1871,egypt_champion_no,0.991
2026-07-07T17:25:15.939363+00:00,#7510,Argentina,0.54702
2026-07-07T17:25:15.939363+00:00,#7511,Egypt,0.45298
2026-07-07T17:25:15.939363+00:00,#1730,argentina_champion_yes,0.097765
2026-07-07T17:25:15.939363+00:00,#1731,argentina_champion_no,0.902235
2026-07-07T17:25:15.939363+00:00,#1870,egypt_champion_yes,0.009
2026-07-07T17:25:15.939363+00:00,#1871,egypt_champion_no,0.991
2026-07-07T17:25:20.482547+00:00,#7510,Argentina,0.546915
2026-07-07T17:25:20.482547+00:00,#7511,Egypt,0.453085
2026-07-07T17:25:20.482547+00:00,#1730,argentina_champion_yes,0.097715
2026-07-07T17:25:20.482547+00:00,#1731,argentina_champion_no,0.902285
2026-07-07T17:25:20.482547+00:00,#1870,egypt_champion_yes,0.0065
2026-07-07T17:25:20.482547+00:00,#1871,egypt_champion_no,0.9935
2026-07-07T17:25:21.517063+00:00,#7510,Argentina,0.54691
2026-07-07T17:25:21.517063+00:00,#7511,Egypt,0.45309
2026-07-07T17:25:21.517063+00:00,#1730,argentina_champion_yes,0.097715
2026-07-07T17:25:21.517063+00:00,#1731,argentina_champion_no,0.902285
2026-07-07T17:25:21.517063+00:00,#1870,egypt_champion_yes,0.0065
2026-07-07T17:25:21.517063+00:00,#1871,egypt_champion_no,0.9935
2026-07-07T17:25:25.544377+00:00,#7510,Argentina,0.536385
2026-07-07T17:25:25.544377+00:00,#7511,Egypt,0.463615
2026-07-07T17:25:25.544377+00:00,#1730,argentina_champion_yes,0.085
2026-07-07T17:25:25.544377+00:00,#1731,argentina_champion_no,0.915
2026-07-07T17:25:25.544377+00:00,#1870,egypt_champion_yes,0.0055
2026-07-07T17:25:25.544377+00:00,#1871,egypt_champion_no,0.9945
2026-07-07T17:25:32.843820+00:00,#7510,Argentina,0.536965
2026-07-07T17:25:32.843820+00:00,#7511,Egypt,0.463035
2026-07-07T17:25:32.843820+00:00,#1730,argentina_champion_yes,0.07399
2026-07-07T17:25:32.843820+00:00,#1731,argentina_champion_no,0.92601
2026-07-07T17:25:32.843820+00:00,#1870,egypt_champion_yes,0.0055
2026-07-07T17:25:32.843820+00:00,#1871,egypt_champion_no,0.9945
2026-07-07T17:25:35.539779+00:00,#7510,Argentina,0.546925
2026-07-07T17:25:35.539779+00:00,#7511,Egypt,0.453075
2026-07-07T17:25:35.539779+00:00,#1730,argentina_champion_yes,0.07399
2026-07-07T17:25:35.539779+00:00,#1731,argentina_champion_no,0.92601
2026-07-07T17:25:35.539779+00:00,#1870,egypt_champion_yes,0.0055
2026-07-07T17:25:35.539779+00:00,#1871,egypt_champion_no,0.9945
2026-07-07T17:25:39.173646+00:00,#7510,Argentina,0.546925
2026-07-07T17:25:39.173646+00:00,#7511,Egypt,0.453075
2026-07-07T17:25:39.173646+00:00,#1730,argentina_champion_yes,0.07399
2026-07-07T17:25:39.173646+00:00,#1731,argentina_champion_no,0.92601
2026-07-07T17:25:39.173646+00:00,#1870,egypt_champion_yes,0.0055
2026-07-07T17:25:39.173646+00:00,#1871,egypt_champion_no,0.9945
2026-07-07T17:25:41.129048+00:00,#7510,Argentina,0.550355
2026-07-07T17:25:41.129048+00:00,#7511,Egypt,0.449645
2026-07-07T17:25:41.129048+00:00,#1730,argentina_champion_yes,0.07399
2026-07-07T17:25:41.129048+00:00,#1731,argentina_champion_no,0.92601
2026-07-07T17:25:41.129048+00:00,#1870,egypt_champion_yes,0.0055
2026-07-07T17:25:41.129048+00:00,#1871,egypt_champion_no,0.9945
2026-07-07T17:25:45.615426+00:00,#7510,Argentina,0.541895
2026-07-07T17:25:45.615426+00:00,#7511,Egypt,0.458105
2026-07-07T17:25:45.615426+00:00,#1730,argentina_champion_yes,0.07399
2026-07-07T17:25:45.615426+00:00,#1731,argentina_champion_no,0.92601
2026-07-07T17:25:45.615426+00:00,#1870,egypt_champion_yes,0.0055
2026-07-07T17:25:45.615426+00:00,#1871,egypt_champion_no,0.9945
2026-07-07T17:25:50.618886+00:00,#7510,Argentina,0.5419
2026-07-07T17:25:50.618886+00:00,#7511,Egypt,0.4581
2026-07-07T17:25:50.618886+00:00,#1730,argentina_champion_yes,0.07399
2026-07-07T17:25:50.618886+00:00,#1731,argentina_champion_no,0.92601
2026-07-07T17:25:50.618886+00:00,#1870,egypt_champion_yes,0.0055
2026-07-07T17:25:50.618886+00:00,#1871,egypt_champion_no,0.9945
2026-07-07T17:25:55.773677+00:00,#7510,Argentina,0.544945
2026-07-07T17:25:55.773677+00:00,#7511,Egypt,0.455055
2026-07-07T17:25:55.773677+00:00,#1730,argentina_champion_yes,0.07399
2026-07-07T17:25:55.773677+00:00,#1731,argentina_champion_no,0.92601
2026-07-07T17:25:55.773677+00:00,#1870,egypt_champion_yes,0.0055
2026-07-07T17:25:55.773677+00:00,#1871,egypt_champion_no,0.9945
2026-07-07T17:25:56.128236+00:00,#7510,Argentina,0.5419
2026-07-07T17:25:56.128236+00:00,#7511,Egypt,0.4581
2026-07-07T17:25:56.128236+00:00,#1730,argentina_champion_yes,0.07399
2026-07-07T17:25:56.128236+00:00,#1731,argentina_champion_no,0.92601
2026-07-07T17:25:56.128236+00:00,#1870,egypt_champion_yes,0.0055
2026-07-07T17:25:56.128236+00:00,#1871,egypt_champion_no,0.9945
2026-07-07T17:26:01.160723+00:00,#7510,Argentina,0.544945
2026-07-07T17:26:01.160723+00:00,#7511,Egypt,0.455055
2026-07-07T17:26:01.160723+00:00,#1730,argentina_champion_yes,0.07606
2026-07-07T17:26:01.160723+00:00,#1731,argentina_champion_no,0.92394
2026-07-07T17:26:01.160723+00:00,#1870,egypt_champion_yes,0.0055
2026-07-07T17:26:01.160723+00:00,#1871,egypt_champion_no,0.9945
2026-07-07T17:26:06.032122+00:00,#7510,Argentina,0.544945
2026-07-07T17:26:06.032122+00:00,#7511,Egypt,0.455055
2026-07-07T17:26:06.032122+00:00,#1730,argentina_champion_yes,0.07606
2026-07-07T17:26:06.032122+00:00,#1731,argentina_champion_no,0.92394
2026-07-07T17:26:06.032122+00:00,#1870,egypt_champion_yes,0.0055
2026-07-07T17:26:06.032122+00:00,#1871,egypt_champion_no,0.9945
2026-07-07T17:26:10.997219+00:00,#7510,Argentina,0.54493
2026-07-07T17:26:10.997219+00:00,#7511,Egypt,0.45507
2026-07-07T17:26:10.997219+00:00,#1730,argentina_champion_yes,0.07606
2026-07-07T17:26:10.997219+00:00,#1731,argentina_champion_no,0.92394
2026-07-07T17:26:10.997219+00:00,#1870,egypt_champion_yes,0.0055
2026-07-07T17:26:10.997219+00:00,#1871,egypt_champion_no,0.9945
2026-07-07T17:26:13.015539+00:00,#7510,Argentina,0.544935
2026-07-07T17:26:13.015539+00:00,#7511,Egypt,0.455065
2026-07-07T17:26:13.015539+00:00,#1730,argentina_champion_yes,0.07606
2026-07-07T17:26:13.015539+00:00,#1731,argentina_champion_no,0.92394
2026-07-07T17:26:13.015539+00:00,#1870,egypt_champion_yes,0.0055
2026-07-07T17:26:13.015539+00:00,#1871,egypt_champion_no,0.9945
2026-07-07T17:26:16.245548+00:00,#7510,Argentina,0.54493
2026-07-07T17:26:16.245548+00:00,#7511,Egypt,0.45507
2026-07-07T17:26:16.245548+00:00,#1730,argentina_champion_yes,0.07606
2026-07-07T17:26:16.245548+00:00,#1731,argentina_champion_no,0.92394
2026-07-07T17:26:16.245548+00:00,#1870,egypt_champion_yes,0.0055
2026-07-07T17:26:16.245548+00:00,#1871,egypt_champion_no,0.9945
2026-07-07T17:26:20.788258+00:00,#7510,Argentina,0.561225
2026-07-07T17:26:20.788258+00:00,#7511,Egypt,0.438775
2026-07-07T17:26:20.788258+00:00,#1730,argentina_champion_yes,0.075805
2026-07-07T17:26:20.788258+00:00,#1731,argentina_champion_no,0.924195
2026-07-07T17:26:20.788258+00:00,#1870,egypt_champion_yes,0.0055
2026-07-07T17:26:20.788258+00:00,#1871,egypt_champion_no,0.9945
2026-07-07T17:26:25.930213+00:00,#7510,Argentina,0.55628
2026-07-07T17:26:25.930213+00:00,#7511,Egypt,0.44372
2026-07-07T17:26:25.930213+00:00,#1730,argentina_champion_yes,0.0757
2026-07-07T17:26:25.930213+00:00,#1731,argentina_champion_no,0.9243
2026-07-07T17:26:25.930213+00:00,#1870,egypt_champion_yes,0.0055
2026-07-07T17:26:25.930213+00:00,#1871,egypt_champion_no,0.9945
2026-07-07T17:26:29.982184+00:00,#7510,Argentina,0.55423
2026-07-07T17:26:29.982184+00:00,#7511,Egypt,0.44577
2026-07-07T17:26:29.982184+00:00,#1730,argentina_champion_yes,0.0757
2026-07-07T17:26:29.982184+00:00,#1731,argentina_champion_no,0.9243
2026-07-07T17:26:29.982184+00:00,#1870,egypt_champion_yes,0.0055
2026-07-07T17:26:29.982184+00:00,#1871,egypt_champion_no,0.9945
2026-07-07T17:26:32.308580+00:00,#7510,Argentina,0.55623
2026-07-07T17:26:32.308580+00:00,#7511,Egypt,0.44377
2026-07-07T17:26:32.308580+00:00,#1730,argentina_champion_yes,0.0757
2026-07-07T17:26:32.308580+00:00,#1731,argentina_champion_no,0.9243
2026-07-07T17:26:32.308580+00:00,#1870,egypt_champion_yes,0.0055
2026-07-07T17:26:32.308580+00:00,#1871,egypt_champion_no,0.9945
2026-07-07T17:26:35.869281+00:00,#7510,Argentina,0.55773
2026-07-07T17:26:35.869281+00:00,#7511,Egypt,0.44227
2026-07-07T17:26:35.869281+00:00,#1730,argentina_champion_yes,0.0757
2026-07-07T17:26:35.869281+00:00,#1731,argentina_champion_no,0.9243
2026-07-07T17:26:35.869281+00:00,#1870,egypt_champion_yes,0.0055
2026-07-07T17:26:35.869281+00:00,#1871,egypt_champion_no,0.9945
2026-07-07T17:26:41.031186+00:00,#7510,Argentina,0.54555
2026-07-07T17:26:41.031186+00:00,#7511,Egypt,0.45445
2026-07-07T17:26:41.031186+00:00,#1730,argentina_champion_yes,0.07481
2026-07-07T17:26:41.031186+00:00,#1731,argentina_champion_no,0.92519
2026-07-07T17:26:41.031186+00:00,#1870,egypt_champion_yes,0.0055
2026-07-07T17:26:41.031186+00:00,#1871,egypt_champion_no,0.9945
2026-07-07T17:26:46.519324+00:00,#7510,Argentina,0.54555
2026-07-07T17:26:46.519324+00:00,#7511,Egypt,0.45445
2026-07-07T17:26:46.519324+00:00,#1730,argentina_champion_yes,0.07431
2026-07-07T17:26:46.519324+00:00,#1731,argentina_champion_no,0.92569
2026-07-07T17:26:46.519324+00:00,#1870,egypt_champion_yes,0.0055
2026-07-07T17:26:46.519324+00:00,#1871,egypt_champion_no,0.9945
2026-07-07T17:26:47.308871+00:00,#7510,Argentina,0.54555
2026-07-07T17:26:47.308871+00:00,#7511,Egypt,0.45445
2026-07-07T17:26:47.308871+00:00,#1730,argentina_champion_yes,0.07431
2026-07-07T17:26:47.308871+00:00,#1731,argentina_champion_no,0.92569
2026-07-07T17:26:47.308871+00:00,#1870,egypt_champion_yes,0.0055
2026-07-07T17:26:47.308871+00:00,#1871,egypt_champion_no,0.9945
2026-07-07T17:26:51.114894+00:00,#7510,Argentina,0.5354
2026-07-07T17:26:51.114894+00:00,#7511,Egypt,0.4646
2026-07-07T17:26:51.114894+00:00,#1730,argentina_champion_yes,0.07386
2026-07-07T17:26:51.114894+00:00,#1731,argentina_champion_no,0.92614
2026-07-07T17:26:51.114894+00:00,#1870,egypt_champion_yes,0.0055
2026-07-07T17:26:51.114894+00:00,#1871,egypt_champion_no,0.9945
2026-07-07T17:26:56.396433+00:00,#7510,Argentina,0.5355
2026-07-07T17:26:56.396433+00:00,#7511,Egypt,0.4645
2026-07-07T17:26:56.396433+00:00,#1730,argentina_champion_yes,0.07331
2026-07-07T17:26:56.396433+00:00,#1731,argentina_champion_no,0.92669
2026-07-07T17:26:56.396433+00:00,#1870,egypt_champion_yes,0.0055
2026-07-07T17:26:56.396433+00:00,#1871,egypt_champion_no,0.9945
2026-07-07T17:27:01.598294+00:00,#7510,Argentina,0.520995
2026-07-07T17:27:01.598294+00:00,#7511,Egypt,0.479005
2026-07-07T17:27:01.598294+00:00,#1730,argentina_champion_yes,0.0726
2026-07-07T17:27:01.598294+00:00,#1731,argentina_champion_no,0.9274
2026-07-07T17:27:01.598294+00:00,#1870,egypt_champion_yes,0.0055
2026-07-07T17:27:01.598294+00:00,#1871,egypt_champion_no,0.9945
2026-07-07T17:27:04.274617+00:00,#7510,Argentina,0.520995
2026-07-07T17:27:04.274617+00:00,#7511,Egypt,0.479005
2026-07-07T17:27:04.274617+00:00,#1730,argentina_champion_yes,0.0726
2026-07-07T17:27:04.274617+00:00,#1731,argentina_champion_no,0.9274
2026-07-07T17:27:04.274617+00:00,#1870,egypt_champion_yes,0.0055
2026-07-07T17:27:04.274617+00:00,#1871,egypt_champion_no,0.9945
2026-07-07T17:27:06.266578+00:00,#7510,Argentina,0.525005
2026-07-07T17:27:06.266578+00:00,#7511,Egypt,0.474995
2026-07-07T17:27:06.266578+00:00,#1730,argentina_champion_yes,0.0722
2026-07-07T17:27:06.266578+00:00,#1731,argentina_champion_no,0.9278
2026-07-07T17:27:06.266578+00:00,#1870,egypt_champion_yes,0.0055
2026-07-07T17:27:06.266578+00:00,#1871,egypt_champion_no,0.9945
2026-07-07T17:27:11.347115+00:00,#7510,Argentina,0.5255
2026-07-07T17:27:11.347115+00:00,#7511,Egypt,0.4745
2026-07-07T17:27:11.347115+00:00,#1730,argentina_champion_yes,0.0704
2026-07-07T17:27:11.347115+00:00,#1731,argentina_champion_no,0.9296
2026-07-07T17:27:11.347115+00:00,#1870,egypt_champion_yes,0.0055
2026-07-07T17:27:11.347115+00:00,#1871,egypt_champion_no,0.9945
2026-07-07T17:27:16.509391+00:00,#7510,Argentina,0.530005
2026-07-07T17:27:16.509391+00:00,#7511,Egypt,0.469995
2026-07-07T17:27:16.509391+00:00,#1730,argentina_champion_yes,0.06995
2026-07-07T17:27:16.509391+00:00,#1731,argentina_champion_no,0.93005
2026-07-07T17:27:16.509391+00:00,#1870,egypt_champion_yes,0.0065
2026-07-07T17:27:16.509391+00:00,#1871,egypt_champion_no,0.9935
2026-07-07T17:27:21.265987+00:00,#7510,Argentina,0.530005
2026-07-07T17:27:21.265987+00:00,#7511,Egypt,0.469995
2026-07-07T17:27:21.265987+00:00,#1730,argentina_champion_yes,0.06985
2026-07-07T17:27:21.265987+00:00,#1731,argentina_champion_no,0.93015
2026-07-07T17:27:21.265987+00:00,#1870,egypt_champion_yes,0.0065
2026-07-07T17:27:21.265987+00:00,#1871,egypt_champion_no,0.9935
2026-07-07T17:27:23.247994+00:00,#7510,Argentina,0.525455
2026-07-07T17:27:23.247994+00:00,#7511,Egypt,0.474545
2026-07-07T17:27:23.247994+00:00,#1730,argentina_champion_yes,0.06955
2026-07-07T17:27:23.247994+00:00,#1731,argentina_champion_no,0.93045
2026-07-07T17:27:23.247994+00:00,#1870,egypt_champion_yes,0.0065
2026-07-07T17:27:23.247994+00:00,#1871,egypt_champion_no,0.9935
2026-07-07T17:27:26.567532+00:00,#7510,Argentina,0.525455
2026-07-07T17:27:26.567532+00:00,#7511,Egypt,0.474545
2026-07-07T17:27:26.567532+00:00,#1730,argentina_champion_yes,0.0691
2026-07-07T17:27:26.567532+00:00,#1731,argentina_champion_no,0.9309
2026-07-07T17:27:26.567532+00:00,#1870,egypt_champion_yes,0.0065
2026-07-07T17:27:26.567532+00:00,#1871,egypt_champion_no,0.9935
2026-07-07T17:27:31.753404+00:00,#7510,Argentina,0.52226
2026-07-07T17:27:31.753404+00:00,#7511,Egypt,0.47774
2026-07-07T17:27:31.753404+00:00,#1730,argentina_champion_yes,0.068
2026-07-07T17:27:31.753404+00:00,#1731,argentina_champion_no,0.932
2026-07-07T17:27:31.753404+00:00,#1870,egypt_champion_yes,0.0065
2026-07-07T17:27:31.753404+00:00,#1871,egypt_champion_no,0.9935
2026-07-07T17:27:36.733277+00:00,#7510,Argentina,0.522255
2026-07-07T17:27:36.733277+00:00,#7511,Egypt,0.477745
2026-07-07T17:27:36.733277+00:00,#1730,argentina_champion_yes,0.068
2026-07-07T17:27:36.733277+00:00,#1731,argentina_champion_no,0.932
2026-07-07T17:27:36.733277+00:00,#1870,egypt_champion_yes,0.0065
2026-07-07T17:27:36.733277+00:00,#1871,egypt_champion_no,0.9935
2026-07-07T17:27:38.247616+00:00,#7510,Argentina,0.518505
2026-07-07T17:27:38.247616+00:00,#7511,Egypt,0.481495
2026-07-07T17:27:38.247616+00:00,#1730,argentina_champion_yes,0.068
2026-07-07T17:27:38.247616+00:00,#1731,argentina_champion_no,0.932
2026-07-07T17:27:38.247616+00:00,#1870,egypt_champion_yes,0.0065
2026-07-07T17:27:38.247616+00:00,#1871,egypt_champion_no,0.9935
2026-07-07T17:27:41.653510+00:00,#7510,Argentina,0.51005
2026-07-07T17:27:41.653510+00:00,#7511,Egypt,0.48995
2026-07-07T17:27:41.653510+00:00,#1730,argentina_champion_yes,0.068
2026-07-07T17:27:41.653510+00:00,#1731,argentina_champion_no,0.932
2026-07-07T17:27:41.653510+00:00,#1870,egypt_champion_yes,0.0065
2026-07-07T17:27:41.653510+00:00,#1871,egypt_champion_no,0.9935
2026-07-07T17:27:46.938143+00:00,#7510,Argentina,0.517095
2026-07-07T17:27:46.938143+00:00,#7511,Egypt,0.482905
2026-07-07T17:27:46.938143+00:00,#1730,argentina_champion_yes,0.068
2026-07-07T17:27:46.938143+00:00,#1731,argentina_champion_no,0.932
2026-07-07T17:27:46.938143+00:00,#1870,egypt_champion_yes,0.0065
2026-07-07T17:27:46.938143+00:00,#1871,egypt_champion_no,0.9935
2026-07-07T17:27:51.820649+00:00,#7510,Argentina,0.517155
2026-07-07T17:27:51.820649+00:00,#7511,Egypt,0.482845
2026-07-07T17:27:51.820649+00:00,#1730,argentina_champion_yes,0.068
2026-07-07T17:27:51.820649+00:00,#1731,argentina_champion_no,0.932
2026-07-07T17:27:51.820649+00:00,#1870,egypt_champion_yes,0.0065
2026-07-07T17:27:51.820649+00:00,#1871,egypt_champion_no,0.9935
2026-07-07T17:27:55.138702+00:00,#7510,Argentina,0.517155
2026-07-07T17:27:55.138702+00:00,#7511,Egypt,0.482845
2026-07-07T17:27:55.138702+00:00,#1730,argentina_champion_yes,0.068
2026-07-07T17:27:55.138702+00:00,#1731,argentina_champion_no,0.932
2026-07-07T17:27:55.138702+00:00,#1870,egypt_champion_yes,0.0065
2026-07-07T17:27:55.138702+00:00,#1871,egypt_champion_no,0.9935
2026-07-07T17:27:57.090787+00:00,#7510,Argentina,0.512005
2026-07-07T17:27:57.090787+00:00,#7511,Egypt,0.487995
2026-07-07T17:27:57.090787+00:00,#1730,argentina_champion_yes,0.068
2026-07-07T17:27:57.090787+00:00,#1731,argentina_champion_no,0.932
2026-07-07T17:27:57.090787+00:00,#1870,egypt_champion_yes,0.0065
2026-07-07T17:27:57.090787+00:00,#1871,egypt_champion_no,0.9935
2026-07-07T17:28:02.092124+00:00,#7510,Argentina,0.512005
2026-07-07T17:28:02.092124+00:00,#7511,Egypt,0.487995
2026-07-07T17:28:02.092124+00:00,#1730,argentina_champion_yes,0.068
2026-07-07T17:28:02.092124+00:00,#1731,argentina_champion_no,0.932
2026-07-07T17:28:02.092124+00:00,#1870,egypt_champion_yes,0.0065
2026-07-07T17:28:02.092124+00:00,#1871,egypt_champion_no,0.9935
2026-07-07T17:28:06.894920+00:00,#7510,Argentina,0.517945
2026-07-07T17:28:06.894920+00:00,#7511,Egypt,0.482055
2026-07-07T17:28:06.894920+00:00,#1730,argentina_champion_yes,0.06543
2026-07-07T17:28:06.894920+00:00,#1731,argentina_champion_no,0.93457
2026-07-07T17:28:06.894920+00:00,#1870,egypt_champion_yes,0.0065
2026-07-07T17:28:06.894920+00:00,#1871,egypt_champion_no,0.9935
2026-07-07T17:28:11.938271+00:00,#7510,Argentina,0.541
2026-07-07T17:28:11.938271+00:00,#7511,Egypt,0.459
2026-07-07T17:28:11.938271+00:00,#1730,argentina_champion_yes,0.065465
2026-07-07T17:28:11.938271+00:00,#1731,argentina_champion_no,0.934535
2026-07-07T17:28:11.938271+00:00,#1870,egypt_champion_yes,0.0065
2026-07-07T17:28:11.938271+00:00,#1871,egypt_champion_no,0.9935
2026-07-07T17:28:12.089783+00:00,#7510,Argentina,0.517945
2026-07-07T17:28:12.089783+00:00,#7511,Egypt,0.482055
2026-07-07T17:28:12.089783+00:00,#1730,argentina_champion_yes,0.06543
2026-07-07T17:28:12.089783+00:00,#1731,argentina_champion_no,0.93457
2026-07-07T17:28:12.089783+00:00,#1870,egypt_champion_yes,0.0065
2026-07-07T17:28:12.089783+00:00,#1871,egypt_champion_no,0.9935
2026-07-07T17:28:17.160998+00:00,#7510,Argentina,0.516
2026-07-07T17:28:17.160998+00:00,#7511,Egypt,0.484
2026-07-07T17:28:17.160998+00:00,#1730,argentina_champion_yes,0.065465
2026-07-07T17:28:17.160998+00:00,#1731,argentina_champion_no,0.934535
2026-07-07T17:28:17.160998+00:00,#1870,egypt_champion_yes,0.0065
2026-07-07T17:28:17.160998+00:00,#1871,egypt_champion_no,0.9935
2026-07-07T17:28:21.933164+00:00,#7510,Argentina,0.514
2026-07-07T17:28:21.933164+00:00,#7511,Egypt,0.486
2026-07-07T17:28:21.933164+00:00,#1730,argentina_champion_yes,0.064965
2026-07-07T17:28:21.933164+00:00,#1731,argentina_champion_no,0.935035
2026-07-07T17:28:21.933164+00:00,#1870,egypt_champion_yes,0.0065
2026-07-07T17:28:21.933164+00:00,#1871,egypt_champion_no,0.9935
2026-07-07T17:28:26.976535+00:00,#7510,Argentina,0.54478
2026-07-07T17:28:26.976535+00:00,#7511,Egypt,0.45522
2026-07-07T17:28:26.976535+00:00,#1730,argentina_champion_yes,0.064865
2026-07-07T17:28:26.976535+00:00,#1731,argentina_champion_no,0.935135
2026-07-07T17:28:26.976535+00:00,#1870,egypt_champion_yes,0.0065
2026-07-07T17:28:26.976535+00:00,#1871,egypt_champion_no,0.9935
2026-07-07T17:28:29.060845+00:00,#7510,Argentina,0.54478
2026-07-07T17:28:29.060845+00:00,#7511,Egypt,0.45522
2026-07-07T17:28:29.060845+00:00,#1730,argentina_champion_yes,0.0649
2026-07-07T17:28:29.060845+00:00,#1731,argentina_champion_no,0.9351
2026-07-07T17:28:29.060845+00:00,#1870,egypt_champion_yes,0.0065
2026-07-07T17:28:29.060845+00:00,#1871,egypt_champion_no,0.9935
2026-07-07T17:28:32.177533+00:00,#7510,Argentina,0.54478
2026-07-07T17:28:32.177533+00:00,#7511,Egypt,0.45522
2026-07-07T17:28:32.177533+00:00,#1730,argentina_champion_yes,0.06476
2026-07-07T17:28:32.177533+00:00,#1731,argentina_champion_no,0.93524
2026-07-07T17:28:32.177533+00:00,#1870,egypt_champion_yes,0.0065
2026-07-07T17:28:32.177533+00:00,#1871,egypt_champion_no,0.9935
2026-07-07T17:28:38.730621+00:00,#7510,Argentina,0.53617
2026-07-07T17:28:38.730621+00:00,#7511,Egypt,0.46383
2026-07-07T17:28:38.730621+00:00,#1730,argentina_champion_yes,0.06516
2026-07-07T17:28:38.730621+00:00,#1731,argentina_champion_no,0.93484
2026-07-07T17:28:38.730621+00:00,#1870,egypt_champion_yes,0.0065
2026-07-07T17:28:38.730621+00:00,#1871,egypt_champion_no,0.9935
2026-07-07T17:28:42.085689+00:00,#7510,Argentina,0.53617
2026-07-07T17:28:42.085689+00:00,#7511,Egypt,0.46383
2026-07-07T17:28:42.085689+00:00,#1730,argentina_champion_yes,0.06561
2026-07-07T17:28:42.085689+00:00,#1731,argentina_champion_no,0.93439
2026-07-07T17:28:42.085689+00:00,#1870,egypt_champion_yes,0.0065
2026-07-07T17:28:42.085689+00:00,#1871,egypt_champion_no,0.9935
2026-07-07T17:28:46.003530+00:00,#7510,Argentina,0.536175
2026-07-07T17:28:46.003530+00:00,#7511,Egypt,0.463825
2026-07-07T17:28:46.003530+00:00,#1730,argentina_champion_yes,0.06571
2026-07-07T17:28:46.003530+00:00,#1731,argentina_champion_no,0.93429
2026-07-07T17:28:46.003530+00:00,#1870,egypt_champion_yes,0.0065
2026-07-07T17:28:46.003530+00:00,#1871,egypt_champion_no,0.9935
2026-07-07T17:28:47.952961+00:00,#7510,Argentina,0.540175
2026-07-07T17:28:47.952961+00:00,#7511,Egypt,0.459825
2026-07-07T17:28:47.952961+00:00,#1730,argentina_champion_yes,0.06574
2026-07-07T17:28:47.952961+00:00,#1731,argentina_champion_no,0.93426
2026-07-07T17:28:47.952961+00:00,#1870,egypt_champion_yes,0.0065
2026-07-07T17:28:47.952961+00:00,#1871,egypt_champion_no,0.9935
2026-07-07T17:28:52.093153+00:00,#7510,Argentina,0.516
2026-07-07T17:28:52.093153+00:00,#7511,Egypt,0.484
2026-07-07T17:28:52.093153+00:00,#1730,argentina_champion_yes,0.065365
2026-07-07T17:28:52.093153+00:00,#1731,argentina_champion_no,0.934635
2026-07-07T17:28:52.093153+00:00,#1870,egypt_champion_yes,0.0065
2026-07-07T17:28:52.093153+00:00,#1871,egypt_champion_no,0.9935
2026-07-07T17:28:57.114395+00:00,#7510,Argentina,0.546355
2026-07-07T17:28:57.114395+00:00,#7511,Egypt,0.453645
2026-07-07T17:28:57.114395+00:00,#1730,argentina_champion_yes,0.105415
2026-07-07T17:28:57.114395+00:00,#1731,argentina_champion_no,0.894585
2026-07-07T17:28:57.114395+00:00,#1870,egypt_champion_yes,0.0065
2026-07-07T17:28:57.114395+00:00,#1871,egypt_champion_no,0.9935
2026-07-07T17:29:02.091630+00:00,#7510,Argentina,0.527845
2026-07-07T17:29:02.091630+00:00,#7511,Egypt,0.472155
2026-07-07T17:29:02.091630+00:00,#1730,argentina_champion_yes,0.105965
2026-07-07T17:29:02.091630+00:00,#1731,argentina_champion_no,0.894035
2026-07-07T17:29:02.091630+00:00,#1870,egypt_champion_yes,0.0065
2026-07-07T17:29:02.091630+00:00,#1871,egypt_champion_no,0.9935
2026-07-07T17:29:02.953383+00:00,#7510,Argentina,0.527845
2026-07-07T17:29:02.953383+00:00,#7511,Egypt,0.472155
2026-07-07T17:29:02.953383+00:00,#1730,argentina_champion_yes,0.105965
2026-07-07T17:29:02.953383+00:00,#1731,argentina_champion_no,0.894035
2026-07-07T17:29:02.953383+00:00,#1870,egypt_champion_yes,0.0065
2026-07-07T17:29:02.953383+00:00,#1871,egypt_champion_no,0.9935
2026-07-07T17:29:07.332480+00:00,#7510,Argentina,0.51904
2026-07-07T17:29:07.332480+00:00,#7511,Egypt,0.48096
2026-07-07T17:29:07.332480+00:00,#1730,argentina_champion_yes,0.104585
2026-07-07T17:29:07.332480+00:00,#1731,argentina_champion_no,0.895415
2026-07-07T17:29:07.332480+00:00,#1870,egypt_champion_yes,0.0065
2026-07-07T17:29:07.332480+00:00,#1871,egypt_champion_no,0.9935
2026-07-07T17:29:12.253425+00:00,#7510,Argentina,0.51904
2026-07-07T17:29:12.253425+00:00,#7511,Egypt,0.48096
2026-07-07T17:29:12.253425+00:00,#1730,argentina_champion_yes,0.104685
2026-07-07T17:29:12.253425+00:00,#1731,argentina_champion_no,0.895315
2026-07-07T17:29:12.253425+00:00,#1870,egypt_champion_yes,0.0065
2026-07-07T17:29:12.253425+00:00,#1871,egypt_champion_no,0.9935
2026-07-07T17:29:17.359837+00:00,#7510,Argentina,0.5195
2026-07-07T17:29:17.359837+00:00,#7511,Egypt,0.4805
2026-07-07T17:29:17.359837+00:00,#1730,argentina_champion_yes,0.105185
2026-07-07T17:29:17.359837+00:00,#1731,argentina_champion_no,0.894815
2026-07-07T17:29:17.359837+00:00,#1870,egypt_champion_yes,0.0065
2026-07-07T17:29:17.359837+00:00,#1871,egypt_champion_no,0.9935
2026-07-07T17:29:19.860601+00:00,#7510,Argentina,0.5195
2026-07-07T17:29:19.860601+00:00,#7511,Egypt,0.4805
2026-07-07T17:29:19.860601+00:00,#1730,argentina_champion_yes,0.10501
2026-07-07T17:29:19.860601+00:00,#1731,argentina_champion_no,0.89499
2026-07-07T17:29:19.860601+00:00,#1870,egypt_champion_yes,0.0065
2026-07-07T17:29:19.860601+00:00,#1871,egypt_champion_no,0.9935
2026-07-07T17:29:22.335687+00:00,#7510,Argentina,0.5195
2026-07-07T17:29:22.335687+00:00,#7511,Egypt,0.4805
2026-07-07T17:29:22.335687+00:00,#1730,argentina_champion_yes,0.08081
2026-07-07T17:29:22.335687+00:00,#1731,argentina_champion_no,0.91919
2026-07-07T17:29:22.335687+00:00,#1870,egypt_champion_yes,0.0065
2026-07-07T17:29:22.335687+00:00,#1871,egypt_champion_no,0.9935
2026-07-07T17:29:27.151709+00:00,#7510,Argentina,0.518665
2026-07-07T17:29:27.151709+00:00,#7511,Egypt,0.481335
2026-07-07T17:29:27.151709+00:00,#1730,argentina_champion_yes,0.08136
2026-07-07T17:29:27.151709+00:00,#1731,argentina_champion_no,0.91864
2026-07-07T17:29:27.151709+00:00,#1870,egypt_champion_yes,0.0065
2026-07-07T17:29:27.151709+00:00,#1871,egypt_champion_no,0.9935
2026-07-07T17:29:32.352488+00:00,#7510,Argentina,0.518765
2026-07-07T17:29:32.352488+00:00,#7511,Egypt,0.481235
2026-07-07T17:29:32.352488+00:00,#1730,argentina_champion_yes,0.08181
2026-07-07T17:29:32.352488+00:00,#1731,argentina_champion_no,0.91819
2026-07-07T17:29:32.352488+00:00,#1870,egypt_champion_yes,0.009
2026-07-07T17:29:32.352488+00:00,#1871,egypt_champion_no,0.991
2026-07-07T17:29:36.896962+00:00,#7510,Argentina,0.51829
2026-07-07T17:29:36.896962+00:00,#7511,Egypt,0.48171
2026-07-07T17:29:36.896962+00:00,#1730,argentina_champion_yes,0.08106
2026-07-07T17:29:36.896962+00:00,#1731,argentina_champion_no,0.91894
2026-07-07T17:29:36.896962+00:00,#1870,egypt_champion_yes,0.009
2026-07-07T17:29:36.896962+00:00,#1871,egypt_champion_no,0.991
2026-07-07T17:29:38.995034+00:00,#7510,Argentina,0.51829
2026-07-07T17:29:38.995034+00:00,#7511,Egypt,0.48171
2026-07-07T17:29:38.995034+00:00,#1730,argentina_champion_yes,0.08106
2026-07-07T17:29:38.995034+00:00,#1731,argentina_champion_no,0.91894
2026-07-07T17:29:38.995034+00:00,#1870,egypt_champion_yes,0.009
2026-07-07T17:29:38.995034+00:00,#1871,egypt_champion_no,0.991
2026-07-07T17:29:42.503498+00:00,#7510,Argentina,0.52484
2026-07-07T17:29:42.503498+00:00,#7511,Egypt,0.47516
2026-07-07T17:29:42.503498+00:00,#1730,argentina_champion_yes,0.08151
2026-07-07T17:29:42.503498+00:00,#1731,argentina_champion_no,0.91849
2026-07-07T17:29:42.503498+00:00,#1870,egypt_champion_yes,0.009
2026-07-07T17:29:42.503498+00:00,#1871,egypt_champion_no,0.991
2026-07-07T17:29:47.683538+00:00,#7510,Argentina,0.51205
2026-07-07T17:29:47.683538+00:00,#7511,Egypt,0.48795
2026-07-07T17:29:47.683538+00:00,#1730,argentina_champion_yes,0.08201
2026-07-07T17:29:47.683538+00:00,#1731,argentina_champion_no,0.91799
2026-07-07T17:29:47.683538+00:00,#1870,egypt_champion_yes,0.009005
2026-07-07T17:29:47.683538+00:00,#1871,egypt_champion_no,0.990995
2026-07-07T17:29:52.202479+00:00,#7510,Argentina,0.517875
2026-07-07T17:29:52.202479+00:00,#7511,Egypt,0.482125
2026-07-07T17:29:52.202479+00:00,#1730,argentina_champion_yes,0.082165
2026-07-07T17:29:52.202479+00:00,#1731,argentina_champion_no,0.917835
2026-07-07T17:29:52.202479+00:00,#1870,egypt_champion_yes,0.009005
2026-07-07T17:29:52.202479+00:00,#1871,egypt_champion_no,0.990995
2026-07-07T17:29:53.995246+00:00,#7510,Argentina,0.51866
2026-07-07T17:29:53.995246+00:00,#7511,Egypt,0.48134
2026-07-07T17:29:53.995246+00:00,#1730,argentina_champion_yes,0.082315
2026-07-07T17:29:53.995246+00:00,#1731,argentina_champion_no,0.917685
2026-07-07T17:29:53.995246+00:00,#1870,egypt_champion_yes,0.009005
2026-07-07T17:29:53.995246+00:00,#1871,egypt_champion_no,0.990995
2026-07-07T17:29:57.479697+00:00,#7510,Argentina,0.541
2026-07-07T17:29:57.479697+00:00,#7511,Egypt,0.459
2026-07-07T17:29:57.479697+00:00,#1730,argentina_champion_yes,0.082665
2026-07-07T17:29:57.479697+00:00,#1731,argentina_champion_no,0.917335
2026-07-07T17:29:57.479697+00:00,#1870,egypt_champion_yes,0.009005
2026-07-07T17:29:57.479697+00:00,#1871,egypt_champion_no,0.990995
2026-07-07T17:30:02.867751+00:00,#7510,Argentina,0.52943
2026-07-07T17:30:02.867751+00:00,#7511,Egypt,0.47057
2026-07-07T17:30:02.867751+00:00,#1730,argentina_champion_yes,0.083215
2026-07-07T17:30:02.867751+00:00,#1731,argentina_champion_no,0.916785
2026-07-07T17:30:02.867751+00:00,#1870,egypt_champion_yes,0.009005
2026-07-07T17:30:02.867751+00:00,#1871,egypt_champion_no,0.990995
2026-07-07T17:30:07.347774+00:00,#7510,Argentina,0.529435
2026-07-07T17:30:07.347774+00:00,#7511,Egypt,0.470565
2026-07-07T17:30:07.347774+00:00,#1730,argentina_champion_yes,0.108715
2026-07-07T17:30:07.347774+00:00,#1731,argentina_champion_no,0.891285
2026-07-07T17:30:07.347774+00:00,#1870,egypt_champion_yes,0.009005
2026-07-07T17:30:07.347774+00:00,#1871,egypt_champion_no,0.990995
2026-07-07T17:30:11.002013+00:00,#7510,Argentina,0.529435
2026-07-07T17:30:11.002013+00:00,#7511,Egypt,0.470565
2026-07-07T17:30:11.002013+00:00,#1730,argentina_champion_yes,0.108865
2026-07-07T17:30:11.002013+00:00,#1731,argentina_champion_no,0.891135
2026-07-07T17:30:11.002013+00:00,#1870,egypt_champion_yes,0.009005
2026-07-07T17:30:11.002013+00:00,#1871,egypt_champion_no,0.990995
2026-07-07T17:30:12.987117+00:00,#7510,Argentina,0.529435
2026-07-07T17:30:12.987117+00:00,#7511,Egypt,0.470565
2026-07-07T17:30:12.987117+00:00,#1730,argentina_champion_yes,0.109215
2026-07-07T17:30:12.987117+00:00,#1731,argentina_champion_no,0.890785
2026-07-07T17:30:12.987117+00:00,#1870,egypt_champion_yes,0.009005
2026-07-07T17:30:12.987117+00:00,#1871,egypt_champion_no,0.990995
2026-07-07T17:30:17.807767+00:00,#7510,Argentina,0.520155
2026-07-07T17:30:17.807767+00:00,#7511,Egypt,0.479845
2026-07-07T17:30:17.807767+00:00,#1730,argentina_champion_yes,0.109295
2026-07-07T17:30:17.807767+00:00,#1731,argentina_champion_no,0.890705
2026-07-07T17:30:17.807767+00:00,#1870,egypt_champion_yes,0.009005
2026-07-07T17:30:17.807767+00:00,#1871,egypt_champion_no,0.990995
2026-07-07T17:30:22.685542+00:00,#7510,Argentina,0.526155
2026-07-07T17:30:22.685542+00:00,#7511,Egypt,0.473845
2026-07-07T17:30:22.685542+00:00,#1730,argentina_champion_yes,0.106895
2026-07-07T17:30:22.685542+00:00,#1731,argentina_champion_no,0.893105
2026-07-07T17:30:22.685542+00:00,#1870,egypt_champion_yes,0.009005
2026-07-07T17:30:22.685542+00:00,#1871,egypt_champion_no,0.990995
2026-07-07T17:30:27.688030+00:00,#7510,Argentina,0.526155
2026-07-07T17:30:27.688030+00:00,#7511,Egypt,0.473845
2026-07-07T17:30:27.688030+00:00,#1730,argentina_champion_yes,0.10155
2026-07-07T17:30:27.688030+00:00,#1731,argentina_champion_no,0.89845
2026-07-07T17:30:27.688030+00:00,#1870,egypt_champion_yes,0.009005
2026-07-07T17:30:27.688030+00:00,#1871,egypt_champion_no,0.990995
2026-07-07T17:30:27.987974+00:00,#7510,Argentina,0.526155
2026-07-07T17:30:27.987974+00:00,#7511,Egypt,0.473845
2026-07-07T17:30:27.987974+00:00,#1730,argentina_champion_yes,0.102155
2026-07-07T17:30:27.987974+00:00,#1731,argentina_champion_no,0.897845
2026-07-07T17:30:27.987974+00:00,#1870,egypt_champion_yes,0.009005
2026-07-07T17:30:27.987974+00:00,#1871,egypt_champion_no,0.990995
2026-07-07T17:30:32.983410+00:00,#7510,Argentina,0.526155
2026-07-07T17:30:32.983410+00:00,#7511,Egypt,0.473845
2026-07-07T17:30:32.983410+00:00,#1730,argentina_champion_yes,0.10109
2026-07-07T17:30:32.983410+00:00,#1731,argentina_champion_no,0.89891
2026-07-07T17:30:32.983410+00:00,#1870,egypt_champion_yes,0.009005
2026-07-07T17:30:32.983410+00:00,#1871,egypt_champion_no,0.990995
2026-07-07T17:30:37.492378+00:00,#7510,Argentina,0.50858
2026-07-07T17:30:37.492378+00:00,#7511,Egypt,0.49142
2026-07-07T17:30:37.492378+00:00,#1730,argentina_champion_yes,0.10079
2026-07-07T17:30:37.492378+00:00,#1731,argentina_champion_no,0.89921
2026-07-07T17:30:37.492378+00:00,#1870,egypt_champion_yes,0.009005
2026-07-07T17:30:37.492378+00:00,#1871,egypt_champion_no,0.990995
2026-07-07T17:30:42.808848+00:00,#7510,Argentina,0.525585
2026-07-07T17:30:42.808848+00:00,#7511,Egypt,0.474415
2026-07-07T17:30:42.808848+00:00,#1730,argentina_champion_yes,0.10015
2026-07-07T17:30:42.808848+00:00,#1731,argentina_champion_no,0.89985
2026-07-07T17:30:42.808848+00:00,#1870,egypt_champion_yes,0.009005
2026-07-07T17:30:42.808848+00:00,#1871,egypt_champion_no,0.990995
2026-07-07T17:30:44.897897+00:00,#7510,Argentina,0.50858
2026-07-07T17:30:44.897897+00:00,#7511,Egypt,0.49142
2026-07-07T17:30:44.897897+00:00,#1730,argentina_champion_yes,0.099695
2026-07-07T17:30:44.897897+00:00,#1731,argentina_champion_no,0.900305
2026-07-07T17:30:44.897897+00:00,#1870,egypt_champion_yes,0.009005
2026-07-07T17:30:44.897897+00:00,#1871,egypt_champion_no,0.990995
2026-07-07T17:30:47.893801+00:00,#7510,Argentina,0.272945
2026-07-07T17:30:47.893801+00:00,#7511,Egypt,0.727055
2026-07-07T17:30:47.893801+00:00,#1730,argentina_champion_yes,0.098025
2026-07-07T17:30:47.893801+00:00,#1731,argentina_champion_no,0.901975
2026-07-07T17:30:47.893801+00:00,#1870,egypt_champion_yes,0.009005
2026-07-07T17:30:47.893801+00:00,#1871,egypt_champion_no,0.990995
2026-07-07T17:30:52.985347+00:00,#7510,Argentina,0.23138
2026-07-07T17:30:52.985347+00:00,#7511,Egypt,0.76862
2026-07-07T17:30:52.985347+00:00,#1730,argentina_champion_yes,0.080315
2026-07-07T17:30:52.985347+00:00,#1731,argentina_champion_no,0.919685
2026-07-07T17:30:52.985347+00:00,#1870,egypt_champion_yes,0.009005
2026-07-07T17:30:52.985347+00:00,#1871,egypt_champion_no,0.990995
2026-07-07T17:30:58.117660+00:00,#7510,Argentina,0.224765
2026-07-07T17:30:58.117660+00:00,#7511,Egypt,0.775235
2026-07-07T17:30:58.117660+00:00,#1730,argentina_champion_yes,0.080665
2026-07-07T17:30:58.117660+00:00,#1731,argentina_champion_no,0.919335
2026-07-07T17:30:58.117660+00:00,#1870,egypt_champion_yes,0.009005
2026-07-07T17:30:58.117660+00:00,#1871,egypt_champion_no,0.990995
2026-07-07T17:31:01.887309+00:00,#7510,Argentina,0.22476
2026-07-07T17:31:01.887309+00:00,#7511,Egypt,0.77524
2026-07-07T17:31:01.887309+00:00,#1730,argentina_champion_yes,0.080815
2026-07-07T17:31:01.887309+00:00,#1731,argentina_champion_no,0.919185
2026-07-07T17:31:01.887309+00:00,#1870,egypt_champion_yes,0.009005
2026-07-07T17:31:01.887309+00:00,#1871,egypt_champion_no,0.990995
2026-07-07T17:31:03.861522+00:00,#7510,Argentina,0.223515
2026-07-07T17:31:03.861522+00:00,#7511,Egypt,0.776485
2026-07-07T17:31:03.861522+00:00,#1730,argentina_champion_yes,0.080015
2026-07-07T17:31:03.861522+00:00,#1731,argentina_champion_no,0.919985
2026-07-07T17:31:03.861522+00:00,#1870,egypt_champion_yes,0.009005
2026-07-07T17:31:03.861522+00:00,#1871,egypt_champion_no,0.990995
2026-07-07T17:31:08.098179+00:00,#7510,Argentina,0.21773
2026-07-07T17:31:08.098179+00:00,#7511,Egypt,0.78227
2026-07-07T17:31:08.098179+00:00,#1730,argentina_champion_yes,0.080015
2026-07-07T17:31:08.098179+00:00,#1731,argentina_champion_no,0.919985
2026-07-07T17:31:08.098179+00:00,#1870,egypt_champion_yes,0.008995
2026-07-07T17:31:08.098179+00:00,#1871,egypt_champion_no,0.991005
2026-07-07T17:31:12.896658+00:00,#7510,Argentina,0.231245
2026-07-07T17:31:12.896658+00:00,#7511,Egypt,0.768755
2026-07-07T17:31:12.896658+00:00,#1730,argentina_champion_yes,0.080015
2026-07-07T17:31:12.896658+00:00,#1731,argentina_champion_no,0.919985
2026-07-07T17:31:12.896658+00:00,#1870,egypt_champion_yes,0.008995
2026-07-07T17:31:12.896658+00:00,#1871,egypt_champion_no,0.991005
2026-07-07T17:31:18.387265+00:00,#7510,Argentina,0.194075
2026-07-07T17:31:18.387265+00:00,#7511,Egypt,0.805925
2026-07-07T17:31:18.387265+00:00,#1730,argentina_champion_yes,0.08111
2026-07-07T17:31:18.387265+00:00,#1731,argentina_champion_no,0.91889
2026-07-07T17:31:18.387265+00:00,#1870,egypt_champion_yes,0.008995
2026-07-07T17:31:18.387265+00:00,#1871,egypt_champion_no,0.991005
2026-07-07T17:31:18.861454+00:00,#7510,Argentina,0.21
2026-07-07T17:31:18.861454+00:00,#7511,Egypt,0.79
2026-07-07T17:31:18.861454+00:00,#1730,argentina_champion_yes,0.080015
2026-07-07T17:31:18.861454+00:00,#1731,argentina_champion_no,0.919985
2026-07-07T17:31:18.861454+00:00,#1870,egypt_champion_yes,0.008995
2026-07-07T17:31:18.861454+00:00,#1871,egypt_champion_no,0.991005
2026-07-07T17:31:22.915757+00:00,#7510,Argentina,0.194965
2026-07-07T17:31:22.915757+00:00,#7511,Egypt,0.805035
2026-07-07T17:31:22.915757+00:00,#1730,argentina_champion_yes,0.080015
2026-07-07T17:31:22.915757+00:00,#1731,argentina_champion_no,0.919985
2026-07-07T17:31:22.915757+00:00,#1870,egypt_champion_yes,0.008995
2026-07-07T17:31:22.915757+00:00,#1871,egypt_champion_no,0.991005
2026-07-07T17:31:28.127787+00:00,#7510,Argentina,0.18971
2026-07-07T17:31:28.127787+00:00,#7511,Egypt,0.81029
2026-07-07T17:31:28.127787+00:00,#1730,argentina_champion_yes,0.080015
2026-07-07T17:31:28.127787+00:00,#1731,argentina_champion_no,0.919985
2026-07-07T17:31:28.127787+00:00,#1870,egypt_champion_yes,0.008995
2026-07-07T17:31:28.127787+00:00,#1871,egypt_champion_no,0.991005
2026-07-07T17:31:33.364317+00:00,#7510,Argentina,0.17118
2026-07-07T17:31:33.364317+00:00,#7511,Egypt,0.82882
2026-07-07T17:31:33.364317+00:00,#1730,argentina_champion_yes,0.080015
2026-07-07T17:31:33.364317+00:00,#1731,argentina_champion_no,0.919985
2026-07-07T17:31:33.364317+00:00,#1870,egypt_champion_yes,0.008995
2026-07-07T17:31:33.364317+00:00,#1871,egypt_champion_no,0.991005
2026-07-07T17:31:35.972177+00:00,#7510,Argentina,0.1811
2026-07-07T17:31:35.972177+00:00,#7511,Egypt,0.8189
2026-07-07T17:31:35.972177+00:00,#1730,argentina_champion_yes,0.080015
2026-07-07T17:31:35.972177+00:00,#1731,argentina_champion_no,0.919985
2026-07-07T17:31:35.972177+00:00,#1870,egypt_champion_yes,0.008995
2026-07-07T17:31:35.972177+00:00,#1871,egypt_champion_no,0.991005
2026-07-07T17:31:37.961595+00:00,#7510,Argentina,0.19332
2026-07-07T17:31:37.961595+00:00,#7511,Egypt,0.80668
2026-07-07T17:31:37.961595+00:00,#1730,argentina_champion_yes,0.080015
2026-07-07T17:31:37.961595+00:00,#1731,argentina_champion_no,0.919985
2026-07-07T17:31:37.961595+00:00,#1870,egypt_champion_yes,0.011505
2026-07-07T17:31:37.961595+00:00,#1871,egypt_champion_no,0.988495
2026-07-07T17:31:44.878717+00:00,#7510,Argentina,0.176715
2026-07-07T17:31:44.878717+00:00,#7511,Egypt,0.823285
2026-07-07T17:31:44.878717+00:00,#1730,argentina_champion_yes,0.075355
2026-07-07T17:31:44.878717+00:00,#1731,argentina_champion_no,0.924645
2026-07-07T17:31:44.878717+00:00,#1870,egypt_champion_yes,0.011505
2026-07-07T17:31:44.878717+00:00,#1871,egypt_champion_no,0.988495
2026-07-07T17:31:48.514700+00:00,#7510,Argentina,0.172675
2026-07-07T17:31:48.514700+00:00,#7511,Egypt,0.827325
2026-07-07T17:31:48.514700+00:00,#1730,argentina_champion_yes,0.075355
2026-07-07T17:31:48.514700+00:00,#1731,argentina_champion_no,0.924645
2026-07-07T17:31:48.514700+00:00,#1870,egypt_champion_yes,0.011505
2026-07-07T17:31:48.514700+00:00,#1871,egypt_champion_no,0.988495
2026-07-07T17:31:52.888441+00:00,#7510,Argentina,0.1315
2026-07-07T17:31:52.888441+00:00,#7511,Egypt,0.8685
2026-07-07T17:31:52.888441+00:00,#1730,argentina_champion_yes,0.07535
2026-07-07T17:31:52.888441+00:00,#1731,argentina_champion_no,0.92465
2026-07-07T17:31:52.888441+00:00,#1870,egypt_champion_yes,0.011505
2026-07-07T17:31:52.888441+00:00,#1871,egypt_champion_no,0.988495
2026-07-07T17:31:55.245285+00:00,#7510,Argentina,0.14381
2026-07-07T17:31:55.245285+00:00,#7511,Egypt,0.85619
2026-07-07T17:31:55.245285+00:00,#1730,argentina_champion_yes,0.07535
2026-07-07T17:31:55.245285+00:00,#1731,argentina_champion_no,0.92465
2026-07-07T17:31:55.245285+00:00,#1870,egypt_champion_yes,0.025
2026-07-07T17:31:55.245285+00:00,#1871,egypt_champion_no,0.975
2026-07-07T17:31:58.123275+00:00,#7510,Argentina,0.166865
2026-07-07T17:31:58.123275+00:00,#7511,Egypt,0.833135
2026-07-07T17:31:58.123275+00:00,#1730,argentina_champion_yes,0.07451
2026-07-07T17:31:58.123275+00:00,#1731,argentina_champion_no,0.92549
2026-07-07T17:31:58.123275+00:00,#1870,egypt_champion_yes,0.025
2026-07-07T17:31:58.123275+00:00,#1871,egypt_champion_no,0.975
2026-07-07T17:32:03.503855+00:00,#7510,Argentina,0.166765
2026-07-07T17:32:03.503855+00:00,#7511,Egypt,0.833235
2026-07-07T17:32:03.503855+00:00,#1730,argentina_champion_yes,0.071515
2026-07-07T17:32:03.503855+00:00,#1731,argentina_champion_no,0.928485
2026-07-07T17:32:03.503855+00:00,#1870,egypt_champion_yes,0.025
2026-07-07T17:32:03.503855+00:00,#1871,egypt_champion_no,0.975
2026-07-07T17:32:08.580322+00:00,#7510,Argentina,0.18066
2026-07-07T17:32:08.580322+00:00,#7511,Egypt,0.81934
2026-07-07T17:32:08.580322+00:00,#1730,argentina_champion_yes,0.071515
2026-07-07T17:32:08.580322+00:00,#1731,argentina_champion_no,0.928485
2026-07-07T17:32:08.580322+00:00,#1870,egypt_champion_yes,0.016495
2026-07-07T17:32:08.580322+00:00,#1871,egypt_champion_no,0.983505
2026-07-07T17:32:10.246860+00:00,#7510,Argentina,0.18082
2026-07-07T17:32:10.246860+00:00,#7511,Egypt,0.81918
2026-07-07T17:32:10.246860+00:00,#1730,argentina_champion_yes,0.071515
2026-07-07T17:32:10.246860+00:00,#1731,argentina_champion_no,0.928485
2026-07-07T17:32:10.246860+00:00,#1870,egypt_champion_yes,0.016495
2026-07-07T17:32:10.246860+00:00,#1871,egypt_champion_no,0.983505
2026-07-07T17:32:13.261919+00:00,#7510,Argentina,0.150035
2026-07-07T17:32:13.261919+00:00,#7511,Egypt,0.849965
2026-07-07T17:32:13.261919+00:00,#1730,argentina_champion_yes,0.071545
2026-07-07T17:32:13.261919+00:00,#1731,argentina_champion_no,0.928455
2026-07-07T17:32:13.261919+00:00,#1870,egypt_champion_yes,0.016495
2026-07-07T17:32:13.261919+00:00,#1871,egypt_champion_no,0.983505
2026-07-07T17:32:18.693548+00:00,#7510,Argentina,0.162305
2026-07-07T17:32:18.693548+00:00,#7511,Egypt,0.837695
2026-07-07T17:32:18.693548+00:00,#1730,argentina_champion_yes,0.07138
2026-07-07T17:32:18.693548+00:00,#1731,argentina_champion_no,0.92862
2026-07-07T17:32:18.693548+00:00,#1870,egypt_champion_yes,0.016495
2026-07-07T17:32:18.693548+00:00,#1871,egypt_champion_no,0.983505
2026-07-07T17:32:23.575555+00:00,#7510,Argentina,0.174605
2026-07-07T17:32:23.575555+00:00,#7511,Egypt,0.825395
2026-07-07T17:32:23.575555+00:00,#1730,argentina_champion_yes,0.07132
2026-07-07T17:32:23.575555+00:00,#1731,argentina_champion_no,0.92868
2026-07-07T17:32:23.575555+00:00,#1870,egypt_champion_yes,0.016495
2026-07-07T17:32:23.575555+00:00,#1871,egypt_champion_no,0.983505
2026-07-07T17:32:27.378034+00:00,#7510,Argentina,0.17109
2026-07-07T17:32:27.378034+00:00,#7511,Egypt,0.82891
2026-07-07T17:32:27.378034+00:00,#1730,argentina_champion_yes,0.07152
2026-07-07T17:32:27.378034+00:00,#1731,argentina_champion_no,0.92848
2026-07-07T17:32:27.378034+00:00,#1870,egypt_champion_yes,0.016495
2026-07-07T17:32:27.378034+00:00,#1871,egypt_champion_no,0.983505
2026-07-07T17:32:29.287828+00:00,#7510,Argentina,0.1746
2026-07-07T17:32:29.287828+00:00,#7511,Egypt,0.8254
2026-07-07T17:32:29.287828+00:00,#1730,argentina_champion_yes,0.070845
2026-07-07T17:32:29.287828+00:00,#1731,argentina_champion_no,0.929155
2026-07-07T17:32:29.287828+00:00,#1870,egypt_champion_yes,0.016495
2026-07-07T17:32:29.287828+00:00,#1871,egypt_champion_no,0.983505
2026-07-07T17:32:33.842615+00:00,#7510,Argentina,0.17151
2026-07-07T17:32:33.842615+00:00,#7511,Egypt,0.82849
2026-07-07T17:32:33.842615+00:00,#1730,argentina_champion_yes,0.04316
2026-07-07T17:32:33.842615+00:00,#1731,argentina_champion_no,0.95684
2026-07-07T17:32:33.842615+00:00,#1870,egypt_champion_yes,0.016495
2026-07-07T17:32:33.842615+00:00,#1871,egypt_champion_no,0.983505
2026-07-07T17:32:38.663861+00:00,#7510,Argentina,0.17272
2026-07-07T17:32:38.663861+00:00,#7511,Egypt,0.82728
2026-07-07T17:32:38.663861+00:00,#1730,argentina_champion_yes,0.042725
2026-07-07T17:32:38.663861+00:00,#1731,argentina_champion_no,0.957275
2026-07-07T17:32:38.663861+00:00,#1870,egypt_champion_yes,0.016495
2026-07-07T17:32:38.663861+00:00,#1871,egypt_champion_no,0.983505
2026-07-07T17:32:43.755938+00:00,#7510,Argentina,0.16744
2026-07-07T17:32:43.755938+00:00,#7511,Egypt,0.83256
2026-07-07T17:32:43.755938+00:00,#1730,argentina_champion_yes,0.042895
2026-07-07T17:32:43.755938+00:00,#1731,argentina_champion_no,0.957105
2026-07-07T17:32:43.755938+00:00,#1870,egypt_champion_yes,0.011105
2026-07-07T17:32:43.755938+00:00,#1871,egypt_champion_no,0.988895
2026-07-07T17:32:44.287300+00:00,#7510,Argentina,0.17267
2026-07-07T17:32:44.287300+00:00,#7511,Egypt,0.82733
2026-07-07T17:32:44.287300+00:00,#1730,argentina_champion_yes,0.042695
2026-07-07T17:32:44.287300+00:00,#1731,argentina_champion_no,0.957305
2026-07-07T17:32:44.287300+00:00,#1870,egypt_champion_yes,0.011105
2026-07-07T17:32:44.287300+00:00,#1871,egypt_champion_no,0.988895
2026-07-07T17:32:49.018987+00:00,#7510,Argentina,0.1751
2026-07-07T17:32:49.018987+00:00,#7511,Egypt,0.8249
2026-07-07T17:32:49.018987+00:00,#1730,argentina_champion_yes,0.028945
2026-07-07T17:32:49.018987+00:00,#1731,argentina_champion_no,0.971055
2026-07-07T17:32:49.018987+00:00,#1870,egypt_champion_yes,0.011105
2026-07-07T17:32:49.018987+00:00,#1871,egypt_champion_no,0.988895
2026-07-07T17:32:53.729830+00:00,#7510,Argentina,0.165275
2026-07-07T17:32:53.729830+00:00,#7511,Egypt,0.834725
2026-07-07T17:32:53.729830+00:00,#1730,argentina_champion_yes,0.02677
2026-07-07T17:32:53.729830+00:00,#1731,argentina_champion_no,0.97323
2026-07-07T17:32:53.729830+00:00,#1870,egypt_champion_yes,0.011105
2026-07-07T17:32:53.729830+00:00,#1871,egypt_champion_no,0.988895
2026-07-07T17:32:58.596042+00:00,#7510,Argentina,0.164725
2026-07-07T17:32:58.596042+00:00,#7511,Egypt,0.835275
2026-07-07T17:32:58.596042+00:00,#1730,argentina_champion_yes,0.02715
2026-07-07T17:32:58.596042+00:00,#1731,argentina_champion_no,0.97285
2026-07-07T17:32:58.596042+00:00,#1870,egypt_champion_yes,0.011105
2026-07-07T17:32:58.596042+00:00,#1871,egypt_champion_no,0.988895
2026-07-07T17:33:01.370277+00:00,#7510,Argentina,0.164725
2026-07-07T17:33:01.370277+00:00,#7511,Egypt,0.835275
2026-07-07T17:33:01.370277+00:00,#1730,argentina_champion_yes,0.02715
2026-07-07T17:33:01.370277+00:00,#1731,argentina_champion_no,0.97285
2026-07-07T17:33:01.370277+00:00,#1870,egypt_champion_yes,0.011105
2026-07-07T17:33:01.370277+00:00,#1871,egypt_champion_no,0.988895
2026-07-07T17:33:04.033843+00:00,#7510,Argentina,0.164225
2026-07-07T17:33:04.033843+00:00,#7511,Egypt,0.835775
2026-07-07T17:33:04.033843+00:00,#1730,argentina_champion_yes,0.02652
2026-07-07T17:33:04.033843+00:00,#1731,argentina_champion_no,0.97348
2026-07-07T17:33:04.033843+00:00,#1870,egypt_champion_yes,0.011105
2026-07-07T17:33:04.033843+00:00,#1871,egypt_champion_no,0.988895
2026-07-07T17:33:08.682615+00:00,#7510,Argentina,0.16368
2026-07-07T17:33:08.682615+00:00,#7511,Egypt,0.83632
2026-07-07T17:33:08.682615+00:00,#1730,argentina_champion_yes,0.02627
2026-07-07T17:33:08.682615+00:00,#1731,argentina_champion_no,0.97373
2026-07-07T17:33:08.682615+00:00,#1870,egypt_champion_yes,0.011105
2026-07-07T17:33:08.682615+00:00,#1871,egypt_champion_no,0.988895
2026-07-07T17:33:13.904728+00:00,#7510,Argentina,0.16313
2026-07-07T17:33:13.904728+00:00,#7511,Egypt,0.83687
2026-07-07T17:33:13.904728+00:00,#1730,argentina_champion_yes,0.02627
2026-07-07T17:33:13.904728+00:00,#1731,argentina_champion_no,0.97373
2026-07-07T17:33:13.904728+00:00,#1870,egypt_champion_yes,0.011105
2026-07-07T17:33:13.904728+00:00,#1871,egypt_champion_no,0.988895
2026-07-07T17:33:18.325183+00:00,#7510,Argentina,0.172775
2026-07-07T17:33:18.325183+00:00,#7511,Egypt,0.827225
2026-07-07T17:33:18.325183+00:00,#1730,argentina_champion_yes,0.02677
2026-07-07T17:33:18.325183+00:00,#1731,argentina_champion_no,0.97323
2026-07-07T17:33:18.325183+00:00,#1870,egypt_champion_yes,0.011105
2026-07-07T17:33:18.325183+00:00,#1871,egypt_champion_no,0.988895
2026-07-07T17:33:20.303180+00:00,#7510,Argentina,0.172775
2026-07-07T17:33:20.303180+00:00,#7511,Egypt,0.827225
2026-07-07T17:33:20.303180+00:00,#1730,argentina_champion_yes,0.02677
2026-07-07T17:33:20.303180+00:00,#1731,argentina_champion_no,0.97323
2026-07-07T17:33:20.303180+00:00,#1870,egypt_champion_yes,0.011105
2026-07-07T17:33:20.303180+00:00,#1871,egypt_champion_no,0.988895
2026-07-07T17:33:23.886475+00:00,#7510,Argentina,0.19479
2026-07-07T17:33:23.886475+00:00,#7511,Egypt,0.80521
2026-07-07T17:33:23.886475+00:00,#1730,argentina_champion_yes,0.02677
2026-07-07T17:33:23.886475+00:00,#1731,argentina_champion_no,0.97323
2026-07-07T17:33:23.886475+00:00,#1870,egypt_champion_yes,0.011105
2026-07-07T17:33:23.886475+00:00,#1871,egypt_champion_no,0.988895
2026-07-07T17:33:28.794065+00:00,#7510,Argentina,0.210225
2026-07-07T17:33:28.794065+00:00,#7511,Egypt,0.789775
2026-07-07T17:33:28.794065+00:00,#1730,argentina_champion_yes,0.022235
2026-07-07T17:33:28.794065+00:00,#1731,argentina_champion_no,0.977765
2026-07-07T17:33:28.794065+00:00,#1870,egypt_champion_yes,0.011105
2026-07-07T17:33:28.794065+00:00,#1871,egypt_champion_no,0.988895
2026-07-07T17:33:33.937576+00:00,#7510,Argentina,0.20889
2026-07-07T17:33:33.937576+00:00,#7511,Egypt,0.79111
2026-07-07T17:33:33.937576+00:00,#1730,argentina_champion_yes,0.02175
2026-07-07T17:33:33.937576+00:00,#1731,argentina_champion_no,0.97825
2026-07-07T17:33:33.937576+00:00,#1870,egypt_champion_yes,0.011105
2026-07-07T17:33:33.937576+00:00,#1871,egypt_champion_no,0.988895
2026-07-07T17:33:35.304006+00:00,#7510,Argentina,0.20373
2026-07-07T17:33:35.304006+00:00,#7511,Egypt,0.79627
2026-07-07T17:33:35.304006+00:00,#1730,argentina_champion_yes,0.02175
2026-07-07T17:33:35.304006+00:00,#1731,argentina_champion_no,0.97825
2026-07-07T17:33:35.304006+00:00,#1870,egypt_champion_yes,0.011105
2026-07-07T17:33:35.304006+00:00,#1871,egypt_champion_no,0.988895
2026-07-07T17:33:38.975862+00:00,#7510,Argentina,0.181685
2026-07-07T17:33:38.975862+00:00,#7511,Egypt,0.818315
2026-07-07T17:33:38.975862+00:00,#1730,argentina_champion_yes,0.02175
2026-07-07T17:33:38.975862+00:00,#1731,argentina_champion_no,0.97825
2026-07-07T17:33:38.975862+00:00,#1870,egypt_champion_yes,0.011105
2026-07-07T17:33:38.975862+00:00,#1871,egypt_champion_no,0.988895
2026-07-07T17:33:43.774925+00:00,#7510,Argentina,0.20717
2026-07-07T17:33:43.774925+00:00,#7511,Egypt,0.79283
2026-07-07T17:33:43.774925+00:00,#1730,argentina_champion_yes,0.021315
2026-07-07T17:33:43.774925+00:00,#1731,argentina_champion_no,0.978685
2026-07-07T17:33:43.774925+00:00,#1870,egypt_champion_yes,0.011105
2026-07-07T17:33:43.774925+00:00,#1871,egypt_champion_no,0.988895
2026-07-07T17:33:49.710866+00:00,#7510,Argentina,0.196995
2026-07-07T17:33:49.710866+00:00,#7511,Egypt,0.803005
2026-07-07T17:33:49.710866+00:00,#1730,argentina_champion_yes,0.021665
2026-07-07T17:33:49.710866+00:00,#1731,argentina_champion_no,0.978335
2026-07-07T17:33:49.710866+00:00,#1870,egypt_champion_yes,0.011105
2026-07-07T17:33:49.710866+00:00,#1871,egypt_champion_no,0.988895
2026-07-07T17:33:52.296567+00:00,#7510,Argentina,0.19699
2026-07-07T17:33:52.296567+00:00,#7511,Egypt,0.80301
2026-07-07T17:33:52.296567+00:00,#1730,argentina_champion_yes,0.019805
2026-07-07T17:33:52.296567+00:00,#1731,argentina_champion_no,0.980195
2026-07-07T17:33:52.296567+00:00,#1870,egypt_champion_yes,0.011105
2026-07-07T17:33:52.296567+00:00,#1871,egypt_champion_no,0.988895
2026-07-07T17:33:54.180186+00:00,#7510,Argentina,0.188535
2026-07-07T17:33:54.180186+00:00,#7511,Egypt,0.811465
2026-07-07T17:33:54.180186+00:00,#1730,argentina_champion_yes,0.019455
2026-07-07T17:33:54.180186+00:00,#1731,argentina_champion_no,0.980545
2026-07-07T17:33:54.180186+00:00,#1870,egypt_champion_yes,0.011105
2026-07-07T17:33:54.180186+00:00,#1871,egypt_champion_no,0.988895
2026-07-07T17:33:59.227797+00:00,#7510,Argentina,0.188525
2026-07-07T17:33:59.227797+00:00,#7511,Egypt,0.811475
2026-07-07T17:33:59.227797+00:00,#1730,argentina_champion_yes,0.018955
2026-07-07T17:33:59.227797+00:00,#1731,argentina_champion_no,0.981045
2026-07-07T17:33:59.227797+00:00,#1870,egypt_champion_yes,0.011105
2026-07-07T17:33:59.227797+00:00,#1871,egypt_champion_no,0.988895
2026-07-07T17:34:04.424801+00:00,#7510,Argentina,0.188525
2026-07-07T17:34:04.424801+00:00,#7511,Egypt,0.811475
2026-07-07T17:34:04.424801+00:00,#1730,argentina_champion_yes,0.018355
2026-07-07T17:34:04.424801+00:00,#1731,argentina_champion_no,0.981645
2026-07-07T17:34:04.424801+00:00,#1870,egypt_champion_yes,0.011105
2026-07-07T17:34:04.424801+00:00,#1871,egypt_champion_no,0.988895
2026-07-07T17:34:09.128958+00:00,#7510,Argentina,0.179765
2026-07-07T17:34:09.128958+00:00,#7511,Egypt,0.820235
2026-07-07T17:34:09.128958+00:00,#1730,argentina_champion_yes,0.017755
2026-07-07T17:34:09.128958+00:00,#1731,argentina_champion_no,0.982245
2026-07-07T17:34:09.128958+00:00,#1870,egypt_champion_yes,0.011105
2026-07-07T17:34:09.128958+00:00,#1871,egypt_champion_no,0.988895
2026-07-07T17:34:09.179686+00:00,#7510,Argentina,0.193525
2026-07-07T17:34:09.179686+00:00,#7511,Egypt,0.806475
2026-07-07T17:34:09.179686+00:00,#1730,argentina_champion_yes,0.018105
2026-07-07T17:34:09.179686+00:00,#1731,argentina_champion_no,0.981895
2026-07-07T17:34:09.179686+00:00,#1870,egypt_champion_yes,0.011105
2026-07-07T17:34:09.179686+00:00,#1871,egypt_champion_no,0.988895
2026-07-07T17:34:14.062257+00:00,#7510,Argentina,0.17976
2026-07-07T17:34:14.062257+00:00,#7511,Egypt,0.82024
2026-07-07T17:34:14.062257+00:00,#1730,argentina_champion_yes,0.017155
2026-07-07T17:34:14.062257+00:00,#1731,argentina_champion_no,0.982845
2026-07-07T17:34:14.062257+00:00,#1870,egypt_champion_yes,0.016505
2026-07-07T17:34:14.062257+00:00,#1871,egypt_champion_no,0.983495
2026-07-07T17:34:19.340727+00:00,#7510,Argentina,0.179765
2026-07-07T17:34:19.340727+00:00,#7511,Egypt,0.820235
2026-07-07T17:34:19.340727+00:00,#1730,argentina_champion_yes,0.014855
2026-07-07T17:34:19.340727+00:00,#1731,argentina_champion_no,0.985145
2026-07-07T17:34:19.340727+00:00,#1870,egypt_champion_yes,0.016505
2026-07-07T17:34:19.340727+00:00,#1871,egypt_champion_no,0.983495
2026-07-07T17:34:24.243728+00:00,#7510,Argentina,0.197485
2026-07-07T17:34:24.243728+00:00,#7511,Egypt,0.802515
2026-07-07T17:34:24.243728+00:00,#1730,argentina_champion_yes,0.014405
2026-07-07T17:34:24.243728+00:00,#1731,argentina_champion_no,0.985595
2026-07-07T17:34:24.243728+00:00,#1870,egypt_champion_yes,0.016505
2026-07-07T17:34:24.243728+00:00,#1871,egypt_champion_no,0.983495
2026-07-07T17:34:26.227178+00:00,#7510,Argentina,0.197485
2026-07-07T17:34:26.227178+00:00,#7511,Egypt,0.802515
2026-07-07T17:34:26.227178+00:00,#1730,argentina_champion_yes,0.0148
2026-07-07T17:34:26.227178+00:00,#1731,argentina_champion_no,0.9852
2026-07-07T17:34:26.227178+00:00,#1870,egypt_champion_yes,0.016505
2026-07-07T17:34:26.227178+00:00,#1871,egypt_champion_no,0.983495
2026-07-07T17:34:29.480850+00:00,#7510,Argentina,0.196985
2026-07-07T17:34:29.480850+00:00,#7511,Egypt,0.803015
2026-07-07T17:34:29.480850+00:00,#1730,argentina_champion_yes,0.0146
2026-07-07T17:34:29.480850+00:00,#1731,argentina_champion_no,0.9854
2026-07-07T17:34:29.480850+00:00,#1870,egypt_champion_yes,0.016505
2026-07-07T17:34:29.480850+00:00,#1871,egypt_champion_no,0.983495
2026-07-07T17:34:34.678785+00:00,#7510,Argentina,0.196985
2026-07-07T17:34:34.678785+00:00,#7511,Egypt,0.803015
2026-07-07T17:34:34.678785+00:00,#1730,argentina_champion_yes,0.0137
2026-07-07T17:34:34.678785+00:00,#1731,argentina_champion_no,0.9863
2026-07-07T17:34:34.678785+00:00,#1870,egypt_champion_yes,0.016505
2026-07-07T17:34:34.678785+00:00,#1871,egypt_champion_no,0.983495
2026-07-07T17:34:39.201343+00:00,#7510,Argentina,0.195415
2026-07-07T17:34:39.201343+00:00,#7511,Egypt,0.804585
2026-07-07T17:34:39.201343+00:00,#1730,argentina_champion_yes,0.01316
2026-07-07T17:34:39.201343+00:00,#1731,argentina_champion_no,0.98684
2026-07-07T17:34:39.201343+00:00,#1870,egypt_champion_yes,0.016505
2026-07-07T17:34:39.201343+00:00,#1871,egypt_champion_no,0.983495
2026-07-07T17:34:43.217450+00:00,#7510,Argentina,0.195415
2026-07-07T17:34:43.217450+00:00,#7511,Egypt,0.804585
2026-07-07T17:34:43.217450+00:00,#1730,argentina_champion_yes,0.01316
2026-07-07T17:34:43.217450+00:00,#1731,argentina_champion_no,0.98684
2026-07-07T17:34:43.217450+00:00,#1870,egypt_champion_yes,0.016505
2026-07-07T17:34:43.217450+00:00,#1871,egypt_champion_no,0.983495
2026-07-07T17:34:45.314895+00:00,#7510,Argentina,0.1905
2026-07-07T17:34:45.314895+00:00,#7511,Egypt,0.8095
2026-07-07T17:34:45.314895+00:00,#1730,argentina_champion_yes,0.01326
2026-07-07T17:34:45.314895+00:00,#1731,argentina_champion_no,0.98674
2026-07-07T17:34:45.314895+00:00,#1870,egypt_champion_yes,0.011605
2026-07-07T17:34:45.314895+00:00,#1871,egypt_champion_no,0.988395
2026-07-07T17:34:51.671337+00:00,#7510,Argentina,0.190445
2026-07-07T17:34:51.671337+00:00,#7511,Egypt,0.809555
2026-07-07T17:34:51.671337+00:00,#1730,argentina_champion_yes,0.01346
2026-07-07T17:34:51.671337+00:00,#1731,argentina_champion_no,0.98654
2026-07-07T17:34:51.671337+00:00,#1870,egypt_champion_yes,0.011605
2026-07-07T17:34:51.671337+00:00,#1871,egypt_champion_no,0.988395
2026-07-07T17:34:54.509056+00:00,#7510,Argentina,0.187945
2026-07-07T17:34:54.509056+00:00,#7511,Egypt,0.812055
2026-07-07T17:34:54.509056+00:00,#1730,argentina_champion_yes,0.01301
2026-07-07T17:34:54.509056+00:00,#1731,argentina_champion_no,0.98699
2026-07-07T17:34:54.509056+00:00,#1870,egypt_champion_yes,0.011605
2026-07-07T17:34:54.509056+00:00,#1871,egypt_champion_no,0.988395
2026-07-07T17:34:59.591711+00:00,#7510,Argentina,0.188935
2026-07-07T17:34:59.591711+00:00,#7511,Egypt,0.811065
2026-07-07T17:34:59.591711+00:00,#1730,argentina_champion_yes,0.01251
2026-07-07T17:34:59.591711+00:00,#1731,argentina_champion_no,0.98749
2026-07-07T17:34:59.591711+00:00,#1870,egypt_champion_yes,0.011605
2026-07-07T17:34:59.591711+00:00,#1871,egypt_champion_no,0.988395
2026-07-07T17:35:00.314499+00:00,#7510,Argentina,0.187945
2026-07-07T17:35:00.314499+00:00,#7511,Egypt,0.812055
2026-07-07T17:35:00.314499+00:00,#1730,argentina_champion_yes,0.01281
2026-07-07T17:35:00.314499+00:00,#1731,argentina_champion_no,0.98719
2026-07-07T17:35:00.314499+00:00,#1870,egypt_champion_yes,0.011605
2026-07-07T17:35:00.314499+00:00,#1871,egypt_champion_no,0.988395
2026-07-07T17:35:04.864206+00:00,#7510,Argentina,0.181625
2026-07-07T17:35:04.864206+00:00,#7511,Egypt,0.818375
2026-07-07T17:35:04.864206+00:00,#1730,argentina_champion_yes,0.05536
2026-07-07T17:35:04.864206+00:00,#1731,argentina_champion_no,0.94464
2026-07-07T17:35:04.864206+00:00,#1870,egypt_champion_yes,0.0151
2026-07-07T17:35:04.864206+00:00,#1871,egypt_champion_no,0.9849
2026-07-07T17:35:09.702835+00:00,#7510,Argentina,0.181725
2026-07-07T17:35:09.702835+00:00,#7511,Egypt,0.818275
2026-07-07T17:35:09.702835+00:00,#1730,argentina_champion_yes,0.05586
2026-07-07T17:35:09.702835+00:00,#1731,argentina_champion_no,0.94414
2026-07-07T17:35:09.702835+00:00,#1870,egypt_champion_yes,0.0151
2026-07-07T17:35:09.702835+00:00,#1871,egypt_champion_no,0.9849
2026-07-07T17:35:14.846627+00:00,#7510,Argentina,0.186495
2026-07-07T17:35:14.846627+00:00,#7511,Egypt,0.813505
2026-07-07T17:35:14.846627+00:00,#1730,argentina_champion_yes,0.05631
2026-07-07T17:35:14.846627+00:00,#1731,argentina_champion_no,0.94369
2026-07-07T17:35:14.846627+00:00,#1870,egypt_champion_yes,0.0151
2026-07-07T17:35:14.846627+00:00,#1871,egypt_champion_no,0.9849
2026-07-07T17:35:17.306627+00:00,#7510,Argentina,0.186495
2026-07-07T17:35:17.306627+00:00,#7511,Egypt,0.813505
2026-07-07T17:35:17.306627+00:00,#1730,argentina_champion_yes,0.05651
2026-07-07T17:35:17.306627+00:00,#1731,argentina_champion_no,0.94349
2026-07-07T17:35:17.306627+00:00,#1870,egypt_champion_yes,0.0151
2026-07-07T17:35:17.306627+00:00,#1871,egypt_champion_no,0.9849
2026-07-07T17:35:19.986747+00:00,#7510,Argentina,0.18649
2026-07-07T17:35:19.986747+00:00,#7511,Egypt,0.81351
2026-07-07T17:35:19.986747+00:00,#1730,argentina_champion_yes,0.05676
2026-07-07T17:35:19.986747+00:00,#1731,argentina_champion_no,0.94324
2026-07-07T17:35:19.986747+00:00,#1870,egypt_champion_yes,0.0151
2026-07-07T17:35:19.986747+00:00,#1871,egypt_champion_no,0.9849
2026-07-07T17:35:24.825986+00:00,#7510,Argentina,0.186495
2026-07-07T17:35:24.825986+00:00,#7511,Egypt,0.813505
2026-07-07T17:35:24.825986+00:00,#1730,argentina_champion_yes,0.057255
2026-07-07T17:35:24.825986+00:00,#1731,argentina_champion_no,0.942745
2026-07-07T17:35:24.825986+00:00,#1870,egypt_champion_yes,0.0151
2026-07-07T17:35:24.825986+00:00,#1871,egypt_champion_no,0.9849
2026-07-07T17:35:30.140607+00:00,#7510,Argentina,0.186495
2026-07-07T17:35:30.140607+00:00,#7511,Egypt,0.813505
2026-07-07T17:35:30.140607+00:00,#1730,argentina_champion_yes,0.05746
2026-07-07T17:35:30.140607+00:00,#1731,argentina_champion_no,0.94254
2026-07-07T17:35:30.140607+00:00,#1870,egypt_champion_yes,0.0151
2026-07-07T17:35:30.140607+00:00,#1871,egypt_champion_no,0.9849
2026-07-07T17:35:34.276999+00:00,#7510,Argentina,0.18777
2026-07-07T17:35:34.276999+00:00,#7511,Egypt,0.81223
2026-07-07T17:35:34.276999+00:00,#1730,argentina_champion_yes,0.037465
2026-07-07T17:35:34.276999+00:00,#1731,argentina_champion_no,0.962535
2026-07-07T17:35:34.276999+00:00,#1870,egypt_champion_yes,0.01765
2026-07-07T17:35:34.276999+00:00,#1871,egypt_champion_no,0.98235
2026-07-07T17:35:36.021552+00:00,#7510,Argentina,0.18777
2026-07-07T17:35:36.021552+00:00,#7511,Egypt,0.81223
2026-07-07T17:35:36.021552+00:00,#1730,argentina_champion_yes,0.037465
2026-07-07T17:35:36.021552+00:00,#1731,argentina_champion_no,0.962535
2026-07-07T17:35:36.021552+00:00,#1870,egypt_champion_yes,0.01765
2026-07-07T17:35:36.021552+00:00,#1871,egypt_champion_no,0.98235
2026-07-07T17:35:39.846771+00:00,#7510,Argentina,0.18777
2026-07-07T17:35:39.846771+00:00,#7511,Egypt,0.81223
2026-07-07T17:35:39.846771+00:00,#1730,argentina_champion_yes,0.037465
2026-07-07T17:35:39.846771+00:00,#1731,argentina_champion_no,0.962535
2026-07-07T17:35:39.846771+00:00,#1870,egypt_champion_yes,0.01765
2026-07-07T17:35:39.846771+00:00,#1871,egypt_champion_no,0.98235
2026-07-07T17:35:45.022512+00:00,#7510,Argentina,0.18777
2026-07-07T17:35:45.022512+00:00,#7511,Egypt,0.81223
2026-07-07T17:35:45.022512+00:00,#1730,argentina_champion_yes,0.037465
2026-07-07T17:35:45.022512+00:00,#1731,argentina_champion_no,0.962535
2026-07-07T17:35:45.022512+00:00,#1870,egypt_champion_yes,0.01715
2026-07-07T17:35:45.022512+00:00,#1871,egypt_champion_no,0.98285
2026-07-07T17:35:50.303314+00:00,#7510,Argentina,0.18777
2026-07-07T17:35:50.303314+00:00,#7511,Egypt,0.81223
2026-07-07T17:35:50.303314+00:00,#1730,argentina_champion_yes,0.037465
2026-07-07T17:35:50.303314+00:00,#1731,argentina_champion_no,0.962535
2026-07-07T17:35:50.303314+00:00,#1870,egypt_champion_yes,0.01715
2026-07-07T17:35:50.303314+00:00,#1871,egypt_champion_no,0.98285
2026-07-07T17:35:51.021917+00:00,#7510,Argentina,0.18777
2026-07-07T17:35:51.021917+00:00,#7511,Egypt,0.81223
2026-07-07T17:35:51.021917+00:00,#1730,argentina_champion_yes,0.037465
2026-07-07T17:35:51.021917+00:00,#1731,argentina_champion_no,0.962535
2026-07-07T17:35:51.021917+00:00,#1870,egypt_champion_yes,0.01715
2026-07-07T17:35:51.021917+00:00,#1871,egypt_champion_no,0.98285
2026-07-07T17:35:55.103582+00:00,#7510,Argentina,0.18777
2026-07-07T17:35:55.103582+00:00,#7511,Egypt,0.81223
2026-07-07T17:35:55.103582+00:00,#1730,argentina_champion_yes,0.037465
2026-07-07T17:35:55.103582+00:00,#1731,argentina_champion_no,0.962535
2026-07-07T17:35:55.103582+00:00,#1870,egypt_champion_yes,0.01715
2026-07-07T17:35:55.103582+00:00,#1871,egypt_champion_no,0.98285
2026-07-07T17:36:00.144186+00:00,#7510,Argentina,0.18166
2026-07-07T17:36:00.144186+00:00,#7511,Egypt,0.81834
2026-07-07T17:36:00.144186+00:00,#1730,argentina_champion_yes,0.037465
2026-07-07T17:36:00.144186+00:00,#1731,argentina_champion_no,0.962535
2026-07-07T17:36:00.144186+00:00,#1870,egypt_champion_yes,0.01715
2026-07-07T17:36:00.144186+00:00,#1871,egypt_champion_no,0.98285
2026-07-07T17:36:05.452435+00:00,#7510,Argentina,0.18102
2026-07-07T17:36:05.452435+00:00,#7511,Egypt,0.81898
2026-07-07T17:36:05.452435+00:00,#1730,argentina_champion_yes,0.037465
2026-07-07T17:36:05.452435+00:00,#1731,argentina_champion_no,0.962535
2026-07-07T17:36:05.452435+00:00,#1870,egypt_champion_yes,0.01715
2026-07-07T17:36:05.452435+00:00,#1871,egypt_champion_no,0.98285
2026-07-07T17:36:07.745252+00:00,#7510,Argentina,0.18102
2026-07-07T17:36:07.745252+00:00,#7511,Egypt,0.81898
2026-07-07T17:36:07.745252+00:00,#1730,argentina_champion_yes,0.037465
2026-07-07T17:36:07.745252+00:00,#1731,argentina_champion_no,0.962535
2026-07-07T17:36:07.745252+00:00,#1870,egypt_champion_yes,0.01715
2026-07-07T17:36:07.745252+00:00,#1871,egypt_champion_no,0.98285
2026-07-07T17:36:10.232722+00:00,#7510,Argentina,0.18102
2026-07-07T17:36:10.232722+00:00,#7511,Egypt,0.81898
2026-07-07T17:36:10.232722+00:00,#1730,argentina_champion_yes,0.037465
2026-07-07T17:36:10.232722+00:00,#1731,argentina_champion_no,0.962535
2026-07-07T17:36:10.232722+00:00,#1870,egypt_champion_yes,0.01715
2026-07-07T17:36:10.232722+00:00,#1871,egypt_champion_no,0.98285
2026-07-07T17:36:15.165342+00:00,#7510,Argentina,0.155255
2026-07-07T17:36:15.165342+00:00,#7511,Egypt,0.844745
2026-07-07T17:36:15.165342+00:00,#1730,argentina_champion_yes,0.037465
2026-07-07T17:36:15.165342+00:00,#1731,argentina_champion_no,0.962535
2026-07-07T17:36:15.165342+00:00,#1870,egypt_champion_yes,0.01715
2026-07-07T17:36:15.165342+00:00,#1871,egypt_champion_no,0.98285
2026-07-07T17:36:20.511571+00:00,#7510,Argentina,0.15565
2026-07-07T17:36:20.511571+00:00,#7511,Egypt,0.84435
2026-07-07T17:36:20.511571+00:00,#1730,argentina_champion_yes,0.037465
2026-07-07T17:36:20.511571+00:00,#1731,argentina_champion_no,0.962535
2026-07-07T17:36:20.511571+00:00,#1870,egypt_champion_yes,0.01665
2026-07-07T17:36:20.511571+00:00,#1871,egypt_champion_no,0.98335
2026-07-07T17:36:24.668784+00:00,#7510,Argentina,0.1558
2026-07-07T17:36:24.668784+00:00,#7511,Egypt,0.8442
2026-07-07T17:36:24.668784+00:00,#1730,argentina_champion_yes,0.037465
2026-07-07T17:36:24.668784+00:00,#1731,argentina_champion_no,0.962535
2026-07-07T17:36:24.668784+00:00,#1870,egypt_champion_yes,0.01665
2026-07-07T17:36:24.668784+00:00,#1871,egypt_champion_no,0.98335
2026-07-07T17:36:26.554926+00:00,#7510,Argentina,0.156055
2026-07-07T17:36:26.554926+00:00,#7511,Egypt,0.843945
2026-07-07T17:36:26.554926+00:00,#1730,argentina_champion_yes,0.037465
2026-07-07T17:36:26.554926+00:00,#1731,argentina_champion_no,0.962535
2026-07-07T17:36:26.554926+00:00,#1870,egypt_champion_yes,0.01665
2026-07-07T17:36:26.554926+00:00,#1871,egypt_champion_no,0.98335
2026-07-07T17:36:30.315281+00:00,#7510,Argentina,0.156555
2026-07-07T17:36:30.315281+00:00,#7511,Egypt,0.843445
2026-07-07T17:36:30.315281+00:00,#1730,argentina_champion_yes,0.037465
2026-07-07T17:36:30.315281+00:00,#1731,argentina_champion_no,0.962535
2026-07-07T17:36:30.315281+00:00,#1870,egypt_champion_yes,0.01665
2026-07-07T17:36:30.315281+00:00,#1871,egypt_champion_no,0.98335
2026-07-07T17:36:35.676243+00:00,#7510,Argentina,0.157055
2026-07-07T17:36:35.676243+00:00,#7511,Egypt,0.842945
2026-07-07T17:36:35.676243+00:00,#1730,argentina_champion_yes,0.037465
2026-07-07T17:36:35.676243+00:00,#1731,argentina_champion_no,0.962535
2026-07-07T17:36:35.676243+00:00,#1870,egypt_champion_yes,0.01665
2026-07-07T17:36:35.676243+00:00,#1871,egypt_champion_no,0.98335
2026-07-07T17:36:40.574022+00:00,#7510,Argentina,0.15601
2026-07-07T17:36:40.574022+00:00,#7511,Egypt,0.84399
2026-07-07T17:36:40.574022+00:00,#1730,argentina_champion_yes,0.03702
2026-07-07T17:36:40.574022+00:00,#1731,argentina_champion_no,0.96298
2026-07-07T17:36:40.574022+00:00,#1870,egypt_champion_yes,0.01665
2026-07-07T17:36:40.574022+00:00,#1871,egypt_champion_no,0.98335
2026-07-07T17:36:41.555616+00:00,#7510,Argentina,0.157255
2026-07-07T17:36:41.555616+00:00,#7511,Egypt,0.842745
2026-07-07T17:36:41.555616+00:00,#1730,argentina_champion_yes,0.03697
2026-07-07T17:36:41.555616+00:00,#1731,argentina_champion_no,0.96303
2026-07-07T17:36:41.555616+00:00,#1870,egypt_champion_yes,0.01665
2026-07-07T17:36:41.555616+00:00,#1871,egypt_champion_no,0.98335
2026-07-07T17:36:45.544383+00:00,#7510,Argentina,0.157905
2026-07-07T17:36:45.544383+00:00,#7511,Egypt,0.842095
2026-07-07T17:36:45.544383+00:00,#1730,argentina_champion_yes,0.037225
2026-07-07T17:36:45.544383+00:00,#1731,argentina_champion_no,0.962775
2026-07-07T17:36:45.544383+00:00,#1870,egypt_champion_yes,0.034495
2026-07-07T17:36:45.544383+00:00,#1871,egypt_champion_no,0.965505
2026-07-07T17:36:50.815984+00:00,#7510,Argentina,0.15815
2026-07-07T17:36:50.815984+00:00,#7511,Egypt,0.84185
2026-07-07T17:36:50.815984+00:00,#1730,argentina_champion_yes,0.025695
2026-07-07T17:36:50.815984+00:00,#1731,argentina_champion_no,0.974305
2026-07-07T17:36:50.815984+00:00,#1870,egypt_champion_yes,0.034495
2026-07-07T17:36:50.815984+00:00,#1871,egypt_champion_no,0.965505
2026-07-07T17:36:56.603350+00:00,#7510,Argentina,0.157945
2026-07-07T17:36:56.603350+00:00,#7511,Egypt,0.842055
2026-07-07T17:36:56.603350+00:00,#1730,argentina_champion_yes,0.025695
2026-07-07T17:36:56.603350+00:00,#1731,argentina_champion_no,0.974305
2026-07-07T17:36:56.603350+00:00,#1870,egypt_champion_yes,0.034495
2026-07-07T17:36:56.603350+00:00,#1871,egypt_champion_no,0.965505
2026-07-07T17:36:58.600323+00:00,#7510,Argentina,0.157945
2026-07-07T17:36:58.600323+00:00,#7511,Egypt,0.842055
2026-07-07T17:36:58.600323+00:00,#1730,argentina_champion_yes,0.025695
2026-07-07T17:36:58.600323+00:00,#1731,argentina_champion_no,0.974305
2026-07-07T17:36:58.600323+00:00,#1870,egypt_champion_yes,0.034495
2026-07-07T17:36:58.600323+00:00,#1871,egypt_champion_no,0.965505
2026-07-07T17:37:00.707927+00:00,#7510,Argentina,0.1592
2026-07-07T17:37:00.707927+00:00,#7511,Egypt,0.8408
2026-07-07T17:37:00.707927+00:00,#1730,argentina_champion_yes,0.025945
2026-07-07T17:37:00.707927+00:00,#1731,argentina_champion_no,0.974055
2026-07-07T17:37:00.707927+00:00,#1870,egypt_champion_yes,0.034495
2026-07-07T17:37:00.707927+00:00,#1871,egypt_champion_no,0.965505
2026-07-07T17:37:05.939844+00:00,#7510,Argentina,0.1592
2026-07-07T17:37:05.939844+00:00,#7511,Egypt,0.8408
2026-07-07T17:37:05.939844+00:00,#1730,argentina_champion_yes,0.026275
2026-07-07T17:37:05.939844+00:00,#1731,argentina_champion_no,0.973725
2026-07-07T17:37:05.939844+00:00,#1870,egypt_champion_yes,0.034495
2026-07-07T17:37:05.939844+00:00,#1871,egypt_champion_no,0.965505
2026-07-07T17:37:10.781083+00:00,#7510,Argentina,0.1592
2026-07-07T17:37:10.781083+00:00,#7511,Egypt,0.8408
2026-07-07T17:37:10.781083+00:00,#1730,argentina_champion_yes,0.02669
2026-07-07T17:37:10.781083+00:00,#1731,argentina_champion_no,0.97331
2026-07-07T17:37:10.781083+00:00,#1870,egypt_champion_yes,0.034495
2026-07-07T17:37:10.781083+00:00,#1871,egypt_champion_no,0.965505
2026-07-07T17:37:15.542115+00:00,#7510,Argentina,0.16825
2026-07-07T17:37:15.542115+00:00,#7511,Egypt,0.83175
2026-07-07T17:37:15.542115+00:00,#1730,argentina_champion_yes,0.02669
2026-07-07T17:37:15.542115+00:00,#1731,argentina_champion_no,0.97331
2026-07-07T17:37:15.542115+00:00,#1870,egypt_champion_yes,0.034495
2026-07-07T17:37:15.542115+00:00,#1871,egypt_champion_no,0.965505
2026-07-07T17:37:17.813688+00:00,#7510,Argentina,0.16825
2026-07-07T17:37:17.813688+00:00,#7511,Egypt,0.83175
2026-07-07T17:37:17.813688+00:00,#1730,argentina_champion_yes,0.02669
2026-07-07T17:37:17.813688+00:00,#1731,argentina_champion_no,0.97331
2026-07-07T17:37:17.813688+00:00,#1870,egypt_champion_yes,0.034495
2026-07-07T17:37:17.813688+00:00,#1871,egypt_champion_no,0.965505
2026-07-07T17:37:21.134844+00:00,#7510,Argentina,0.16506
2026-07-07T17:37:21.134844+00:00,#7511,Egypt,0.83494
2026-07-07T17:37:21.134844+00:00,#1730,argentina_champion_yes,0.02694
2026-07-07T17:37:21.134844+00:00,#1731,argentina_champion_no,0.97306
2026-07-07T17:37:21.134844+00:00,#1870,egypt_champion_yes,0.034495
2026-07-07T17:37:21.134844+00:00,#1871,egypt_champion_no,0.965505
2026-07-07T17:37:25.987356+00:00,#7510,Argentina,0.16129
2026-07-07T17:37:25.987356+00:00,#7511,Egypt,0.83871
2026-07-07T17:37:25.987356+00:00,#1730,argentina_champion_yes,0.027185
2026-07-07T17:37:25.987356+00:00,#1731,argentina_champion_no,0.972815
2026-07-07T17:37:25.987356+00:00,#1870,egypt_champion_yes,0.034495
2026-07-07T17:37:25.987356+00:00,#1871,egypt_champion_no,0.965505
2026-07-07T17:37:31.079360+00:00,#7510,Argentina,0.16179
2026-07-07T17:37:31.079360+00:00,#7511,Egypt,0.83821
2026-07-07T17:37:31.079360+00:00,#1730,argentina_champion_yes,0.02719
2026-07-07T17:37:31.079360+00:00,#1731,argentina_champion_no,0.97281
2026-07-07T17:37:31.079360+00:00,#1870,egypt_champion_yes,0.027045
2026-07-07T17:37:31.079360+00:00,#1871,egypt_champion_no,0.972955
2026-07-07T17:37:32.813871+00:00,#7510,Argentina,0.16179
2026-07-07T17:37:32.813871+00:00,#7511,Egypt,0.83821
2026-07-07T17:37:32.813871+00:00,#1730,argentina_champion_yes,0.02669
2026-07-07T17:37:32.813871+00:00,#1731,argentina_champion_no,0.97331
2026-07-07T17:37:32.813871+00:00,#1870,egypt_champion_yes,0.027045
2026-07-07T17:37:32.813871+00:00,#1871,egypt_champion_no,0.972955
2026-07-07T17:37:36.223587+00:00,#7510,Argentina,0.151595
2026-07-07T17:37:36.223587+00:00,#7511,Egypt,0.848405
2026-07-07T17:37:36.223587+00:00,#1730,argentina_champion_yes,0.026685
2026-07-07T17:37:36.223587+00:00,#1731,argentina_champion_no,0.973315
2026-07-07T17:37:36.223587+00:00,#1870,egypt_champion_yes,0.027045
2026-07-07T17:37:36.223587+00:00,#1871,egypt_champion_no,0.972955
2026-07-07T17:37:41.019374+00:00,#7510,Argentina,0.161445
2026-07-07T17:37:41.019374+00:00,#7511,Egypt,0.838555
2026-07-07T17:37:41.019374+00:00,#1730,argentina_champion_yes,0.026835
2026-07-07T17:37:41.019374+00:00,#1731,argentina_champion_no,0.973165
2026-07-07T17:37:41.019374+00:00,#1870,egypt_champion_yes,0.027045
2026-07-07T17:37:41.019374+00:00,#1871,egypt_champion_no,0.972955
2026-07-07T17:37:45.821739+00:00,#7510,Argentina,0.149795
2026-07-07T17:37:45.821739+00:00,#7511,Egypt,0.850205
2026-07-07T17:37:45.821739+00:00,#1730,argentina_champion_yes,0.027285
2026-07-07T17:37:45.821739+00:00,#1731,argentina_champion_no,0.972715
2026-07-07T17:37:45.821739+00:00,#1870,egypt_champion_yes,0.022545
2026-07-07T17:37:45.821739+00:00,#1871,egypt_champion_no,0.977455
2026-07-07T17:37:49.522545+00:00,#7510,Argentina,0.14958
2026-07-07T17:37:49.522545+00:00,#7511,Egypt,0.85042
2026-07-07T17:37:49.522545+00:00,#1730,argentina_champion_yes,0.027235
2026-07-07T17:37:49.522545+00:00,#1731,argentina_champion_no,0.972765
2026-07-07T17:37:49.522545+00:00,#1870,egypt_champion_yes,0.022545
2026-07-07T17:37:49.522545+00:00,#1871,egypt_champion_no,0.977455
2026-07-07T17:37:52.130373+00:00,#7510,Argentina,0.14595
2026-07-07T17:37:52.130373+00:00,#7511,Egypt,0.85405
2026-07-07T17:37:52.130373+00:00,#1730,argentina_champion_yes,0.026685
2026-07-07T17:37:52.130373+00:00,#1731,argentina_champion_no,0.973315
2026-07-07T17:37:52.130373+00:00,#1870,egypt_champion_yes,0.022545
2026-07-07T17:37:52.130373+00:00,#1871,egypt_champion_no,0.977455
2026-07-07T17:37:56.120683+00:00,#7510,Argentina,0.14591
2026-07-07T17:37:56.120683+00:00,#7511,Egypt,0.85409
2026-07-07T17:37:56.120683+00:00,#1730,argentina_champion_yes,0.026985
2026-07-07T17:37:56.120683+00:00,#1731,argentina_champion_no,0.973015
2026-07-07T17:37:56.120683+00:00,#1870,egypt_champion_yes,0.022545
2026-07-07T17:37:56.120683+00:00,#1871,egypt_champion_no,0.977455
2026-07-07T17:38:01.251906+00:00,#7510,Argentina,0.144945
2026-07-07T17:38:01.251906+00:00,#7511,Egypt,0.855055
2026-07-07T17:38:01.251906+00:00,#1730,argentina_champion_yes,0.027185
2026-07-07T17:38:01.251906+00:00,#1731,argentina_champion_no,0.972815
2026-07-07T17:38:01.251906+00:00,#1870,egypt_champion_yes,0.022545
2026-07-07T17:38:01.251906+00:00,#1871,egypt_champion_no,0.977455
2026-07-07T17:38:06.469415+00:00,#7510,Argentina,0.144945
2026-07-07T17:38:06.469415+00:00,#7511,Egypt,0.855055
2026-07-07T17:38:06.469415+00:00,#1730,argentina_champion_yes,0.037965
2026-07-07T17:38:06.469415+00:00,#1731,argentina_champion_no,0.962035
2026-07-07T17:38:06.469415+00:00,#1870,egypt_champion_yes,0.022545
2026-07-07T17:38:06.469415+00:00,#1871,egypt_champion_no,0.977455
2026-07-07T17:38:07.130208+00:00,#7510,Argentina,0.14494
2026-07-07T17:38:07.130208+00:00,#7511,Egypt,0.85506
2026-07-07T17:38:07.130208+00:00,#1730,argentina_champion_yes,0.027385
2026-07-07T17:38:07.130208+00:00,#1731,argentina_champion_no,0.972615
2026-07-07T17:38:07.130208+00:00,#1870,egypt_champion_yes,0.022545
2026-07-07T17:38:07.130208+00:00,#1871,egypt_champion_no,0.977455
2026-07-07T17:38:11.352189+00:00,#7510,Argentina,0.14837
2026-07-07T17:38:11.352189+00:00,#7511,Egypt,0.85163
2026-07-07T17:38:11.352189+00:00,#1730,argentina_champion_yes,0.038265
2026-07-07T17:38:11.352189+00:00,#1731,argentina_champion_no,0.961735
2026-07-07T17:38:11.352189+00:00,#1870,egypt_champion_yes,0.027045
2026-07-07T17:38:11.352189+00:00,#1871,egypt_champion_no,0.972955
2026-07-07T17:38:16.292463+00:00,#7510,Argentina,0.139535
2026-07-07T17:38:16.292463+00:00,#7511,Egypt,0.860465
2026-07-07T17:38:16.292463+00:00,#1730,argentina_champion_yes,0.03846
2026-07-07T17:38:16.292463+00:00,#1731,argentina_champion_no,0.96154
2026-07-07T17:38:16.292463+00:00,#1870,egypt_champion_yes,0.027045
2026-07-07T17:38:16.292463+00:00,#1871,egypt_champion_no,0.972955
2026-07-07T17:38:21.512257+00:00,#7510,Argentina,0.13864
2026-07-07T17:38:21.512257+00:00,#7511,Egypt,0.86136
2026-07-07T17:38:21.512257+00:00,#1730,argentina_champion_yes,0.03821
2026-07-07T17:38:21.512257+00:00,#1731,argentina_champion_no,0.96179
2026-07-07T17:38:21.512257+00:00,#1870,egypt_champion_yes,0.027045
2026-07-07T17:38:21.512257+00:00,#1871,egypt_champion_no,0.972955
2026-07-07T17:38:24.156647+00:00,#7510,Argentina,0.13864
2026-07-07T17:38:24.156647+00:00,#7511,Egypt,0.86136
2026-07-07T17:38:24.156647+00:00,#1730,argentina_champion_yes,0.03841
2026-07-07T17:38:24.156647+00:00,#1731,argentina_champion_no,0.96159
2026-07-07T17:38:24.156647+00:00,#1870,egypt_champion_yes,0.027045
2026-07-07T17:38:24.156647+00:00,#1871,egypt_champion_no,0.972955
2026-07-07T17:38:26.439150+00:00,#7510,Argentina,0.133415
2026-07-07T17:38:26.439150+00:00,#7511,Egypt,0.866585
2026-07-07T17:38:26.439150+00:00,#1730,argentina_champion_yes,0.03846
2026-07-07T17:38:26.439150+00:00,#1731,argentina_champion_no,0.96154
2026-07-07T17:38:26.439150+00:00,#1870,egypt_champion_yes,0.027045
2026-07-07T17:38:26.439150+00:00,#1871,egypt_champion_no,0.972955
2026-07-07T17:38:31.457916+00:00,#7510,Argentina,0.140905
2026-07-07T17:38:31.457916+00:00,#7511,Egypt,0.859095
2026-07-07T17:38:31.457916+00:00,#1730,argentina_champion_yes,0.03851
2026-07-07T17:38:31.457916+00:00,#1731,argentina_champion_no,0.96149
2026-07-07T17:38:31.457916+00:00,#1870,egypt_champion_yes,0.027045
2026-07-07T17:38:31.457916+00:00,#1871,egypt_champion_no,0.972955
2026-07-07T17:38:36.687036+00:00,#7510,Argentina,0.140915
2026-07-07T17:38:36.687036+00:00,#7511,Egypt,0.859085
2026-07-07T17:38:36.687036+00:00,#1730,argentina_champion_yes,0.037965
2026-07-07T17:38:36.687036+00:00,#1731,argentina_champion_no,0.962035
2026-07-07T17:38:36.687036+00:00,#1870,egypt_champion_yes,0.027045
2026-07-07T17:38:36.687036+00:00,#1871,egypt_champion_no,0.972955
2026-07-07T17:38:40.920337+00:00,#7510,Argentina,0.140915
2026-07-07T17:38:40.920337+00:00,#7511,Egypt,0.859085
2026-07-07T17:38:40.920337+00:00,#1730,argentina_champion_yes,0.037465
2026-07-07T17:38:40.920337+00:00,#1731,argentina_champion_no,0.962535
2026-07-07T17:38:40.920337+00:00,#1870,egypt_champion_yes,0.027045
2026-07-07T17:38:40.920337+00:00,#1871,egypt_champion_no,0.972955
2026-07-07T17:38:42.851203+00:00,#7510,Argentina,0.140915
2026-07-07T17:38:42.851203+00:00,#7511,Egypt,0.859085
2026-07-07T17:38:42.851203+00:00,#1730,argentina_champion_yes,0.037465
2026-07-07T17:38:42.851203+00:00,#1731,argentina_champion_no,0.962535
2026-07-07T17:38:42.851203+00:00,#1870,egypt_champion_yes,0.027045
2026-07-07T17:38:42.851203+00:00,#1871,egypt_champion_no,0.972955
2026-07-07T17:38:46.533643+00:00,#7510,Argentina,0.140965
2026-07-07T17:38:46.533643+00:00,#7511,Egypt,0.859035
2026-07-07T17:38:46.533643+00:00,#1730,argentina_champion_yes,0.037465
2026-07-07T17:38:46.533643+00:00,#1731,argentina_champion_no,0.962535
2026-07-07T17:38:46.533643+00:00,#1870,egypt_champion_yes,0.027045
2026-07-07T17:38:46.533643+00:00,#1871,egypt_champion_no,0.972955
2026-07-07T17:38:51.874062+00:00,#7510,Argentina,0.140965
2026-07-07T17:38:51.874062+00:00,#7511,Egypt,0.859035
2026-07-07T17:38:51.874062+00:00,#1730,argentina_champion_yes,0.037465
2026-07-07T17:38:51.874062+00:00,#1731,argentina_champion_no,0.962535
2026-07-07T17:38:51.874062+00:00,#1870,egypt_champion_yes,0.027045
2026-07-07T17:38:51.874062+00:00,#1871,egypt_champion_no,0.972955
2026-07-07T17:38:56.658573+00:00,#7510,Argentina,0.141015
2026-07-07T17:38:56.658573+00:00,#7511,Egypt,0.858985
2026-07-07T17:38:56.658573+00:00,#1730,argentina_champion_yes,0.037
2026-07-07T17:38:56.658573+00:00,#1731,argentina_champion_no,0.963
2026-07-07T17:38:56.658573+00:00,#1870,egypt_champion_yes,0.027045
2026-07-07T17:38:56.658573+00:00,#1871,egypt_champion_no,0.972955
2026-07-07T17:38:57.852613+00:00,#7510,Argentina,0.141015
2026-07-07T17:38:57.852613+00:00,#7511,Egypt,0.858985
2026-07-07T17:38:57.852613+00:00,#1730,argentina_champion_yes,0.037
2026-07-07T17:38:57.852613+00:00,#1731,argentina_champion_no,0.963
2026-07-07T17:38:57.852613+00:00,#1870,egypt_champion_yes,0.027045
2026-07-07T17:38:57.852613+00:00,#1871,egypt_champion_no,0.972955
2026-07-07T17:39:01.718603+00:00,#7510,Argentina,0.143065
2026-07-07T17:39:01.718603+00:00,#7511,Egypt,0.856935
2026-07-07T17:39:01.718603+00:00,#1730,argentina_champion_yes,0.0365
2026-07-07T17:39:01.718603+00:00,#1731,argentina_champion_no,0.9635
2026-07-07T17:39:01.718603+00:00,#1870,egypt_champion_yes,0.027045
2026-07-07T17:39:01.718603+00:00,#1871,egypt_champion_no,0.972955
2026-07-07T17:39:06.902366+00:00,#7510,Argentina,0.155905
2026-07-07T17:39:06.902366+00:00,#7511,Egypt,0.844095
2026-07-07T17:39:06.902366+00:00,#1730,argentina_champion_yes,0.0365
2026-07-07T17:39:06.902366+00:00,#1731,argentina_champion_no,0.9635
2026-07-07T17:39:06.902366+00:00,#1870,egypt_champion_yes,0.027045
2026-07-07T17:39:06.902366+00:00,#1871,egypt_champion_no,0.972955
2026-07-07T17:39:11.706548+00:00,#7510,Argentina,0.148465
2026-07-07T17:39:11.706548+00:00,#7511,Egypt,0.851535
2026-07-07T17:39:11.706548+00:00,#1730,argentina_champion_yes,0.0365
2026-07-07T17:39:11.706548+00:00,#1731,argentina_champion_no,0.9635
2026-07-07T17:39:11.706548+00:00,#1870,egypt_champion_yes,0.022545
2026-07-07T17:39:11.706548+00:00,#1871,egypt_champion_no,0.977455
2026-07-07T17:39:14.820577+00:00,#7510,Argentina,0.163755
2026-07-07T17:39:14.820577+00:00,#7511,Egypt,0.836245
2026-07-07T17:39:14.820577+00:00,#1730,argentina_champion_yes,0.0365
2026-07-07T17:39:14.820577+00:00,#1731,argentina_champion_no,0.9635
2026-07-07T17:39:14.820577+00:00,#1870,egypt_champion_yes,0.022545
2026-07-07T17:39:14.820577+00:00,#1871,egypt_champion_no,0.977455
2026-07-07T17:39:16.896552+00:00,#7510,Argentina,0.163605
2026-07-07T17:39:16.896552+00:00,#7511,Egypt,0.836395
2026-07-07T17:39:16.896552+00:00,#1730,argentina_champion_yes,0.0365
2026-07-07T17:39:16.896552+00:00,#1731,argentina_champion_no,0.9635
2026-07-07T17:39:16.896552+00:00,#1870,egypt_champion_yes,0.022545
2026-07-07T17:39:16.896552+00:00,#1871,egypt_champion_no,0.977455
2026-07-07T17:39:22.113463+00:00,#7510,Argentina,0.146365
2026-07-07T17:39:22.113463+00:00,#7511,Egypt,0.853635
2026-07-07T17:39:22.113463+00:00,#1730,argentina_champion_yes,0.03655
2026-07-07T17:39:22.113463+00:00,#1731,argentina_champion_no,0.96345
2026-07-07T17:39:22.113463+00:00,#1870,egypt_champion_yes,0.022545
2026-07-07T17:39:22.113463+00:00,#1871,egypt_champion_no,0.977455
2026-07-07T17:39:26.882491+00:00,#7510,Argentina,0.15249
2026-07-07T17:39:26.882491+00:00,#7511,Egypt,0.84751
2026-07-07T17:39:26.882491+00:00,#1730,argentina_champion_yes,0.0365
2026-07-07T17:39:26.882491+00:00,#1731,argentina_champion_no,0.9635
2026-07-07T17:39:26.882491+00:00,#1870,egypt_champion_yes,0.022545
2026-07-07T17:39:26.882491+00:00,#1871,egypt_champion_no,0.977455
2026-07-07T17:39:31.886443+00:00,#7510,Argentina,0.14725
2026-07-07T17:39:31.886443+00:00,#7511,Egypt,0.85275
2026-07-07T17:39:31.886443+00:00,#1730,argentina_champion_yes,0.0365
2026-07-07T17:39:31.886443+00:00,#1731,argentina_champion_no,0.9635
2026-07-07T17:39:31.886443+00:00,#1870,egypt_champion_yes,0.022545
2026-07-07T17:39:31.886443+00:00,#1871,egypt_champion_no,0.977455
2026-07-07T17:39:31.895727+00:00,#7510,Argentina,0.148455
2026-07-07T17:39:31.895727+00:00,#7511,Egypt,0.851545
2026-07-07T17:39:31.895727+00:00,#1730,argentina_champion_yes,0.0365
2026-07-07T17:39:31.895727+00:00,#1731,argentina_champion_no,0.9635
2026-07-07T17:39:31.895727+00:00,#1870,egypt_champion_yes,0.022545
2026-07-07T17:39:31.895727+00:00,#1871,egypt_champion_no,0.977455
2026-07-07T17:39:37.165995+00:00,#7510,Argentina,0.147255
2026-07-07T17:39:37.165995+00:00,#7511,Egypt,0.852745
2026-07-07T17:39:37.165995+00:00,#1730,argentina_champion_yes,0.03675
2026-07-07T17:39:37.165995+00:00,#1731,argentina_champion_no,0.96325
2026-07-07T17:39:37.165995+00:00,#1870,egypt_champion_yes,0.022545
2026-07-07T17:39:37.165995+00:00,#1871,egypt_champion_no,0.977455
2026-07-07T17:39:41.655906+00:00,#7510,Argentina,0.146585
2026-07-07T17:39:41.655906+00:00,#7511,Egypt,0.853415
2026-07-07T17:39:41.655906+00:00,#1730,argentina_champion_yes,0.03721
2026-07-07T17:39:41.655906+00:00,#1731,argentina_champion_no,0.96279
2026-07-07T17:39:41.655906+00:00,#1870,egypt_champion_yes,0.022545
2026-07-07T17:39:41.655906+00:00,#1871,egypt_champion_no,0.977455
2026-07-07T17:39:46.958610+00:00,#7510,Argentina,0.14411
2026-07-07T17:39:46.958610+00:00,#7511,Egypt,0.85589
2026-07-07T17:39:46.958610+00:00,#1730,argentina_champion_yes,0.0365
2026-07-07T17:39:46.958610+00:00,#1731,argentina_champion_no,0.9635
2026-07-07T17:39:46.958610+00:00,#1870,egypt_champion_yes,0.022545
2026-07-07T17:39:46.958610+00:00,#1871,egypt_champion_no,0.977455
2026-07-07T17:39:49.165014+00:00,#7510,Argentina,0.14411
2026-07-07T17:39:49.165014+00:00,#7511,Egypt,0.85589
2026-07-07T17:39:49.165014+00:00,#1730,argentina_champion_yes,0.0365
2026-07-07T17:39:49.165014+00:00,#1731,argentina_champion_no,0.9635
2026-07-07T17:39:49.165014+00:00,#1870,egypt_champion_yes,0.022545
2026-07-07T17:39:49.165014+00:00,#1871,egypt_champion_no,0.977455
2026-07-07T17:39:52.256774+00:00,#7510,Argentina,0.144125
2026-07-07T17:39:52.256774+00:00,#7511,Egypt,0.855875
2026-07-07T17:39:52.256774+00:00,#1730,argentina_champion_yes,0.03655
2026-07-07T17:39:52.256774+00:00,#1731,argentina_champion_no,0.96345
2026-07-07T17:39:52.256774+00:00,#1870,egypt_champion_yes,0.022545
2026-07-07T17:39:52.256774+00:00,#1871,egypt_champion_no,0.977455
2026-07-07T17:39:56.747109+00:00,#7510,Argentina,0.14641
2026-07-07T17:39:56.747109+00:00,#7511,Egypt,0.85359
2026-07-07T17:39:56.747109+00:00,#1730,argentina_champion_yes,0.03705
2026-07-07T17:39:56.747109+00:00,#1731,argentina_champion_no,0.96295
2026-07-07T17:39:56.747109+00:00,#1870,egypt_champion_yes,0.022545
2026-07-07T17:39:56.747109+00:00,#1871,egypt_champion_no,0.977455
2026-07-07T17:40:03.211363+00:00,#7510,Argentina,0.14641
2026-07-07T17:40:03.211363+00:00,#7511,Egypt,0.85359
2026-07-07T17:40:03.211363+00:00,#1730,argentina_champion_yes,0.037465
2026-07-07T17:40:03.211363+00:00,#1731,argentina_champion_no,0.962535
2026-07-07T17:40:03.211363+00:00,#1870,egypt_champion_yes,0.022545
2026-07-07T17:40:03.211363+00:00,#1871,egypt_champion_no,0.977455
2026-07-07T17:40:06.177550+00:00,#7510,Argentina,0.14641
2026-07-07T17:40:06.177550+00:00,#7511,Egypt,0.85359
2026-07-07T17:40:06.177550+00:00,#1730,argentina_champion_yes,0.037465
2026-07-07T17:40:06.177550+00:00,#1731,argentina_champion_no,0.962535
2026-07-07T17:40:06.177550+00:00,#1870,egypt_champion_yes,0.022545
2026-07-07T17:40:06.177550+00:00,#1871,egypt_champion_no,0.977455
2026-07-07T17:40:08.223532+00:00,#7510,Argentina,0.14641
2026-07-07T17:40:08.223532+00:00,#7511,Egypt,0.85359
2026-07-07T17:40:08.223532+00:00,#1730,argentina_champion_yes,0.037715
2026-07-07T17:40:08.223532+00:00,#1731,argentina_champion_no,0.962285
2026-07-07T17:40:08.223532+00:00,#1870,egypt_champion_yes,0.022545
2026-07-07T17:40:08.223532+00:00,#1871,egypt_champion_no,0.977455
2026-07-07T17:40:11.969030+00:00,#7510,Argentina,0.146415
2026-07-07T17:40:11.969030+00:00,#7511,Egypt,0.853585
2026-07-07T17:40:11.969030+00:00,#1730,argentina_champion_yes,0.037465
2026-07-07T17:40:11.969030+00:00,#1731,argentina_champion_no,0.962535
2026-07-07T17:40:11.969030+00:00,#1870,egypt_champion_yes,0.022545
2026-07-07T17:40:11.969030+00:00,#1871,egypt_champion_no,0.977455
2026-07-07T17:40:17.272385+00:00,#7510,Argentina,0.14144
2026-07-07T17:40:17.272385+00:00,#7511,Egypt,0.85856
2026-07-07T17:40:17.272385+00:00,#1730,argentina_champion_yes,0.03746
2026-07-07T17:40:17.272385+00:00,#1731,argentina_champion_no,0.96254
2026-07-07T17:40:17.272385+00:00,#1870,egypt_champion_yes,0.022545
2026-07-07T17:40:17.272385+00:00,#1871,egypt_champion_no,0.977455
2026-07-07T17:40:22.597006+00:00,#7510,Argentina,0.14144
2026-07-07T17:40:22.597006+00:00,#7511,Egypt,0.85856
2026-07-07T17:40:22.597006+00:00,#1730,argentina_champion_yes,0.037465
2026-07-07T17:40:22.597006+00:00,#1731,argentina_champion_no,0.962535
2026-07-07T17:40:22.597006+00:00,#1870,egypt_champion_yes,0.022545
2026-07-07T17:40:22.597006+00:00,#1871,egypt_champion_no,0.977455
2026-07-07T17:40:23.223910+00:00,#7510,Argentina,0.14144
2026-07-07T17:40:23.223910+00:00,#7511,Egypt,0.85856
2026-07-07T17:40:23.223910+00:00,#1730,argentina_champion_yes,0.037465
2026-07-07T17:40:23.223910+00:00,#1731,argentina_champion_no,0.962535
2026-07-07T17:40:23.223910+00:00,#1870,egypt_champion_yes,0.022545
2026-07-07T17:40:23.223910+00:00,#1871,egypt_champion_no,0.977455
2026-07-07T17:40:27.280027+00:00,#7510,Argentina,0.14144
2026-07-07T17:40:27.280027+00:00,#7511,Egypt,0.85856
2026-07-07T17:40:27.280027+00:00,#1730,argentina_champion_yes,0.0365
2026-07-07T17:40:27.280027+00:00,#1731,argentina_champion_no,0.9635
2026-07-07T17:40:27.280027+00:00,#1870,egypt_champion_yes,0.022545
2026-07-07T17:40:27.280027+00:00,#1871,egypt_champion_no,0.977455
2026-07-07T17:40:32.365611+00:00,#7510,Argentina,0.14144
2026-07-07T17:40:32.365611+00:00,#7511,Egypt,0.85856
2026-07-07T17:40:32.365611+00:00,#1730,argentina_champion_yes,0.0365
2026-07-07T17:40:32.365611+00:00,#1731,argentina_champion_no,0.9635
2026-07-07T17:40:32.365611+00:00,#1870,egypt_champion_yes,0.022545
2026-07-07T17:40:32.365611+00:00,#1871,egypt_champion_no,0.977455
2026-07-07T17:40:37.566422+00:00,#7510,Argentina,0.13771
2026-07-07T17:40:37.566422+00:00,#7511,Egypt,0.86229
2026-07-07T17:40:37.566422+00:00,#1730,argentina_champion_yes,0.0365
2026-07-07T17:40:37.566422+00:00,#1731,argentina_champion_no,0.9635
2026-07-07T17:40:37.566422+00:00,#1870,egypt_champion_yes,0.022545
2026-07-07T17:40:37.566422+00:00,#1871,egypt_champion_no,0.977455
2026-07-07T17:40:40.244570+00:00,#7510,Argentina,0.13771
2026-07-07T17:40:40.244570+00:00,#7511,Egypt,0.86229
2026-07-07T17:40:40.244570+00:00,#1730,argentina_champion_yes,0.0365
2026-07-07T17:40:40.244570+00:00,#1731,argentina_champion_no,0.9635
2026-07-07T17:40:40.244570+00:00,#1870,egypt_champion_yes,0.022545
2026-07-07T17:40:40.244570+00:00,#1871,egypt_champion_no,0.977455
2026-07-07T17:40:42.384193+00:00,#7510,Argentina,0.131675
2026-07-07T17:40:42.384193+00:00,#7511,Egypt,0.868325
2026-07-07T17:40:42.384193+00:00,#1730,argentina_champion_yes,0.0365
2026-07-07T17:40:42.384193+00:00,#1731,argentina_champion_no,0.9635
2026-07-07T17:40:42.384193+00:00,#1870,egypt_champion_yes,0.022545
2026-07-07T17:40:42.384193+00:00,#1871,egypt_champion_no,0.977455
2026-07-07T17:40:47.358069+00:00,#7510,Argentina,0.11684
2026-07-07T17:40:47.358069+00:00,#7511,Egypt,0.88316
2026-07-07T17:40:47.358069+00:00,#1730,argentina_champion_yes,0.0365
2026-07-07T17:40:47.358069+00:00,#1731,argentina_champion_no,0.9635
2026-07-07T17:40:47.358069+00:00,#1870,egypt_champion_yes,0.022545
2026-07-07T17:40:47.358069+00:00,#1871,egypt_champion_no,0.977455
2026-07-07T17:40:52.736563+00:00,#7510,Argentina,0.11709
2026-07-07T17:40:52.736563+00:00,#7511,Egypt,0.88291
2026-07-07T17:40:52.736563+00:00,#1730,argentina_champion_yes,0.0365
2026-07-07T17:40:52.736563+00:00,#1731,argentina_champion_no,0.9635
2026-07-07T17:40:52.736563+00:00,#1870,egypt_champion_yes,0.022545
2026-07-07T17:40:52.736563+00:00,#1871,egypt_champion_no,0.977455
2026-07-07T17:40:57.148773+00:00,#7510,Argentina,0.1164
2026-07-07T17:40:57.148773+00:00,#7511,Egypt,0.8836
2026-07-07T17:40:57.148773+00:00,#1730,argentina_champion_yes,0.0365
2026-07-07T17:40:57.148773+00:00,#1731,argentina_champion_no,0.9635
2026-07-07T17:40:57.148773+00:00,#1870,egypt_champion_yes,0.022545
2026-07-07T17:40:57.148773+00:00,#1871,egypt_champion_no,0.977455
2026-07-07T17:40:59.139397+00:00,#7510,Argentina,0.1164
2026-07-07T17:40:59.139397+00:00,#7511,Egypt,0.8836
2026-07-07T17:40:59.139397+00:00,#1730,argentina_champion_yes,0.0365
2026-07-07T17:40:59.139397+00:00,#1731,argentina_champion_no,0.9635
2026-07-07T17:40:59.139397+00:00,#1870,egypt_champion_yes,0.022545
2026-07-07T17:40:59.139397+00:00,#1871,egypt_champion_no,0.977455
2026-07-07T17:41:02.596823+00:00,#7510,Argentina,0.11285
2026-07-07T17:41:02.596823+00:00,#7511,Egypt,0.88715
2026-07-07T17:41:02.596823+00:00,#1730,argentina_champion_yes,0.0365
2026-07-07T17:41:02.596823+00:00,#1731,argentina_champion_no,0.9635
2026-07-07T17:41:02.596823+00:00,#1870,egypt_champion_yes,0.022545
2026-07-07T17:41:02.596823+00:00,#1871,egypt_champion_no,0.977455
2026-07-07T17:41:07.744037+00:00,#7510,Argentina,0.115605
2026-07-07T17:41:07.744037+00:00,#7511,Egypt,0.884395
2026-07-07T17:41:07.744037+00:00,#1730,argentina_champion_yes,0.0365
2026-07-07T17:41:07.744037+00:00,#1731,argentina_champion_no,0.9635
2026-07-07T17:41:07.744037+00:00,#1870,egypt_champion_yes,0.022545
2026-07-07T17:41:07.744037+00:00,#1871,egypt_champion_no,0.977455
2026-07-07T17:41:12.626930+00:00,#7510,Argentina,0.115605
2026-07-07T17:41:12.626930+00:00,#7511,Egypt,0.884395
2026-07-07T17:41:12.626930+00:00,#1730,argentina_champion_yes,0.0365
2026-07-07T17:41:12.626930+00:00,#1731,argentina_champion_no,0.9635
2026-07-07T17:41:12.626930+00:00,#1870,egypt_champion_yes,0.022545
2026-07-07T17:41:12.626930+00:00,#1871,egypt_champion_no,0.977455
2026-07-07T17:41:14.140075+00:00,#7510,Argentina,0.115605
2026-07-07T17:41:14.140075+00:00,#7511,Egypt,0.884395
2026-07-07T17:41:14.140075+00:00,#1730,argentina_champion_yes,0.0365
2026-07-07T17:41:14.140075+00:00,#1731,argentina_champion_no,0.9635
2026-07-07T17:41:14.140075+00:00,#1870,egypt_champion_yes,0.022545
2026-07-07T17:41:14.140075+00:00,#1871,egypt_champion_no,0.977455
2026-07-07T17:41:17.629788+00:00,#7510,Argentina,0.11727
2026-07-07T17:41:17.629788+00:00,#7511,Egypt,0.88273
2026-07-07T17:41:17.629788+00:00,#1730,argentina_champion_yes,0.0365
2026-07-07T17:41:17.629788+00:00,#1731,argentina_champion_no,0.9635
2026-07-07T17:41:17.629788+00:00,#1870,egypt_champion_yes,0.022545
2026-07-07T17:41:17.629788+00:00,#1871,egypt_champion_no,0.977455
2026-07-07T17:41:22.887979+00:00,#7510,Argentina,0.117275
2026-07-07T17:41:22.887979+00:00,#7511,Egypt,0.882725
2026-07-07T17:41:22.887979+00:00,#1730,argentina_champion_yes,0.0365
2026-07-07T17:41:22.887979+00:00,#1731,argentina_champion_no,0.9635
2026-07-07T17:41:22.887979+00:00,#1870,egypt_champion_yes,0.022545
2026-07-07T17:41:22.887979+00:00,#1871,egypt_champion_no,0.977455
2026-07-07T17:41:27.821266+00:00,#7510,Argentina,0.11107
2026-07-07T17:41:27.821266+00:00,#7511,Egypt,0.88893
2026-07-07T17:41:27.821266+00:00,#1730,argentina_champion_yes,0.0365
2026-07-07T17:41:27.821266+00:00,#1731,argentina_champion_no,0.9635
2026-07-07T17:41:27.821266+00:00,#1870,egypt_champion_yes,0.022545
2026-07-07T17:41:27.821266+00:00,#1871,egypt_champion_no,0.977455
2026-07-07T17:41:31.124784+00:00,#7510,Argentina,0.10815
2026-07-07T17:41:31.124784+00:00,#7511,Egypt,0.89185
2026-07-07T17:41:31.124784+00:00,#1730,argentina_champion_yes,0.0365
2026-07-07T17:41:31.124784+00:00,#1731,argentina_champion_no,0.9635
2026-07-07T17:41:31.124784+00:00,#1870,egypt_champion_yes,0.022545
2026-07-07T17:41:31.124784+00:00,#1871,egypt_champion_no,0.977455
2026-07-07T17:41:33.000929+00:00,#7510,Argentina,0.110915
2026-07-07T17:41:33.000929+00:00,#7511,Egypt,0.889085
2026-07-07T17:41:33.000929+00:00,#1730,argentina_champion_yes,0.0365
2026-07-07T17:41:33.000929+00:00,#1731,argentina_champion_no,0.9635
2026-07-07T17:41:33.000929+00:00,#1870,egypt_champion_yes,0.022545
2026-07-07T17:41:33.000929+00:00,#1871,egypt_champion_no,0.977455
2026-07-07T17:41:37.977733+00:00,#7510,Argentina,0.11087
2026-07-07T17:41:37.977733+00:00,#7511,Egypt,0.88913
2026-07-07T17:41:37.977733+00:00,#1730,argentina_champion_yes,0.0365
2026-07-07T17:41:37.977733+00:00,#1731,argentina_champion_no,0.9635
2026-07-07T17:41:37.977733+00:00,#1870,egypt_champion_yes,0.022545
2026-07-07T17:41:37.977733+00:00,#1871,egypt_champion_no,0.977455
2026-07-07T17:41:42.766079+00:00,#7510,Argentina,0.11092
2026-07-07T17:41:42.766079+00:00,#7511,Egypt,0.88908
2026-07-07T17:41:42.766079+00:00,#1730,argentina_champion_yes,0.0365
2026-07-07T17:41:42.766079+00:00,#1731,argentina_champion_no,0.9635
2026-07-07T17:41:42.766079+00:00,#1870,egypt_champion_yes,0.022545
2026-07-07T17:41:42.766079+00:00,#1871,egypt_champion_no,0.977455
2026-07-07T17:41:47.905973+00:00,#7510,Argentina,0.1141
2026-07-07T17:41:47.905973+00:00,#7511,Egypt,0.8859
2026-07-07T17:41:47.905973+00:00,#1730,argentina_champion_yes,0.0365
2026-07-07T17:41:47.905973+00:00,#1731,argentina_champion_no,0.9635
2026-07-07T17:41:47.905973+00:00,#1870,egypt_champion_yes,0.022545
2026-07-07T17:41:47.905973+00:00,#1871,egypt_champion_no,0.977455
2026-07-07T17:41:48.000948+00:00,#7510,Argentina,0.11092
2026-07-07T17:41:48.000948+00:00,#7511,Egypt,0.88908
2026-07-07T17:41:48.000948+00:00,#1730,argentina_champion_yes,0.0365
2026-07-07T17:41:48.000948+00:00,#1731,argentina_champion_no,0.9635
2026-07-07T17:41:48.000948+00:00,#1870,egypt_champion_yes,0.022545
2026-07-07T17:41:48.000948+00:00,#1871,egypt_champion_no,0.977455
2026-07-07T17:41:53.098733+00:00,#7510,Argentina,0.12145
2026-07-07T17:41:53.098733+00:00,#7511,Egypt,0.87855
2026-07-07T17:41:53.098733+00:00,#1730,argentina_champion_yes,0.0365
2026-07-07T17:41:53.098733+00:00,#1731,argentina_champion_no,0.9635
2026-07-07T17:41:53.098733+00:00,#1870,egypt_champion_yes,0.022545
2026-07-07T17:41:53.098733+00:00,#1871,egypt_champion_no,0.977455
2026-07-07T17:41:57.870962+00:00,#7510,Argentina,0.1183
2026-07-07T17:41:57.870962+00:00,#7511,Egypt,0.8817
2026-07-07T17:41:57.870962+00:00,#1730,argentina_champion_yes,0.0365
2026-07-07T17:41:57.870962+00:00,#1731,argentina_champion_no,0.9635
2026-07-07T17:41:57.870962+00:00,#1870,egypt_champion_yes,0.022545
2026-07-07T17:41:57.870962+00:00,#1871,egypt_champion_no,0.977455
2026-07-07T17:42:02.953971+00:00,#7510,Argentina,0.117015
2026-07-07T17:42:02.953971+00:00,#7511,Egypt,0.882985
2026-07-07T17:42:02.953971+00:00,#1730,argentina_champion_yes,0.0365
2026-07-07T17:42:02.953971+00:00,#1731,argentina_champion_no,0.9635
2026-07-07T17:42:02.953971+00:00,#1870,egypt_champion_yes,0.022545
2026-07-07T17:42:02.953971+00:00,#1871,egypt_champion_no,0.977455
2026-07-07T17:42:07.230885+00:00,#7510,Argentina,0.117295
2026-07-07T17:42:07.230885+00:00,#7511,Egypt,0.882705
2026-07-07T17:42:07.230885+00:00,#1730,argentina_champion_yes,0.0365
2026-07-07T17:42:07.230885+00:00,#1731,argentina_champion_no,0.9635
2026-07-07T17:42:07.230885+00:00,#1870,egypt_champion_yes,0.022545
2026-07-07T17:42:07.230885+00:00,#1871,egypt_champion_no,0.977455
2026-07-07T17:42:09.198631+00:00,#7510,Argentina,0.117595
2026-07-07T17:42:09.198631+00:00,#7511,Egypt,0.882405
2026-07-07T17:42:09.198631+00:00,#1730,argentina_champion_yes,0.0365
2026-07-07T17:42:09.198631+00:00,#1731,argentina_champion_no,0.9635
2026-07-07T17:42:09.198631+00:00,#1870,egypt_champion_yes,0.022545
2026-07-07T17:42:09.198631+00:00,#1871,egypt_champion_no,0.977455
2026-07-07T17:42:12.790617+00:00,#7510,Argentina,0.117045
2026-07-07T17:42:12.790617+00:00,#7511,Egypt,0.882955
2026-07-07T17:42:12.790617+00:00,#1730,argentina_champion_yes,0.0365
2026-07-07T17:42:12.790617+00:00,#1731,argentina_champion_no,0.9635
2026-07-07T17:42:12.790617+00:00,#1870,egypt_champion_yes,0.026245
2026-07-07T17:42:12.790617+00:00,#1871,egypt_champion_no,0.973755
2026-07-07T17:42:18.161492+00:00,#7510,Argentina,0.11561
2026-07-07T17:42:18.161492+00:00,#7511,Egypt,0.88439
2026-07-07T17:42:18.161492+00:00,#1730,argentina_champion_yes,0.0365
2026-07-07T17:42:18.161492+00:00,#1731,argentina_champion_no,0.9635
2026-07-07T17:42:18.161492+00:00,#1870,egypt_champion_yes,0.026245
2026-07-07T17:42:18.161492+00:00,#1871,egypt_champion_no,0.973755
2026-07-07T17:42:23.333517+00:00,#7510,Argentina,0.11144
2026-07-07T17:42:23.333517+00:00,#7511,Egypt,0.88856
2026-07-07T17:42:23.333517+00:00,#1730,argentina_champion_yes,0.0365
2026-07-07T17:42:23.333517+00:00,#1731,argentina_champion_no,0.9635
2026-07-07T17:42:23.333517+00:00,#1870,egypt_champion_yes,0.026245
2026-07-07T17:42:23.333517+00:00,#1871,egypt_champion_no,0.973755
2026-07-07T17:42:24.198892+00:00,#7510,Argentina,0.11144
2026-07-07T17:42:24.198892+00:00,#7511,Egypt,0.88856
2026-07-07T17:42:24.198892+00:00,#1730,argentina_champion_yes,0.0365
2026-07-07T17:42:24.198892+00:00,#1731,argentina_champion_no,0.9635
2026-07-07T17:42:24.198892+00:00,#1870,egypt_champion_yes,0.026245
2026-07-07T17:42:24.198892+00:00,#1871,egypt_champion_no,0.973755
2026-07-07T17:42:27.958567+00:00,#7510,Argentina,0.103605
2026-07-07T17:42:27.958567+00:00,#7511,Egypt,0.896395
2026-07-07T17:42:27.958567+00:00,#1730,argentina_champion_yes,0.0365
2026-07-07T17:42:27.958567+00:00,#1731,argentina_champion_no,0.9635
2026-07-07T17:42:27.958567+00:00,#1870,egypt_champion_yes,0.023745
2026-07-07T17:42:27.958567+00:00,#1871,egypt_champion_no,0.976255
2026-07-07T17:42:33.193993+00:00,#7510,Argentina,0.10614
2026-07-07T17:42:33.193993+00:00,#7511,Egypt,0.89386
2026-07-07T17:42:33.193993+00:00,#1730,argentina_champion_yes,0.0365
2026-07-07T17:42:33.193993+00:00,#1731,argentina_champion_no,0.9635
2026-07-07T17:42:33.193993+00:00,#1870,egypt_champion_yes,0.023745
2026-07-07T17:42:33.193993+00:00,#1871,egypt_champion_no,0.976255
2026-07-07T17:42:38.531766+00:00,#7510,Argentina,0.104345
2026-07-07T17:42:38.531766+00:00,#7511,Egypt,0.895655
2026-07-07T17:42:38.531766+00:00,#1730,argentina_champion_yes,0.0365
2026-07-07T17:42:38.531766+00:00,#1731,argentina_champion_no,0.9635
2026-07-07T17:42:38.531766+00:00,#1870,egypt_champion_yes,0.023745
2026-07-07T17:42:38.531766+00:00,#1871,egypt_champion_no,0.976255
2026-07-07T17:42:41.369169+00:00,#7510,Argentina,0.18701
2026-07-07T17:42:41.369169+00:00,#7511,Egypt,0.81299
2026-07-07T17:42:41.369169+00:00,#1730,argentina_champion_yes,0.0367
2026-07-07T17:42:41.369169+00:00,#1731,argentina_champion_no,0.9633
2026-07-07T17:42:41.369169+00:00,#1870,egypt_champion_yes,0.023745
2026-07-07T17:42:41.369169+00:00,#1871,egypt_champion_no,0.976255
2026-07-07T17:42:43.601700+00:00,#7510,Argentina,0.24839
2026-07-07T17:42:43.601700+00:00,#7511,Egypt,0.75161
2026-07-07T17:42:43.601700+00:00,#1730,argentina_champion_yes,0.03685
2026-07-07T17:42:43.601700+00:00,#1731,argentina_champion_no,0.96315
2026-07-07T17:42:43.601700+00:00,#1870,egypt_champion_yes,0.023745
2026-07-07T17:42:43.601700+00:00,#1871,egypt_champion_no,0.976255
2026-07-07T17:42:44.949008+00:00,#7510,Argentina,0.18701
2026-07-07T17:42:44.949008+00:00,#7511,Egypt,0.81299
2026-07-07T17:42:44.949008+00:00,#1730,argentina_champion_yes,0.0367
2026-07-07T17:42:44.949008+00:00,#1731,argentina_champion_no,0.9633
2026-07-07T17:42:44.949008+00:00,#1870,egypt_champion_yes,0.023745
2026-07-07T17:42:44.949008+00:00,#1871,egypt_champion_no,0.976255
2026-07-07T17:42:44.949008+00:00,#1890,france_champion_yes,0.349385
2026-07-07T17:42:44.949008+00:00,#1891,france_champion_no,0.650615
2026-07-07T17:42:53.412023+00:00,#7510,Argentina,0.207705
2026-07-07T17:42:53.412023+00:00,#7511,Egypt,0.792295
2026-07-07T17:42:53.412023+00:00,#1730,argentina_champion_yes,0.03755
2026-07-07T17:42:53.412023+00:00,#1731,argentina_champion_no,0.96245
2026-07-07T17:42:53.412023+00:00,#1870,egypt_champion_yes,0.024245
2026-07-07T17:42:53.412023+00:00,#1871,egypt_champion_no,0.975755
2026-07-07T17:42:53.412023+00:00,#1890,france_champion_yes,0.349385
2026-07-07T17:42:53.412023+00:00,#1891,france_champion_no,0.650615
2026-07-07T17:42:58.333978+00:00,#7510,Argentina,0.202395
2026-07-07T17:42:58.333978+00:00,#7511,Egypt,0.797605
2026-07-07T17:42:58.333978+00:00,#1730,argentina_champion_yes,0.03785
2026-07-07T17:42:58.333978+00:00,#1731,argentina_champion_no,0.96215
2026-07-07T17:42:58.333978+00:00,#1870,egypt_champion_yes,0.024245
2026-07-07T17:42:58.333978+00:00,#1871,egypt_champion_no,0.975755
2026-07-07T17:42:58.333978+00:00,#1890,france_champion_yes,0.349385
2026-07-07T17:42:58.333978+00:00,#1891,france_champion_no,0.650615
2026-07-07T17:43:02.528592+00:00,#7510,Argentina,0.202395
2026-07-07T17:43:02.528592+00:00,#7511,Egypt,0.797605
2026-07-07T17:43:02.528592+00:00,#1730,argentina_champion_yes,0.03785
2026-07-07T17:43:02.528592+00:00,#1731,argentina_champion_no,0.96215
2026-07-07T17:43:02.528592+00:00,#1870,egypt_champion_yes,0.024245
2026-07-07T17:43:02.528592+00:00,#1871,egypt_champion_no,0.975755
2026-07-07T17:43:02.528592+00:00,#1890,france_champion_yes,0.349385
2026-07-07T17:43:02.528592+00:00,#1891,france_champion_no,0.650615
2026-07-07T17:43:06.310049+00:00,#7510,Argentina,0.21629
2026-07-07T17:43:06.310049+00:00,#7511,Egypt,0.78371
2026-07-07T17:43:06.310049+00:00,#1730,argentina_champion_yes,0.03825
2026-07-07T17:43:06.310049+00:00,#1731,argentina_champion_no,0.96175
2026-07-07T17:43:06.310049+00:00,#1870,egypt_champion_yes,0.024245
2026-07-07T17:43:06.310049+00:00,#1871,egypt_champion_no,0.975755
2026-07-07T17:43:06.310049+00:00,#1890,france_champion_yes,0.349385
2026-07-07T17:43:06.310049+00:00,#1891,france_champion_no,0.650615
2026-07-07T17:43:08.655048+00:00,#7510,Argentina,0.20068
2026-07-07T17:43:08.655048+00:00,#7511,Egypt,0.79932
2026-07-07T17:43:08.655048+00:00,#1730,argentina_champion_yes,0.03865
2026-07-07T17:43:08.655048+00:00,#1731,argentina_champion_no,0.96135
2026-07-07T17:43:08.655048+00:00,#1870,egypt_champion_yes,0.024245
2026-07-07T17:43:08.655048+00:00,#1871,egypt_champion_no,0.975755
2026-07-07T17:43:08.655048+00:00,#1890,france_champion_yes,0.349385
2026-07-07T17:43:08.655048+00:00,#1891,france_champion_no,0.650615
2026-07-07T17:43:13.203081+00:00,#7510,Argentina,0.22711
2026-07-07T17:43:13.203081+00:00,#7511,Egypt,0.77289
2026-07-07T17:43:13.203081+00:00,#1730,argentina_champion_yes,0.03905
2026-07-07T17:43:13.203081+00:00,#1731,argentina_champion_no,0.96095
2026-07-07T17:43:13.203081+00:00,#1870,egypt_champion_yes,0.020045
2026-07-07T17:43:13.203081+00:00,#1871,egypt_champion_no,0.979955
2026-07-07T17:43:13.203081+00:00,#1890,france_champion_yes,0.349385
2026-07-07T17:43:13.203081+00:00,#1891,france_champion_no,0.650615
2026-07-07T17:43:18.264139+00:00,#7510,Argentina,0.246435
2026-07-07T17:43:18.264139+00:00,#7511,Egypt,0.753565
2026-07-07T17:43:18.264139+00:00,#1730,argentina_champion_yes,0.03955
2026-07-07T17:43:18.264139+00:00,#1731,argentina_champion_no,0.96045
2026-07-07T17:43:18.264139+00:00,#1870,egypt_champion_yes,0.020045
2026-07-07T17:43:18.264139+00:00,#1871,egypt_champion_no,0.979955
2026-07-07T17:43:18.264139+00:00,#1890,france_champion_yes,0.349385
2026-07-07T17:43:18.264139+00:00,#1891,france_champion_no,0.650615
2026-07-07T17:43:21.310650+00:00,#7510,Argentina,0.246435
2026-07-07T17:43:21.310650+00:00,#7511,Egypt,0.753565
2026-07-07T17:43:21.310650+00:00,#1730,argentina_champion_yes,0.03955
2026-07-07T17:43:21.310650+00:00,#1731,argentina_champion_no,0.96045
2026-07-07T17:43:21.310650+00:00,#1870,egypt_champion_yes,0.020045
2026-07-07T17:43:21.310650+00:00,#1871,egypt_champion_no,0.979955
2026-07-07T17:43:21.310650+00:00,#1890,france_champion_yes,0.349385
2026-07-07T17:43:21.310650+00:00,#1891,france_champion_no,0.650615
2026-07-07T17:43:23.957818+00:00,#7510,Argentina,0.281375
2026-07-07T17:43:23.957818+00:00,#7511,Egypt,0.718625
2026-07-07T17:43:23.957818+00:00,#1730,argentina_champion_yes,0.04795
2026-07-07T17:43:23.957818+00:00,#1731,argentina_champion_no,0.95205
2026-07-07T17:43:23.957818+00:00,#1870,egypt_champion_yes,0.0188
2026-07-07T17:43:23.957818+00:00,#1871,egypt_champion_no,0.9812
2026-07-07T17:43:23.957818+00:00,#1890,france_champion_yes,0.349385
2026-07-07T17:43:23.957818+00:00,#1891,france_champion_no,0.650615
2026-07-07T17:43:28.396778+00:00,#7510,Argentina,0.289255
2026-07-07T17:43:28.396778+00:00,#7511,Egypt,0.710745
2026-07-07T17:43:28.396778+00:00,#1730,argentina_champion_yes,0.04795
2026-07-07T17:43:28.396778+00:00,#1731,argentina_champion_no,0.95205
2026-07-07T17:43:28.396778+00:00,#1870,egypt_champion_yes,0.0188
2026-07-07T17:43:28.396778+00:00,#1871,egypt_champion_no,0.9812
2026-07-07T17:43:28.396778+00:00,#1890,france_champion_yes,0.349385
2026-07-07T17:43:28.396778+00:00,#1891,france_champion_no,0.650615
2026-07-07T17:43:33.400014+00:00,#7510,Argentina,0.286525
2026-07-07T17:43:33.400014+00:00,#7511,Egypt,0.713475
2026-07-07T17:43:33.400014+00:00,#1730,argentina_champion_yes,0.04795
2026-07-07T17:43:33.400014+00:00,#1731,argentina_champion_no,0.95205
2026-07-07T17:43:33.400014+00:00,#1870,egypt_champion_yes,0.0188
2026-07-07T17:43:33.400014+00:00,#1871,egypt_champion_no,0.9812
2026-07-07T17:43:33.400014+00:00,#1890,france_champion_yes,0.349385
2026-07-07T17:43:33.400014+00:00,#1891,france_champion_no,0.650615
2026-07-07T17:43:38.668927+00:00,#7510,Argentina,0.261785
2026-07-07T17:43:38.668927+00:00,#7511,Egypt,0.738215
2026-07-07T17:43:38.668927+00:00,#1730,argentina_champion_yes,0.04795
2026-07-07T17:43:38.668927+00:00,#1731,argentina_champion_no,0.95205
2026-07-07T17:43:38.668927+00:00,#1870,egypt_champion_yes,0.0188
2026-07-07T17:43:38.668927+00:00,#1871,egypt_champion_no,0.9812
2026-07-07T17:43:38.668927+00:00,#1890,france_champion_yes,0.349385
2026-07-07T17:43:38.668927+00:00,#1891,france_champion_no,0.650615
2026-07-07T17:43:38.957989+00:00,#7510,Argentina,0.256765
2026-07-07T17:43:38.957989+00:00,#7511,Egypt,0.743235
2026-07-07T17:43:38.957989+00:00,#1730,argentina_champion_yes,0.04795
2026-07-07T17:43:38.957989+00:00,#1731,argentina_champion_no,0.95205
2026-07-07T17:43:38.957989+00:00,#1870,egypt_champion_yes,0.0188
2026-07-07T17:43:38.957989+00:00,#1871,egypt_champion_no,0.9812
2026-07-07T17:43:38.957989+00:00,#1890,france_champion_yes,0.349385
2026-07-07T17:43:38.957989+00:00,#1891,france_champion_no,0.650615
2026-07-07T17:43:43.720629+00:00,#7510,Argentina,0.30187
2026-07-07T17:43:43.720629+00:00,#7511,Egypt,0.69813
2026-07-07T17:43:43.720629+00:00,#1730,argentina_champion_yes,0.048
2026-07-07T17:43:43.720629+00:00,#1731,argentina_champion_no,0.952
2026-07-07T17:43:43.720629+00:00,#1870,egypt_champion_yes,0.0188
2026-07-07T17:43:43.720629+00:00,#1871,egypt_champion_no,0.9812
2026-07-07T17:43:43.720629+00:00,#1890,france_champion_yes,0.349385
2026-07-07T17:43:43.720629+00:00,#1891,france_champion_no,0.650615
2026-07-07T17:43:48.511758+00:00,#7510,Argentina,0.30013
2026-07-07T17:43:48.511758+00:00,#7511,Egypt,0.69987
2026-07-07T17:43:48.511758+00:00,#1730,argentina_champion_yes,0.0515
2026-07-07T17:43:48.511758+00:00,#1731,argentina_champion_no,0.9485
2026-07-07T17:43:48.511758+00:00,#1870,egypt_champion_yes,0.017545
2026-07-07T17:43:48.511758+00:00,#1871,egypt_champion_no,0.982455
2026-07-07T17:43:48.511758+00:00,#1890,france_champion_yes,0.349385
2026-07-07T17:43:48.511758+00:00,#1891,france_champion_no,0.650615
2026-07-07T17:43:53.976097+00:00,#7510,Argentina,0.318725
2026-07-07T17:43:53.976097+00:00,#7511,Egypt,0.681275
2026-07-07T17:43:53.976097+00:00,#1730,argentina_champion_yes,0.0515
2026-07-07T17:43:53.976097+00:00,#1731,argentina_champion_no,0.9485
2026-07-07T17:43:53.976097+00:00,#1870,egypt_champion_yes,0.017545
2026-07-07T17:43:53.976097+00:00,#1871,egypt_champion_no,0.982455
2026-07-07T17:43:53.976097+00:00,#1890,france_champion_yes,0.349385
2026-07-07T17:43:53.976097+00:00,#1891,france_champion_no,0.650615
2026-07-07T17:43:56.451550+00:00,#7510,Argentina,0.3517
2026-07-07T17:43:56.451550+00:00,#7511,Egypt,0.6483
2026-07-07T17:43:56.451550+00:00,#1730,argentina_champion_yes,0.0515
2026-07-07T17:43:56.451550+00:00,#1731,argentina_champion_no,0.9485
2026-07-07T17:43:56.451550+00:00,#1870,egypt_champion_yes,0.017545
2026-07-07T17:43:56.451550+00:00,#1871,egypt_champion_no,0.982455
2026-07-07T17:43:56.451550+00:00,#1890,france_champion_yes,0.349385
2026-07-07T17:43:56.451550+00:00,#1891,france_champion_no,0.650615
2026-07-07T17:43:59.244885+00:00,#7510,Argentina,0.357755
2026-07-07T17:43:59.244885+00:00,#7511,Egypt,0.642245
2026-07-07T17:43:59.244885+00:00,#1730,argentina_champion_yes,0.0515
2026-07-07T17:43:59.244885+00:00,#1731,argentina_champion_no,0.9485
2026-07-07T17:43:59.244885+00:00,#1870,egypt_champion_yes,0.017545
2026-07-07T17:43:59.244885+00:00,#1871,egypt_champion_no,0.982455
2026-07-07T17:43:59.244885+00:00,#1890,france_champion_yes,0.349385
2026-07-07T17:43:59.244885+00:00,#1891,france_champion_no,0.650615
2026-07-07T17:44:03.991160+00:00,#7510,Argentina,0.325255
2026-07-07T17:44:03.991160+00:00,#7511,Egypt,0.674745
2026-07-07T17:44:03.991160+00:00,#1730,argentina_champion_yes,0.05165
2026-07-07T17:44:03.991160+00:00,#1731,argentina_champion_no,0.94835
2026-07-07T17:44:03.991160+00:00,#1870,egypt_champion_yes,0.017545
2026-07-07T17:44:03.991160+00:00,#1871,egypt_champion_no,0.982455
2026-07-07T17:44:03.991160+00:00,#1890,france_champion_yes,0.349385
2026-07-07T17:44:03.991160+00:00,#1891,france_champion_no,0.650615
2026-07-07T17:44:09.145897+00:00,#7510,Argentina,0.35196
2026-07-07T17:44:09.145897+00:00,#7511,Egypt,0.64804
2026-07-07T17:44:09.145897+00:00,#1730,argentina_champion_yes,0.0522
2026-07-07T17:44:09.145897+00:00,#1731,argentina_champion_no,0.9478
2026-07-07T17:44:09.145897+00:00,#1870,egypt_champion_yes,0.017545
2026-07-07T17:44:09.145897+00:00,#1871,egypt_champion_no,0.982455
2026-07-07T17:44:09.145897+00:00,#1890,france_champion_yes,0.349385
2026-07-07T17:44:09.145897+00:00,#1891,france_champion_no,0.650615
2026-07-07T17:44:14.080715+00:00,#7510,Argentina,0.311515
2026-07-07T17:44:14.080715+00:00,#7511,Egypt,0.688485
2026-07-07T17:44:14.080715+00:00,#1730,argentina_champion_yes,0.051
2026-07-07T17:44:14.080715+00:00,#1731,argentina_champion_no,0.949
2026-07-07T17:44:14.080715+00:00,#1870,egypt_champion_yes,0.02125
2026-07-07T17:44:14.080715+00:00,#1871,egypt_champion_no,0.97875
2026-07-07T17:44:14.080715+00:00,#1890,france_champion_yes,0.349385
2026-07-07T17:44:14.080715+00:00,#1891,france_champion_no,0.650615
2026-07-07T17:44:14.244631+00:00,#7510,Argentina,0.342185
2026-07-07T17:44:14.244631+00:00,#7511,Egypt,0.657815
2026-07-07T17:44:14.244631+00:00,#1730,argentina_champion_yes,0.052
2026-07-07T17:44:14.244631+00:00,#1731,argentina_champion_no,0.948
2026-07-07T17:44:14.244631+00:00,#1870,egypt_champion_yes,0.017545
2026-07-07T17:44:14.244631+00:00,#1871,egypt_champion_no,0.982455
2026-07-07T17:44:14.244631+00:00,#1890,france_champion_yes,0.349385
2026-07-07T17:44:14.244631+00:00,#1891,france_champion_no,0.650615
2026-07-07T17:44:19.070248+00:00,#7510,Argentina,0.346955
2026-07-07T17:44:19.070248+00:00,#7511,Egypt,0.653045
2026-07-07T17:44:19.070248+00:00,#1730,argentina_champion_yes,0.051
2026-07-07T17:44:19.070248+00:00,#1731,argentina_champion_no,0.949
2026-07-07T17:44:19.070248+00:00,#1870,egypt_champion_yes,0.02125
2026-07-07T17:44:19.070248+00:00,#1871,egypt_champion_no,0.97875
2026-07-07T17:44:19.070248+00:00,#1890,france_champion_yes,0.349385
2026-07-07T17:44:19.070248+00:00,#1891,france_champion_no,0.650615
2026-07-07T17:44:24.329363+00:00,#7510,Argentina,0.3852
2026-07-07T17:44:24.329363+00:00,#7511,Egypt,0.6148
2026-07-07T17:44:24.329363+00:00,#1730,argentina_champion_yes,0.051
2026-07-07T17:44:24.329363+00:00,#1731,argentina_champion_no,0.949
2026-07-07T17:44:24.329363+00:00,#1870,egypt_champion_yes,0.02125
2026-07-07T17:44:24.329363+00:00,#1871,egypt_champion_no,0.97875
2026-07-07T17:44:24.329363+00:00,#1890,france_champion_yes,0.349385
2026-07-07T17:44:24.329363+00:00,#1891,france_champion_no,0.650615
2026-07-07T17:44:29.119557+00:00,#7510,Argentina,0.32865
2026-07-07T17:44:29.119557+00:00,#7511,Egypt,0.67135
2026-07-07T17:44:29.119557+00:00,#1730,argentina_champion_yes,0.05115
2026-07-07T17:44:29.119557+00:00,#1731,argentina_champion_no,0.94885
2026-07-07T17:44:29.119557+00:00,#1870,egypt_champion_yes,0.02125
2026-07-07T17:44:29.119557+00:00,#1871,egypt_champion_no,0.97875
2026-07-07T17:44:29.119557+00:00,#1890,france_champion_yes,0.349385
2026-07-07T17:44:29.119557+00:00,#1891,france_champion_no,0.650615
2026-07-07T17:44:31.666392+00:00,#7510,Argentina,0.3853
2026-07-07T17:44:31.666392+00:00,#7511,Egypt,0.6147
2026-07-07T17:44:31.666392+00:00,#1730,argentina_champion_yes,0.051
2026-07-07T17:44:31.666392+00:00,#1731,argentina_champion_no,0.949
2026-07-07T17:44:31.666392+00:00,#1870,egypt_champion_yes,0.02125
2026-07-07T17:44:31.666392+00:00,#1871,egypt_champion_no,0.97875
2026-07-07T17:44:31.666392+00:00,#1890,france_champion_yes,0.349385
2026-07-07T17:44:31.666392+00:00,#1891,france_champion_no,0.650615
2026-07-07T17:44:34.225627+00:00,#7510,Argentina,0.32618
2026-07-07T17:44:34.225627+00:00,#7511,Egypt,0.67382
2026-07-07T17:44:34.225627+00:00,#1730,argentina_champion_yes,0.051
2026-07-07T17:44:34.225627+00:00,#1731,argentina_champion_no,0.949
2026-07-07T17:44:34.225627+00:00,#1870,egypt_champion_yes,0.02125
2026-07-07T17:44:34.225627+00:00,#1871,egypt_champion_no,0.97875
2026-07-07T17:44:34.225627+00:00,#1890,france_champion_yes,0.349385
2026-07-07T17:44:34.225627+00:00,#1891,france_champion_no,0.650615
2026-07-07T17:44:39.473101+00:00,#7510,Argentina,0.347125
2026-07-07T17:44:39.473101+00:00,#7511,Egypt,0.652875
2026-07-07T17:44:39.473101+00:00,#1730,argentina_champion_yes,0.05125
2026-07-07T17:44:39.473101+00:00,#1731,argentina_champion_no,0.94875
2026-07-07T17:44:39.473101+00:00,#1870,egypt_champion_yes,0.02125
2026-07-07T17:44:39.473101+00:00,#1871,egypt_champion_no,0.97875
2026-07-07T17:44:39.473101+00:00,#1890,france_champion_yes,0.349385
2026-07-07T17:44:39.473101+00:00,#1891,france_champion_no,0.650615
2026-07-07T17:44:44.109536+00:00,#7510,Argentina,0.34625
2026-07-07T17:44:44.109536+00:00,#7511,Egypt,0.65375
2026-07-07T17:44:44.109536+00:00,#1730,argentina_champion_yes,0.05175
2026-07-07T17:44:44.109536+00:00,#1731,argentina_champion_no,0.94825
2026-07-07T17:44:44.109536+00:00,#1870,egypt_champion_yes,0.02125
2026-07-07T17:44:44.109536+00:00,#1871,egypt_champion_no,0.97875
2026-07-07T17:44:44.109536+00:00,#1890,france_champion_yes,0.349385
2026-07-07T17:44:44.109536+00:00,#1891,france_champion_no,0.650615
2026-07-07T17:44:49.146825+00:00,#7510,Argentina,0.35139
2026-07-07T17:44:49.146825+00:00,#7511,Egypt,0.64861
2026-07-07T17:44:49.146825+00:00,#1730,argentina_champion_yes,0.051
2026-07-07T17:44:49.146825+00:00,#1731,argentina_champion_no,0.949
2026-07-07T17:44:49.146825+00:00,#1870,egypt_champion_yes,0.02125
2026-07-07T17:44:49.146825+00:00,#1871,egypt_champion_no,0.97875
2026-07-07T17:44:49.146825+00:00,#1890,france_champion_yes,0.349385
2026-07-07T17:44:49.146825+00:00,#1891,france_champion_no,0.650615
2026-07-07T17:44:51.595624+00:00,#7510,Argentina,0.3531
2026-07-07T17:44:51.595624+00:00,#7511,Egypt,0.6469
2026-07-07T17:44:51.595624+00:00,#1730,argentina_champion_yes,0.051
2026-07-07T17:44:51.595624+00:00,#1731,argentina_champion_no,0.949
2026-07-07T17:44:51.595624+00:00,#1870,egypt_champion_yes,0.01755
2026-07-07T17:44:51.595624+00:00,#1871,egypt_champion_no,0.98245
2026-07-07T17:44:51.595624+00:00,#1890,france_champion_yes,0.349385
2026-07-07T17:44:51.595624+00:00,#1891,france_champion_no,0.650615
2026-07-07T17:44:54.671135+00:00,#7510,Argentina,0.329995
2026-07-07T17:44:54.671135+00:00,#7511,Egypt,0.670005
2026-07-07T17:44:54.671135+00:00,#1730,argentina_champion_yes,0.0511
2026-07-07T17:44:54.671135+00:00,#1731,argentina_champion_no,0.9489
2026-07-07T17:44:54.671135+00:00,#1870,egypt_champion_yes,0.017545
2026-07-07T17:44:54.671135+00:00,#1871,egypt_champion_no,0.982455
2026-07-07T17:44:54.671135+00:00,#1890,france_champion_yes,0.349385
2026-07-07T17:44:54.671135+00:00,#1891,france_champion_no,0.650615
2026-07-07T17:44:59.221343+00:00,#7510,Argentina,0.31924
2026-07-07T17:44:59.221343+00:00,#7511,Egypt,0.68076
2026-07-07T17:44:59.221343+00:00,#1730,argentina_champion_yes,0.0516
2026-07-07T17:44:59.221343+00:00,#1731,argentina_champion_no,0.9484
2026-07-07T17:44:59.221343+00:00,#1870,egypt_champion_yes,0.017545
2026-07-07T17:44:59.221343+00:00,#1871,egypt_champion_no,0.982455
2026-07-07T17:44:59.221343+00:00,#1890,france_champion_yes,0.349385
2026-07-07T17:44:59.221343+00:00,#1891,france_champion_no,0.650615
2026-07-07T17:45:04.538653+00:00,#7510,Argentina,0.324165
2026-07-07T17:45:04.538653+00:00,#7511,Egypt,0.675835
2026-07-07T17:45:04.538653+00:00,#1730,argentina_champion_yes,0.05255
2026-07-07T17:45:04.538653+00:00,#1731,argentina_champion_no,0.94745
2026-07-07T17:45:04.538653+00:00,#1870,egypt_champion_yes,0.017545
2026-07-07T17:45:04.538653+00:00,#1871,egypt_champion_no,0.982455
2026-07-07T17:45:04.538653+00:00,#1890,france_champion_yes,0.349385
2026-07-07T17:45:04.538653+00:00,#1891,france_champion_no,0.650615
2026-07-07T17:45:06.596560+00:00,#7510,Argentina,0.324165
2026-07-07T17:45:06.596560+00:00,#7511,Egypt,0.675835
2026-07-07T17:45:06.596560+00:00,#1730,argentina_champion_yes,0.05275
2026-07-07T17:45:06.596560+00:00,#1731,argentina_champion_no,0.94725
2026-07-07T17:45:06.596560+00:00,#1870,egypt_champion_yes,0.017545
2026-07-07T17:45:06.596560+00:00,#1871,egypt_champion_no,0.982455
2026-07-07T17:45:06.596560+00:00,#1890,france_champion_yes,0.349385
2026-07-07T17:45:06.596560+00:00,#1891,france_champion_no,0.650615
2026-07-07T17:45:09.755234+00:00,#7510,Argentina,0.324165
2026-07-07T17:45:09.755234+00:00,#7511,Egypt,0.675835
2026-07-07T17:45:09.755234+00:00,#1730,argentina_champion_yes,0.053
2026-07-07T17:45:09.755234+00:00,#1731,argentina_champion_no,0.947
2026-07-07T17:45:09.755234+00:00,#1870,egypt_champion_yes,0.017545
2026-07-07T17:45:09.755234+00:00,#1871,egypt_champion_no,0.982455
2026-07-07T17:45:09.755234+00:00,#1890,france_champion_yes,0.349385
2026-07-07T17:45:09.755234+00:00,#1891,france_champion_no,0.650615
2026-07-07T17:45:14.681844+00:00,#7510,Argentina,0.327745
2026-07-07T17:45:14.681844+00:00,#7511,Egypt,0.672255
2026-07-07T17:45:14.681844+00:00,#1730,argentina_champion_yes,0.054
2026-07-07T17:45:14.681844+00:00,#1731,argentina_champion_no,0.946
2026-07-07T17:45:14.681844+00:00,#1870,egypt_champion_yes,0.017545
2026-07-07T17:45:14.681844+00:00,#1871,egypt_champion_no,0.982455
2026-07-07T17:45:14.681844+00:00,#1890,france_champion_yes,0.349385
2026-07-07T17:45:14.681844+00:00,#1891,france_champion_no,0.650615
2026-07-07T17:45:19.397320+00:00,#7510,Argentina,0.3133
2026-07-07T17:45:19.397320+00:00,#7511,Egypt,0.6867
2026-07-07T17:45:19.397320+00:00,#1730,argentina_champion_yes,0.054
2026-07-07T17:45:19.397320+00:00,#1731,argentina_champion_no,0.946
2026-07-07T17:45:19.397320+00:00,#1870,egypt_champion_yes,0.017545
2026-07-07T17:45:19.397320+00:00,#1871,egypt_champion_no,0.982455
2026-07-07T17:45:19.397320+00:00,#1890,france_champion_yes,0.349385
2026-07-07T17:45:19.397320+00:00,#1891,france_champion_no,0.650615
2026-07-07T17:45:24.156077+00:00,#7510,Argentina,0.31823
2026-07-07T17:45:24.156077+00:00,#7511,Egypt,0.68177
2026-07-07T17:45:24.156077+00:00,#1730,argentina_champion_yes,0.054
2026-07-07T17:45:24.156077+00:00,#1731,argentina_champion_no,0.946
2026-07-07T17:45:24.156077+00:00,#1870,egypt_champion_yes,0.017545
2026-07-07T17:45:24.156077+00:00,#1871,egypt_champion_no,0.982455
2026-07-07T17:45:24.156077+00:00,#1890,france_champion_yes,0.349385
2026-07-07T17:45:24.156077+00:00,#1891,france_champion_no,0.650615
2026-07-07T17:45:26.439230+00:00,#7510,Argentina,0.31829
2026-07-07T17:45:26.439230+00:00,#7511,Egypt,0.68171
2026-07-07T17:45:26.439230+00:00,#1730,argentina_champion_yes,0.054
2026-07-07T17:45:26.439230+00:00,#1731,argentina_champion_no,0.946
2026-07-07T17:45:26.439230+00:00,#1870,egypt_champion_yes,0.016545
2026-07-07T17:45:26.439230+00:00,#1871,egypt_champion_no,0.983455
2026-07-07T17:45:26.439230+00:00,#1890,france_champion_yes,0.349385
2026-07-07T17:45:26.439230+00:00,#1891,france_champion_no,0.650615
2026-07-07T17:45:29.959119+00:00,#7510,Argentina,0.3259
2026-07-07T17:45:29.959119+00:00,#7511,Egypt,0.6741
2026-07-07T17:45:29.959119+00:00,#1730,argentina_champion_yes,0.054
2026-07-07T17:45:29.959119+00:00,#1731,argentina_champion_no,0.946
2026-07-07T17:45:29.959119+00:00,#1870,egypt_champion_yes,0.016545
2026-07-07T17:45:29.959119+00:00,#1871,egypt_champion_no,0.983455
2026-07-07T17:45:29.959119+00:00,#1890,france_champion_yes,0.349385
2026-07-07T17:45:29.959119+00:00,#1891,france_champion_no,0.650615
2026-07-07T17:45:34.905877+00:00,#7510,Argentina,0.339055
2026-07-07T17:45:34.905877+00:00,#7511,Egypt,0.660945
2026-07-07T17:45:34.905877+00:00,#1730,argentina_champion_yes,0.0565
2026-07-07T17:45:34.905877+00:00,#1731,argentina_champion_no,0.9435
2026-07-07T17:45:34.905877+00:00,#1870,egypt_champion_yes,0.013995
2026-07-07T17:45:34.905877+00:00,#1871,egypt_champion_no,0.986005
2026-07-07T17:45:34.905877+00:00,#1890,france_champion_yes,0.349385
2026-07-07T17:45:34.905877+00:00,#1891,france_champion_no,0.650615
2026-07-07T17:45:40.120134+00:00,#7510,Argentina,0.35302
2026-07-07T17:45:40.120134+00:00,#7511,Egypt,0.64698
2026-07-07T17:45:40.120134+00:00,#1730,argentina_champion_yes,0.0565
2026-07-07T17:45:40.120134+00:00,#1731,argentina_champion_no,0.9435
2026-07-07T17:45:40.120134+00:00,#1870,egypt_champion_yes,0.0095
2026-07-07T17:45:40.120134+00:00,#1871,egypt_champion_no,0.9905
2026-07-07T17:45:40.120134+00:00,#1890,france_champion_yes,0.349385
2026-07-07T17:45:40.120134+00:00,#1891,france_champion_no,0.650615
2026-07-07T17:45:41.439958+00:00,#7510,Argentina,0.31649
2026-07-07T17:45:41.439958+00:00,#7511,Egypt,0.68351
2026-07-07T17:45:41.439958+00:00,#1730,argentina_champion_yes,0.0565
2026-07-07T17:45:41.439958+00:00,#1731,argentina_champion_no,0.9435
2026-07-07T17:45:41.439958+00:00,#1870,egypt_champion_yes,0.0095
2026-07-07T17:45:41.439958+00:00,#1871,egypt_champion_no,0.9905
2026-07-07T17:45:41.439958+00:00,#1890,france_champion_yes,0.349385
2026-07-07T17:45:41.439958+00:00,#1891,france_champion_no,0.650615
2026-07-07T17:45:45.001463+00:00,#7510,Argentina,0.35546
2026-07-07T17:45:45.001463+00:00,#7511,Egypt,0.64454
2026-07-07T17:45:45.001463+00:00,#1730,argentina_champion_yes,0.0565
2026-07-07T17:45:45.001463+00:00,#1731,argentina_champion_no,0.9435
2026-07-07T17:45:45.001463+00:00,#1870,egypt_champion_yes,0.0095
2026-07-07T17:45:45.001463+00:00,#1871,egypt_champion_no,0.9905
2026-07-07T17:45:45.001463+00:00,#1890,france_champion_yes,0.349385
2026-07-07T17:45:45.001463+00:00,#1891,france_champion_no,0.650615
2026-07-07T17:45:49.776924+00:00,#7510,Argentina,0.36072
2026-07-07T17:45:49.776924+00:00,#7511,Egypt,0.63928
2026-07-07T17:45:49.776924+00:00,#1730,argentina_champion_yes,0.0565
2026-07-07T17:45:49.776924+00:00,#1731,argentina_champion_no,0.9435
2026-07-07T17:45:49.776924+00:00,#1870,egypt_champion_yes,0.0095
2026-07-07T17:45:49.776924+00:00,#1871,egypt_champion_no,0.9905
2026-07-07T17:45:49.776924+00:00,#1890,france_champion_yes,0.349385
2026-07-07T17:45:49.776924+00:00,#1891,france_champion_no,0.650615
2026-07-07T17:45:55.348558+00:00,#7510,Argentina,0.358645
2026-07-07T17:45:55.348558+00:00,#7511,Egypt,0.641355
2026-07-07T17:45:55.348558+00:00,#1730,argentina_champion_yes,0.0565
2026-07-07T17:45:55.348558+00:00,#1731,argentina_champion_no,0.9435
2026-07-07T17:45:55.348558+00:00,#1870,egypt_champion_yes,0.0095
2026-07-07T17:45:55.348558+00:00,#1871,egypt_champion_no,0.9905
2026-07-07T17:45:55.348558+00:00,#1890,france_champion_yes,0.349385
2026-07-07T17:45:55.348558+00:00,#1891,france_champion_no,0.650615
2026-07-07T17:45:58.707568+00:00,#7510,Argentina,0.358645
2026-07-07T17:45:58.707568+00:00,#7511,Egypt,0.641355
2026-07-07T17:45:58.707568+00:00,#1730,argentina_champion_yes,0.0565
2026-07-07T17:45:58.707568+00:00,#1731,argentina_champion_no,0.9435
2026-07-07T17:45:58.707568+00:00,#1870,egypt_champion_yes,0.0095
2026-07-07T17:45:58.707568+00:00,#1871,egypt_champion_no,0.9905
2026-07-07T17:45:58.707568+00:00,#1890,france_champion_yes,0.349385
2026-07-07T17:45:58.707568+00:00,#1891,france_champion_no,0.650615
2026-07-07T17:46:01.146736+00:00,#7510,Argentina,0.339985
2026-07-07T17:46:01.146736+00:00,#7511,Egypt,0.660015
2026-07-07T17:46:01.146736+00:00,#1730,argentina_champion_yes,0.0565
2026-07-07T17:46:01.146736+00:00,#1731,argentina_champion_no,0.9435
2026-07-07T17:46:01.146736+00:00,#1870,egypt_champion_yes,0.0095
2026-07-07T17:46:01.146736+00:00,#1871,egypt_champion_no,0.9905
2026-07-07T17:46:01.146736+00:00,#1890,france_champion_yes,0.349385
2026-07-07T17:46:01.146736+00:00,#1891,france_champion_no,0.650615
2026-07-07T17:46:05.080182+00:00,#7510,Argentina,0.3349
2026-07-07T17:46:05.080182+00:00,#7511,Egypt,0.6651
2026-07-07T17:46:05.080182+00:00,#1730,argentina_champion_yes,0.0565
2026-07-07T17:46:05.080182+00:00,#1731,argentina_champion_no,0.9435
2026-07-07T17:46:05.080182+00:00,#1870,egypt_champion_yes,0.0095
2026-07-07T17:46:05.080182+00:00,#1871,egypt_champion_no,0.9905
2026-07-07T17:46:05.080182+00:00,#1890,france_champion_yes,0.349385
2026-07-07T17:46:05.080182+00:00,#1891,france_champion_no,0.650615
2026-07-07T17:46:10.358697+00:00,#7510,Argentina,0.32501
2026-07-07T17:46:10.358697+00:00,#7511,Egypt,0.67499
2026-07-07T17:46:10.358697+00:00,#1730,argentina_champion_yes,0.0565
2026-07-07T17:46:10.358697+00:00,#1731,argentina_champion_no,0.9435
2026-07-07T17:46:10.358697+00:00,#1870,egypt_champion_yes,0.0095
2026-07-07T17:46:10.358697+00:00,#1871,egypt_champion_no,0.9905
2026-07-07T17:46:10.358697+00:00,#1890,france_champion_yes,0.349385
2026-07-07T17:46:10.358697+00:00,#1891,france_champion_no,0.650615
2026-07-07T17:46:15.197921+00:00,#7510,Argentina,0.33004
2026-07-07T17:46:15.197921+00:00,#7511,Egypt,0.66996
2026-07-07T17:46:15.197921+00:00,#1730,argentina_champion_yes,0.059
2026-07-07T17:46:15.197921+00:00,#1731,argentina_champion_no,0.941
2026-07-07T17:46:15.197921+00:00,#1870,egypt_champion_yes,0.0095
2026-07-07T17:46:15.197921+00:00,#1871,egypt_champion_no,0.9905
2026-07-07T17:46:15.197921+00:00,#1890,france_champion_yes,0.349385
2026-07-07T17:46:15.197921+00:00,#1891,france_champion_no,0.650615
2026-07-07T17:46:16.146716+00:00,#7510,Argentina,0.33004
2026-07-07T17:46:16.146716+00:00,#7511,Egypt,0.66996
2026-07-07T17:46:16.146716+00:00,#1730,argentina_champion_yes,0.059
2026-07-07T17:46:16.146716+00:00,#1731,argentina_champion_no,0.941
2026-07-07T17:46:16.146716+00:00,#1870,egypt_champion_yes,0.0095
2026-07-07T17:46:16.146716+00:00,#1871,egypt_champion_no,0.9905
2026-07-07T17:46:16.146716+00:00,#1890,france_champion_yes,0.349385
2026-07-07T17:46:16.146716+00:00,#1891,france_champion_no,0.650615
2026-07-07T17:46:20.131565+00:00,#7510,Argentina,0.32506
2026-07-07T17:46:20.131565+00:00,#7511,Egypt,0.67494
2026-07-07T17:46:20.131565+00:00,#1730,argentina_champion_yes,0.0575
2026-07-07T17:46:20.131565+00:00,#1731,argentina_champion_no,0.9425
2026-07-07T17:46:20.131565+00:00,#1870,egypt_champion_yes,0.0095
2026-07-07T17:46:20.131565+00:00,#1871,egypt_champion_no,0.9905
2026-07-07T17:46:20.131565+00:00,#1890,france_champion_yes,0.349385
2026-07-07T17:46:20.131565+00:00,#1891,france_champion_no,0.650615
2026-07-07T17:46:25.378339+00:00,#7510,Argentina,0.32135
2026-07-07T17:46:25.378339+00:00,#7511,Egypt,0.67865
2026-07-07T17:46:25.378339+00:00,#1730,argentina_champion_yes,0.0575
